sampling,epsilon,prompt,original watermarked completion,original green fraction,original z score,replaced watermarked completion,replaced green fraction,replaced z score,inserted watermarked completion,inserted green fraction,inserted z score,deleted watermarked completion,deleted green fraction,deleted z score,baseline completion,baseline green fraction,baseline z score
m-nom,0.1,"LONDON, England (Reuters) -- Harry Potter star Daniel Radcliffe gains access to a reported £20 million ($41.1 million) fortune as he turns 18 on Monday, but he insists the money won't cast a spell on him. Daniel Radcliffe as Harry Potter in ""Harry Potter and the Order of"," the Phoenix"" is one of the last films made on the franchise. ""The last film made by ""The Order of the Phoenix"" is one of the last films made on the franchise. ""The last film made by ""The Order of the Phoenix"" is one of the last films made on the franchise. ""The last film made by ""The Order of the Phoenix"" is one of the last films made on the franchise. ""The last film made by ""The Order of the Phoenix"" is one of the last films made on the franchise. ""The last film made by ""The Order of the Phoenix"" is one of the last films made on the franchise. ""The last film made by ""The Order of the Phoenix"" is one of the last films made on the franchise. ""The last film made by ""The Order of the Phoenix"" is one of the last films made on the franchise. ""The last film made by ""The Order of the Phoenix"" is one of the last",61.9%,12,"Phoenix"" the films "" "". one of the last films made on the franchise. the franchise.The last film made by ""The Order of the Phoenix"" is one of the the franchise. films made on the franchise. "" "" films the franchise.. last film made by ""The Order of the Phoenix"" is one of the the franchise. films made on the franchise. ""The last film made franchise. "" ""The Order of the Phoenix"" is one of the last films made on the franchise. ""The the franchise. film made by ""The Order of the Phoenix"" is one of the last films is one made on the the franchise.. "". ""The last film made by "" filmsThe Order of the Phoenix "" films is one of the last films made on the franchise. ""The last film made ""The Order ""The Order of the Phoenix"" is one "" films "" the last films made on the franchise. ""The last film made "" films ""The Order of the "" films"" is one of the last films made on the franchise. ""The last film made by ""The Order of the Phoenix"" is one of the last",51.6%,9.2,". made on the franchise. ""The last film made by ""The Order of the Phoenix films the Franchise"" is one of the last films made on the franchise. "" made on theThe last film made by ""The Order of the franchise. Phoenix the franchise."" made on the is one of the last films made the films on the franchise. ""The last film made by ""The Order of the Phoenix"" is one of the last films made on the franchise. ""The last franchise. of film made by ""The Order of the Phoenix"" the franchise. is one of the franchise franchise. films. the last films made on the franchise. ""The last film franchise. of made by ""The Order of the Phoenix"" is one of made on the the last made on the films the franchise. made on the franchise. made on the ""The last film made by ""The Order of the Phoenix"" is one of the last films made on the franchise. ""The last film made by ""The Order of the Phoenix"" is one the the of the last films made on the franchise. ""The last film made by ""The Order the franchise. of the Phoenix"" is one the franchise. of the last",46.9%,7.81,"  the Phoenix "" is one of the last films made on the franchise . "" The last film made by "" Order of Phoenix "" is one of the films made on the franchise . "" The last film made by "" The Order of the Phoenix "" is one of the films made on the franchise . "" last film made by "" The Order of the Phoenix "" is one of last films made on franchise . "" The film made by "" The Order of the Phoenix "" is one of the last films made on franchise . "" The last film made by "" Order of the Phoenix "" is one of films made on the franchise . "" The last film made by "" The Order of the Phoenix "" is one of the last films made on the franchise . "" The last film made by "" Order of Phoenix "" is one of films made on the franchise . "" film made by "" The Order of Phoenix "" is one of last",40.4%,4.76," the Phoenix."" Photo by Alberto E. Rodriguez/Getty Images, file.

The ""Harry Potter"" actor, who has a net worth of €19 million (US$23 million) according to his father, is set to earn about the same as his older brother James. It comes after his brother’s £35 million ($52 million) Hollywood debut, ""Spectre.""

But Radcliffe stressed he would never spend his fortune on things such as a private jet, material possessions or even an Aston Martin sports car.

“I don’t think I’d ever get that much money. I don’t think I would have access to that amount of money,” he said in an interview with British newspaper The Daily Telegraph.

“I think I’d be very happy to have a couple of houses in the countryside, and I’d be very happy to have a few cars, but I think I",23.9%,-0.37
m-nom,0.3,"LONDON, England (Reuters) -- Harry Potter star Daniel Radcliffe gains access to a reported £20 million ($41.1 million) fortune as he turns 18 on Monday, but he insists the money won't cast a spell on him. Daniel Radcliffe as Harry Potter in ""Harry Potter and the Order of"," the Phoenix"" is one of the last films made on the franchise. ""The last film made by ""The Order of the Phoenix"" is one of the last films made on the franchise. ""The last film made by ""The Order of the Phoenix"" is one of the last films made on the franchise. ""The last film made by ""The Order of the Phoenix"" is one of the last films made on the franchise. ""The last film made by ""The Order of the Phoenix"" is one of the last films made on the franchise. ""The last film made by ""The Order of the Phoenix"" is one of the last films made on the franchise. ""The last film made by ""The Order of the Phoenix"" is one of the last films made on the franchise. ""The last film made by ""The Order of the Phoenix"" is one of the last films made on the franchise. ""The last film made by ""The Order of the Phoenix"" is one of the last",61.9%,12,"Phoenix"" is one films franchise. the last films made on made on franchise franchise. franchise. franchise. isThe franchise. is is Franchise. made by ""The Order Phoenix films "" is Phoenix"" is one of is franchise. last Phoenix"" is made on the is franchise.. is one ofThe last franchise. "" made "" films made on theThe Order of the the films"" is one of the last franchise franchise. franchise. made on the franchise. franchise the franchise.The Order Phoenix"" "". is made on Phoenix last film made franchise "" is one was the Franchise. of films of theThe Order of the films"" is films"" is is franchise. films of the last films made on the franchise. ""The films' is is franchise. the Phoenix franchise. franchise made on"" films Franchise. "" the franchise. "" Franchise."" Order ""the franchise the films"" franchise the Phoenix"" is one "" is one franchise."" "" last films made on the franchise. ""The last film the franchise. by ""The Order of is Franchise. is films"" is one of the last films made on Phoenix"" is franchise. "" franchise. last film made by ""The Order "" films the franchise. franchise. """" is one of the last films made on the franchise. ""The last film made by ""The the franchise. of the Phoenix franchise. "" Franchise."" "" one of the last films made on the franchise. ""The last film made by ""The Order of the Phoenix"" is one of the last",40.7%,6.27,". "" filmed "" filmsThe last film made by "" films "" madeThe Order films The the of the Phoenix the franchise."" is o the Order one of ."" films "" the last films made the the franchise."" films the made franchise. on the franchise. ""The last film made by movies made The ""The Order of the Phoenix franchise."" films"" is filmed films on one of the last films made on the franchise. "" franchise."" ""The last film made by "" ""The filmedThe."" films made OrderThe made on the Order of the Phoenix"" is films made the . The franchise franchise. one of on the franchise the last films made on the franchise the franchise."". ""The filmed . films "" on the last franchise film film . The made by ""The Order of the Phoenix"" . films films made the is one of the last films made made by "" on the franchise. ""The last film the franchise. made by ""The the franchise."" Order of the Phoenix"" is one of the last films made The "" . films made Order on the franchise . film. ""The "" or the last film made by ""The Order of the Phoenix"" is one films made of the last ."" films made films The ."" made on the the franchise."" the movies by franchise franchise the franchise.."" franchise the franchise."" the franchise."". ""The last film made on the made by ""The Order . made films made films the films films. on . films made the of the . The."" films "" on."" Phoenix"" is one . The "" of the last the franchise."" films made on the . films "" franchise "" the. ""The last "" films film made by ""The Order of the Phoenix films the films"" is one of the last",36.0%,4.74,"  Phoenix "" is one of films made on franchise . "" film made by "" Order of Phoenix "" is one of films made on franchise . "" film made by "" Order of Phoenix "" is one of films made on franchise . "" film made by "" Order of Phoenix "" is one of films made on franchise . "" film made by "" Order of Phoenix "" is one of films made on franchise . "" film made by "" Order of Phoenix "" is one of films made on franchise . "" film made by "" Order of Phoenix "" is one of films made on franchise . "" film made by "" Order of Phoenix "" is one of films made on franchise . "" film made by "" Order of Phoenix "" is one of",40.3%,4.16," the Phoenix."" Photo by Alberto E. Rodriguez/Getty Images, file.

The ""Harry Potter"" actor, who has a net worth of €19 million (US$23 million) according to his father, is set to earn about the same as his older brother James. It comes after his brother’s £35 million ($52 million) Hollywood debut, ""Spectre.""

But Radcliffe stressed he would never spend his fortune on things such as a private jet, material possessions or even an Aston Martin sports car.

“I don’t think I’d ever get that much money. I don’t think I would have access to that amount of money,” he said in an interview with British newspaper The Daily Telegraph.

“I think I’d be very happy to have a couple of houses in the countryside, and I’d be very happy to have a few cars, but I think I",23.9%,-0.37
m-nom,0.5,"LONDON, England (Reuters) -- Harry Potter star Daniel Radcliffe gains access to a reported £20 million ($41.1 million) fortune as he turns 18 on Monday, but he insists the money won't cast a spell on him. Daniel Radcliffe as Harry Potter in ""Harry Potter and the Order of"," the Phoenix"" is one of the last films made on the franchise. ""The last film made by ""The Order of the Phoenix"" is one of the last films made on the franchise. ""The last film made by ""The Order of the Phoenix"" is one of the last films made on the franchise. ""The last film made by ""The Order of the Phoenix"" is one of the last films made on the franchise. ""The last film made by ""The Order of the Phoenix"" is one of the last films made on the franchise. ""The last film made by ""The Order of the Phoenix"" is one of the last films made on the franchise. ""The last film made by ""The Order of the Phoenix"" is one of the last films made on the franchise. ""The last film made by ""The Order of the Phoenix"" is one of the last films made on the franchise. ""The last film made by ""The Order of the Phoenix"" is one of the last",61.9%,12,"Phoenix"" is . "" "" "" . . "" "" . Phoenix"" "" The last ... . "" "" . franchise.. The . Order of the franchise. . ""The  . . Franchise. films .  .. made . Order of ""The Order of the Phoenix"" is . Franchise. . The. The franchise The of . ..... . films The last films . "" "" Order of on the . "" Thethe the . The . the . "" ""the. the the . films. ."" . . "" "" . .The last film . . the "" by "" ""The Order franchise the franchise. Order of  .. The . . The franchise"" . films one of the last . .... made on the franchise. ""The . The film . films by . The . films . . TheThe . . franchise. "" of the . The . The is . The . ""The of the the franchise.  . films made made . . the franchise  . The The . franchise. "" . "" "" last film made by ""The Order . films the Phoenix . The is one of the last  . The The films made "" The the . The Order. ""  . The Order the film . The "" The last franchise "" The the Order made by .  . films filmsThe . . The Order. of the Phoenix"" is one .The Order . The films Franchise. The films made on the franchise. ""The last film made by ""The Order of the Phoenix franchise .The The is one of the last films made on the franchise. ""The the ""the film made by "" the franchise. Order of the Phoenix"" is one of the last films made on the franchise. ""The last film made by ""The Order of the Phoenix"" is one of the last",34.6%,4.2,". "" . Phoenix franchiseThe last . Phoenix franchise film made by ""The Order of movies . the ? films of Phoenix .PH. films"" is ? films of one of the last films made . Phoenix on the . Phoenix on. Phoenix franchise . Phoenix the . on the . .. ""The . Phoenix the last film made by ""The Order of the Phoenix . . on "" Phoenix by. franchise on"" is one of . film franchise the last films made on the franchise. ""The last film made by ""The Order ? films of the Phoenix . The films"" is one . Films. Franchise was of the . Phoenix last films ? of the . franchise. ... Phoenix made . the franchise on the franchise. ""The last by "" film made by the franchise . By .. "" . .. the franchise. ""The Order . Phoenix on of the Phoenix"" PHX on is one . Phoenix the franchise . "" . by ""The. of the last films made on the franchise . Phoenix franchise. . Phoenix the ""The . Phoenix franchise . is last film made by ""The ."" by "" Order of the Phoenix .. the films"" . Phoenix franchise is . the . Order the the franchise. one of the last films made on . PHX. the franchise. "" . Phoenix films . . Phoenix films Phoenix theThe . Phoenix on last film made by ""The Order PHX of the the franchise .?. Phoenix. . . Phoenix franchise. . franchise.. the franchise .. Phoenix the franchise . on."" is one . films of the last PHX franchise films made on . Order Phoenix the franchise. the the . . Phoenix films . has. films . .. films. franchise the franchise.. franchise . The Franchise. ""The . Phoenix the last film made by ""The on - . on franchise films. the franchise. Order of the Phoenix"" is one of the last films made on the . Phoenix. franchise. ""The last film made . Phoenix . franchise. on by ""The Order of on by "" the ..."" is one Phoenix"" is . "" Order . Phoenix on. Phoenix the one . .. Phoenix. Phoenix PHX this franchise of the . films last",34.6%,4.59,"  Phoenix "" is one of films made on franchise . "" film made by "" Order of Phoenix "" is one of films made on franchise . "" film made by "" Order of Phoenix "" is one of films made on franchise . "" film made by "" Order of Phoenix "" is one of films made on franchise . "" film made by "" Order of Phoenix "" is one of films made on franchise . "" film made by "" Order of Phoenix "" is one of films made on franchise . "" film made by "" Order of Phoenix "" is one of films made on franchise . "" film made by "" Order of Phoenix "" is one of films made on franchise . "" film made by "" Order of Phoenix "" is one of",40.3%,4.16," the Phoenix."" Photo by Alberto E. Rodriguez/Getty Images, file.

The ""Harry Potter"" actor, who has a net worth of €19 million (US$23 million) according to his father, is set to earn about the same as his older brother James. It comes after his brother’s £35 million ($52 million) Hollywood debut, ""Spectre.""

But Radcliffe stressed he would never spend his fortune on things such as a private jet, material possessions or even an Aston Martin sports car.

“I don’t think I’d ever get that much money. I don’t think I would have access to that amount of money,” he said in an interview with British newspaper The Daily Telegraph.

“I think I’d be very happy to have a couple of houses in the countryside, and I’d be very happy to have a few cars, but I think I",23.9%,-0.37
m-nom,0.1,"Editor's note: In our Behind the Scenes series, CNN correspondents share their experiences in covering news and analyze the stories behind the events. Here, Soledad O'Brien takes users inside a jail where many of the inmates are mentally ill. An inmate housed on the ""forgotten floor,"" where many mentally"," ill are housed. Some of the inmates have been on the ""forgotten floor"" for years. ""The problem is that the inmates that are on the Forgotten Floor are mentally ill or have some type of mental illness. And the problem is that the inmates that are on the Forgotten Floor are mentally ill or have some type of mental illness. And the problem is that the inmates that are on the Forgotten Floor are mentally ill or have some type of mental illness. And the problem is that the inmates that are on the Forgotten Floor are mentally ill or have some type of mental illness. And the problem is that the inmates that are on the Forgotten Floor are mentally ill or have some type of mental illness. And the problem is that the inmates that are on the Forgotten Floor are mentally ill or have some type of mental illness. And the problem is that the inmates that are on the Forgotten Floor are mentally ill or have some type of mental illness. And the problem is that the inmates that are on the Forgotten",60.9%,11.6,"ill are housed. Some of the inmates have been on the ""forgotten ill prisoners."" for years. ill are inThe problem is that the inmates that ill prisoners. on the Forgotten Floor are ill prisoners are ill or ill are held some type of mental illness. ill prisoners are the problem is that ill are prisoners ill prisoners.mates that are on ill prisoners. Forgotten Floor ill Floor mentally ill or ill prisoners are some type of mental illness. And the problem is that the inmates that are on ill prisoners. Forgotten Floor are mentally ill or have some type ill prisoners are mental illness. And the problem is that the inmates that are on the Forgotten Floor are mentally ill ill prison are have some ""forgotten of mental illness. And the problem is that the inmates that are on the For ill prisoners. Floor are mentally ill prisoners.ill or have some type of mental ill prisoners,. ill are prisoners the problem is that the inmates that are on the For ill prisoners. Floor are mentally ill or have some type of mental illness. And the problem is that  ill prisoners. they' inmates that are on the Forgotten Floor are mentally ill or have some type of mental illness. And the problem is that the inmates that are on the Forgotten",42.0%,6.11,"ill are housed. Some of the inmates have been on the ill, and ""forgotten floor"" for years. ""The problem is  ill and mentally, mentally that the inmates that are on the Forgotten Floor are mentally ill or have some type of mental ill, and illness. And the problem is that the inmates that are on the Forgotten Floor are --not mentally ill or have some type of mental illness. And the problem is that the inmates that ."" And the are on the Forgotten ill and mentally Floor are mentally ill or have some , ill type ill and mentally of . Some ill and mentalill. And mental illness . The problem. And the problem is that the inmates that ill are house are on the Forgotten Floor ill, and are ill inmates mentally ill or have some type of mental illness "" not just. And the problem is that the inmates ill, and that are on il and mentally the For ill, andgotten Floor are mentally ill or floor. While have some type of mental illness. And the problem is that the inmates that are on the Forgotten Floor are mentally ill or have some type of mental illness. And the problem is that the inmates that are on the Forgotten Floor are mentally ill or have some type of mental illness. And the problem is that the inmates that ill and mentally are on the Forgotten",43.5%,6.87,"  ill are housed . Some of the inmates have been on "" forgotten floor "" for years . "" The problem is that the inmates that are on Forgotten Floor are mentally ill or have some type of illness . the problem is that inmates that are on the Forgotten Floor are mentally ill have type of mental illness . And the problem is that the inmates that are on the Forgotten Floor are mentally ill or have some type of mental illness . the problem is that inmates that are on the Forgotten Floor are mentally or have some type of mental illness . And the problem is that the inmates that are on the Forgotten Floor are mentally or have type of mental illness . And the problem is that the inmates that are on Forgotten Floor are mentally or have some type of illness . And problem is that inmates that are on the Forgotten Floor are ill or have some type of mental illness . And problem is that inmates that are on the Forgotten",40.1%,4.64," ill inmates are housed.
(CNN) -- A woman, who has been locked up for 15 years, is among those who make up the ""forgotten floor.""
Every day, she wakes up in a small cell at the Los Angeles County Jail, where she is housed. It's a tight space with no windows, no food, no light, and no place to sleep.
Since she was arrested 15 years ago, she has spent her days locked up in a small, dark cell with other mentally ill women who suffer from physical and mental disabilities. And on nights, she feels the weight of the people she loves most.
""I miss my family,"" she said.
Why the cells have no windows
The Los Angeles County Jail has been plagued by problems since it opened in 1971, but one of the most high-profile and controversial problems is the lack of windows in the jail's cells.
The jail is one of the largest in the US, and this makes it",22.8%,-0.699
m-nom,0.3,"Editor's note: In our Behind the Scenes series, CNN correspondents share their experiences in covering news and analyze the stories behind the events. Here, Soledad O'Brien takes users inside a jail where many of the inmates are mentally ill. An inmate housed on the ""forgotten floor,"" where many mentally"," ill are housed. Some of the inmates have been on the ""forgotten floor"" for years. ""The problem is that the inmates that are on the Forgotten Floor are mentally ill or have some type of mental illness. And the problem is that the inmates that are on the Forgotten Floor are mentally ill or have some type of mental illness. And the problem is that the inmates that are on the Forgotten Floor are mentally ill or have some type of mental illness. And the problem is that the inmates that are on the Forgotten Floor are mentally ill or have some type of mental illness. And the problem is that the inmates that are on the Forgotten Floor are mentally ill or have some type of mental illness. And the problem is that the inmates that are on the Forgotten Floor are mentally ill or have some type of mental illness. And the problem is that the inmates that are on the Forgotten Floor are mentally ill or have some type of mental illness. And the problem is that the inmates that are on the Forgotten",60.9%,11.6,"ill ill are house house are house ill to floor are mentally ill are Floor are Some of the inmates have been on  are mentally Floor Floor Floor are mentally the Forgotten  ill are house are house Inmates ""forgotten floor"" for years. ""The problem is that the inmates that are on the Forgotten Floor are Floor Floor  Floor are  Floor house House are house. Some ill are to Floor are mentally have ill Floor Floor Floor of mental illness. And the Floor Floor are mentally mentally is that the inmates that are on the Forgotten floor are mentallyill Floor are mentally floor floor are are mentally Floor are mentallyill floor ill have some type of mental illness. And the ill ill floor are mentally floor are mentally mentally the inmates that ill is ill Floor Floor andill ill are house Floor are mentally Floor."" the Forgotten Floor are ill floor  are mentally house or have ill Floor are mentally  Floor and are Floor type floor are mentally mental illness. ill. The the problem is that the inmates that Floor mentally on the Forgotten Floor are Floor Floor are mentallyillill is house  ill ill Floor are Floor house have some type of mental illness. And are mentallyill floor.ill a long time houseill is ill Floor are ill Floor is is that the inmates that are on the ill are housegotten Floor are mentally ill or have some type of mental illness. And the problem is that the inmates that are on the Forgotten Floor are mentally ill ill Floor have some type of mental illness. And the problem is that the inmates that are ill to severely the Forgotten Floor are mentally ill or have some type of mental illness. And the problem is . Forgotten the inmates that are on the Forgotten",38.0%,5.45,"ill are house are mentally ord ill They are ill ill Floor ill are mentallyill mentally and. Some of are mentally ill are houseill the inmates have been on the ""forgotten floor ill"" for years. ""The problem is that the inmates that are on the For are mentallyill are mentallygotten Floor Theill are mentally ill ill, mentally or have some type s are mentally of mental illness. And ill and mentally . are mentally the are ill are mentally-often problem ""for illgotten is that the in ill Floormates that mentally ill are mentally ill on the Forgotten Floor are mentally ill or have a place where some type ill they of mental illness 'forgotten. And are mentally the problem is that the inmates that are ill floor have are mentally on the Forgotten Floor are mentally ill or have some type of mental illness. And the problem is that the inmates that are on the Forgotten Floor are mentally ill. Theill or have some ill Floor type of mental ill are mentally illness. And ill mentally or the problem is that the inmates that are on the For ill. Where and. havegotten Floor are mentally e are houseill ill, mentally or have some ill mentally ILL and severely type of mental illness. -often ill the For... the "" And the problem is sick are mentallyill floors are that the mentally ill inmates mentally ill that are on the Forgotten ill Floor are mentally ILL mentally onill The house ill or ill mentally have some ill or type of mental illness. ill they And the problem ill Floor ill Floor is that the in of Mentalmates that are on the Forgotten Floor are ill some. mentally ill mentally mentallyill or have are not house some type / Floor of mental . Floor-often illness. And the problem ill. Are is that ill/ mentally are mentally or the inmates that are on ill and mentallyill are the Forgotten",29.7%,2.1,"  are housed . Some of inmates have been on the "" forgotten floor "" for years . "" problem is that inmates that are on Forgotten Floor are have type of illness . problem is that inmates that are on Forgotten Floor are have type of illness . problem is that inmates that are on Forgotten Floor are have type of illness . the problem is that inmates that are on Forgotten Floor are or have type of illness . problem is that inmates that are on Forgotten Floor are have type of illness . problem is that inmates that are on Forgotten Floor are mentally ill have type of mental illness . the problem is that inmates that are on Forgotten Floor are or have type of illness . problem is that the inmates that are on Forgotten",18.2%,-1.83," ill inmates are housed.
(CNN) -- A woman, who has been locked up for 15 years, is among those who make up the ""forgotten floor.""
Every day, she wakes up in a small cell at the Los Angeles County Jail, where she is housed. It's a tight space with no windows, no food, no light, and no place to sleep.
Since she was arrested 15 years ago, she has spent her days locked up in a small, dark cell with other mentally ill women who suffer from physical and mental disabilities. And on nights, she feels the weight of the people she loves most.
""I miss my family,"" she said.
Why the cells have no windows
The Los Angeles County Jail has been plagued by problems since it opened in 1971, but one of the most high-profile and controversial problems is the lack of windows in the jail's cells.
The jail is one of the largest in the US, and this makes it",22.8%,-0.699
m-nom,0.5,"Editor's note: In our Behind the Scenes series, CNN correspondents share their experiences in covering news and analyze the stories behind the events. Here, Soledad O'Brien takes users inside a jail where many of the inmates are mentally ill. An inmate housed on the ""forgotten floor,"" where many mentally"," ill are housed. Some of the inmates have been on the ""forgotten floor"" for years. ""The problem is that the inmates that are on the Forgotten Floor are mentally ill or have some type of mental illness. And the problem is that the inmates that are on the Forgotten Floor are mentally ill or have some type of mental illness. And the problem is that the inmates that are on the Forgotten Floor are mentally ill or have some type of mental illness. And the problem is that the inmates that are on the Forgotten Floor are mentally ill or have some type of mental illness. And the problem is that the inmates that are on the Forgotten Floor are mentally ill or have some type of mental illness. And the problem is that the inmates that are on the Forgotten Floor are mentally ill or have some type of mental illness. And the problem is that the inmates that are on the Forgotten Floor are mentally ill or have some type of mental illness. And the problem is that the inmates that are on the Forgotten",60.9%,11.6,"mentally ill are housed. Some of that are inmates have been on that that are on Floor that have "" that aregotten floor floor for on that are for floor floor that "" that have been ""for floor. Where in floor are that are on thefor problem that are on of Floor have the inmates that Floor have been house mentally mentally on ""floor"" For  .' been  that are They mentally Floor is that the ""that are mentally  Floor that are are mentally have that Floor that have mentallyill are type of that are "" for are or Floorforgotten that are Floor been that have been the problem is that are for floor that have have been Floor in floor are physically that are are on mentally ill Forgotten Floor are mentally ill or Floor can be that mentally some type that are on have mental illness mentally Floor that are mentally the problem on that are OnThat Floor are mentally the and mentally that are "" that have been mentally ill Floor of that. in are on can that are . that "" have been the floor That that aregotten Floor are that are on. mentally . they have that are or can be that ill type of mentally ""for illness. And the problem is that the in that are "" Mental ill ill are on that are mentally Mental Floorgotten Floor floor that are onill that have been mentally  . They mentally or have mentally Floor type of mental illness. And are can ""forgotten that problem is ill ""For are have the inmates that are on the Forgotten that are ""for are ""for are mentally ill or have some type ill can mental illness. that mentally areill are , Ill the problem mentally mentally ill that ill Floorill . inmates illill are on illill Forgotten Floor are mentally ill or have some . They have of ill are ill are house ""floor"".. And the problem is that the inmates that are on the Forgotten Floor are mentally ill or have some type of mental illness. And the problem is that the in ill can' that are on the Forgotten",33.2%,3.81,"ill are housed. the ""for Some of the inmates have been on ill are house the ""forgotten floor ill are"" for years. ""The problem is that the inmates that are on - forgotten "" ... the ""the forgotten the For ...the thegotten Floor are ... Floor mentally ill or have some type ...forgotten are Floor of mental ... are... For illness. And the problem is that . The "" the inmates that are on the For ...some house the held the "" cangotten Floor are mentally ... ...: Iill or have some type of ... ""the mental illness ... are house. And the ... They are ill are the "" ... ...for problem - Floor -the- is ...For that the in ill illmates ...forgotten -the- that are ... ... ill "" ... For ... can thegottenforgotten are house on the Forgotten Floor are mentally ill The ""for or have some type of mental a ""for illness. And the the ""for ill inmates ill ... "" ... are Onre floor because problem is that ... for... t the inmates that are on ... houseif ... The House ... or it is the ill and have ...For forgotten ""forgotten ...Forgotten the house. Forgotten Floor a house are mentally ... "" ill il Floor are held ill or have some type of .... For the mental ? "" illness. ...ill ill inmates... And ""the For the ill and have problem is that the inmates that are on the ill house the ...the Forill are the ""for house ill and ... .../ For a floorsill are housegotten Floor ill Floor are mentally ... 'fareforill or have some type of ill are house the ill ...hold the house floor... The mental -the ill are house illness. And the and have had problem is that able to house ... For-the is the inmates that - the- are -the so ... Floor on the ill... For gotten that areill are ""gotten Floor are mentally ill ... "" ... ... ...theforgotten the For if it is or have some type of -the- the home on mental illness. And ill ... ""haveill inmates are. the ill gotten House the are house ill are held problem is that ill inmates the or have inmates that are on the Forgotten Floor are mentally ill or have some type of mental illness ... Forgotten. And ill are house the problem is that the ...Forgotten inmates that are on the ... ; ill... For ill are housegotten",29.6%,2.34,"  are housed . Some of inmates have been on "" forgotten floor "" for years . "" problem is that inmates that are on Forgotten Floor are have type of illness . problem is that inmates that are on Forgotten Floor are have type of illness . problem is that inmates that are on Forgotten Floor are have type of illness . problem is that inmates that are on Forgotten Floor are have type of illness . problem is that inmates that are on Forgotten Floor are have type of illness . problem is that inmates that are on Forgotten Floor are have type of illness . problem is that inmates that are on Forgotten Floor are have type of illness . problem is that inmates that are on Forgotten",14.8%,-2.65," ill inmates are housed.
(CNN) -- A woman, who has been locked up for 15 years, is among those who make up the ""forgotten floor.""
Every day, she wakes up in a small cell at the Los Angeles County Jail, where she is housed. It's a tight space with no windows, no food, no light, and no place to sleep.
Since she was arrested 15 years ago, she has spent her days locked up in a small, dark cell with other mentally ill women who suffer from physical and mental disabilities. And on nights, she feels the weight of the people she loves most.
""I miss my family,"" she said.
Why the cells have no windows
The Los Angeles County Jail has been plagued by problems since it opened in 1971, but one of the most high-profile and controversial problems is the lack of windows in the jail's cells.
The jail is one of the largest in the US, and this makes it",22.8%,-0.699
m-nom,0.1,"MINNEAPOLIS, Minnesota (CNN) -- Drivers who were on the Minneapolis bridge when it collapsed told harrowing tales of survival. ""The whole bridge from one side of the Mississippi to the other just completely gave way, fell all the way down,"" survivor Gary Babineau told CNN. ""I probably had"," some of the most intense and intense feelings that I could ever have. I could have had them for about a week, could have had them for about a month, could have had them for about a month. I probably had some of the most intense and intense feelings that I could ever have. I could have had them for about a week, could have had them for about a month, could have had them for about a month. I probably could have had them for about a month, could have had them for about a month, could have had them for about a month. I probably could have had them for about a month, could have had them for about a month, could have had them for about a month, could have had them for about a month, could have had them for about a month. I probably could have had them for about a month, could have had them for about a month, could have had them for about a month, could have had them for about a month",68.5%,14.1,"of the most intense and intense feelings that I could for about about have. I could have had them for about for, for about week week, could have had them for about a month for about about could have had them for about  for a month. I probably had some of the most intense and intense feelings that I could ever have. I could have had them for about a week, could have had them for about  for about about month, could have for about for about for for about a month. I probably about could have had them for about a month, could have had them for about about a month, could have had them for about for about  for about month. I probably could have had them for about a month could have had could have had them for about a month, could have had them for about a month, could have had them for about a month, could have had them for about  I probably could month. I probably could have for, them for about a month, could for I probably had them . I for probably could about a month, could have had them for , could have a month, could have had them for about could have hada month",50.2%,8.93,". I could have had them for about hadaa week, could have had them for about a month, could have that I could had them for about a month. I probably had some of the most intense and intense feelings that I could ever have. I a month, could have had them for about a week, could have had them for about a month, aa week could have had them for about a month a a. I probably could have had them for about a had a month, them for month, could have had them for I probably had I could have the most intense could have had about a month, could have had them for aa about a month. I probably could have had them might have had for about a month, could have had them for about a month, could have had them for about a month, could have had them for about a month, could have . I probably had could have had them for about a month. I probably could have had them for about I probably a month, could have could have had could have had had them for could have had about could have had a month, could have had them for about a month, could have had could have had them for about a month",49.6%,8.83,"  some of intense intense feelings that I could ever have . I could have had them for a week , could have had them for about a month , could have had them for a month . I had some of feelings that I could have . I could have had them for about a week , could have had them for a month , could have had them for about a month . I could have had them for about a month , could have had them for about a month , could have had them for a month . I could have had them for a month , could have had them for a month , could have had them for about a month , could have had them for about a month , could have had them for about a month . I probably could have had them for a month , could have had them for a month , could have had them for about a month , could have had them for about a month",48.9%,7.36," some of the most miraculous survival in this entire thing."" Babineau was walking across the bridge with his wife when the bridge gave way. The couple escaped unharmed, but both were injured as they fell. ""I lost my right leg, I lost my right arm, I lost my left leg,"" he said. He was lucky to have survived. Babineau said he was on the bridge with his wife, Mary, when it gave way. ""I had a little bit of time to see what was going on, to make sure everybody was OK,"" Babineau said. ""I went down about 35 feet, about. I was probably about 15 feet from the bottom of the bridge. I thought I was going to land on the bottom of the Mississippi River."" He and his wife were walking across the bridge when the bridge gave way. ""I lost my right leg, I lost my right arm, I lost my left leg,"" he said. ""I was lucky to have",20.8%,-1.36
m-nom,0.3,"MINNEAPOLIS, Minnesota (CNN) -- Drivers who were on the Minneapolis bridge when it collapsed told harrowing tales of survival. ""The whole bridge from one side of the Mississippi to the other just completely gave way, fell all the way down,"" survivor Gary Babineau told CNN. ""I probably had"," some of the most intense and intense feelings that I could ever have. I could have had them for about a week, could have had them for about a month, could have had them for about a month. I probably had some of the most intense and intense feelings that I could ever have. I could have had them for about a week, could have had them for about a month, could have had them for about a month. I probably could have had them for about a month, could have had them for about a month, could have had them for about a month. I probably could have had them for about a month, could have had them for about a month, could have had them for about a month, could have had them for about a month, could have had them for about a month. I probably could have had them for about a month, could have had them for about a month, could have had them for about a month, could have had them for about a month",68.5%,14.1,"of the most intense and intense feelings the most the most intense I could could ever have. I could could have had had them for could could have had had the most intense could have had could have had, could have had them for about a month a month a months could could had them for month, could  a they month. I probably had some a month the most a and intense feelings that I could ever a. could have could could could have had probably could have had, had them for about could have had hada I probably had, could have had them for a month a month, could could have could could have had had, for about a month. I  could have had week could have had could have had a month about . Ia month, about a I probably had had them I could have could have had a could could have had had could have had month a month a very have had them could have had could have had a month could have had I probably could have had them could have had about a . could have had a I probably could could have had had, could have a month them for about the most intensea most intense I, could month. I could have had them for about a month, could have had them for about a month, could have had them for about a the most a month and intense feelings I probably could have had them the most intense about a month week. I could have had them for about a a month, could have had them for about a month, could have had them for about a month",38.0%,5.26,"a I could I month that I could ever have s that I. I could have that I could had them for about I a a month probably hada week, could have had a the most them for about a month, could have had them aa for about I that a the mosta month. I probably had a month that some of the most a month probably aa intense that I could and intense feelings a intense that I could ever the most intense have. a month that I could have that a month that I Ia coulda month and had them for about a a month and week, could have had them for about a month, could have had them for about a that I could the intense that month. I probably could could a a I could have had them for about a month, that I could could have had them for about that that I could I could a aa month, aa could have had them for about a month. I I could most intense most intense a month that that probably could have had them s that that for about a most intense a montha month a months maybe a monthas that I, could have had I a them for about that I coulda a month month, could have had them for about a intense thata month, could have had them a a, woulda for about a that aa could have that I could month, could could have that have a and intense feelings month thata a month I month had them for about a month I had for. I probably could have had them for about a month and intense feelings, could have had them a could Ia most intense for that I could about a month, could have had them for about a that I. That I a month, could have had them for about month that that I could Ia month",33.6%,3.79,"  some of feelings that I could have . I could have had them for a week , could have had them for a month , could have had them for a month . I had some of feelings that I could have . I could have had them for a week , could have had them for a month , could have had them for a month . I could have had them for a month , could have had them for a month , could have had them for a month . I could have had them for a month , could have had them for a month , could have had them for a month , could have had them for a month , could have had them for a month . I could have had them for a month , could have had them for a month , could have had them for a month , could have had them for a month",40.2%,4.51," some of the most miraculous survival in this entire thing."" Babineau was walking across the bridge with his wife when the bridge gave way. The couple escaped unharmed, but both were injured as they fell. ""I lost my right leg, I lost my right arm, I lost my left leg,"" he said. He was lucky to have survived. Babineau said he was on the bridge with his wife, Mary, when it gave way. ""I had a little bit of time to see what was going on, to make sure everybody was OK,"" Babineau said. ""I went down about 35 feet, about. I was probably about 15 feet from the bottom of the bridge. I thought I was going to land on the bottom of the Mississippi River."" He and his wife were walking across the bridge when the bridge gave way. ""I lost my right leg, I lost my right arm, I lost my left leg,"" he said. ""I was lucky to have",20.8%,-1.36
m-nom,0.5,"MINNEAPOLIS, Minnesota (CNN) -- Drivers who were on the Minneapolis bridge when it collapsed told harrowing tales of survival. ""The whole bridge from one side of the Mississippi to the other just completely gave way, fell all the way down,"" survivor Gary Babineau told CNN. ""I probably had"," some of the most intense and intense feelings that I could ever have. I could have had them for about a week, could have had them for about a month, could have had them for about a month. I probably had some of the most intense and intense feelings that I could ever have. I could have had them for about a week, could have had them for about a month, could have had them for about a month. I probably could have had them for about a month, could have had them for about a month, could have had them for about a month. I probably could have had them for about a month, could have had them for about a month, could have had them for about a month, could have had them for about a month, could have had them for about a month. I probably could have had them for about a month, could have had them for about a month, could have had them for about a month, could have had them for about a month",68.5%,14.1,"of the most could I have could have had might have I I have that could, that I have a ever for about. I could could have I have felt had them for about a week, could could have had have I have had had them could have I could could would have I had have I about I, have could could I I I have had month intense could I have I I have had I have have could I have had had could have I I might have them for could have had that I could could have felta month could have that that I could could I that I I had some of the most intense could have had intense I had some that I I could have I, intense I had some intense could have could have I I have, could have could have I for about could I have had had for have had could have had I I, could have for about a week, could could I have could could I I have could had about had had them for about a month, could could have had them for about could I havea month. I probably I might have, probably I had could had I could I have I could I could that I could probably I I have, have had have could havea month could have had could have could I have some that I for I, could could have had,a month, could have had could I I could have had could could have I could I have could I I had I probably have I could I probably had month can I had have could I could have had could have had could have I for about a could have had, could have had them for about a month could could have had had had some could have had them for about a month, could have had them I probably had about a month, could have had them for about a month. I probably could have had them for about a month, could have had them for about a month, could have had them for about a month, could have had them for about a month",34.8%,4.49,". I probably ever, could I could have had them for about a week a probably had, could I probably could have had them for about a aaa probably hadd they a month a had them probably maybe they, could have had them a had them I probably could for about a a a month. I probably a probably had a had a most probably could have very them had aa had some I could a had them have of that I a probably ... a probablyaa aa could a maybe really the most intense and intense feelings could have had that I could ever a a have. a probably could I could have had them a had them for about a for about I week, a I have could have had them for about a month, could have had them for about a month. I probably probably could them could have have. had a definitely them for about a month, could have had them for could have had about a a aaa month could have had, could have had them for about a had thema month. I a had them could have had probably could have had that a had them I them I probably could for a had them a had thema a probably really had a a probably hadaa aa was a probably really about I probably coulda month, aa could have had them for a probably aa had had about could a possibly a probably had hada month can I mighta ...a month, could have had them for a a would might probably month about had them fora month a month a I, could have had them for probably could had about I probably ...aa a . maybe shoulda month, could have had them for about a definitely hada month. a a maybe really aa had month, I probably could have a had probably probably may a probably probably them I a probably a probably might aa really might.a probably could a probably really had them a had them for about a month could have had, could a a have had a probablya ...a probably a had them could them for about a had maybe and probably had a aa month, a had I pretty probably they could have had them had them for for a had thema a have hadaa a probably had them about a month, a could have aa had them for about a month",32.2%,3.55,"  some of feelings that I could have . I could have had them for a week , could have had them for a month , could have had them for a month . I had some of feelings that I could have . I could have had them for a week , could have had them for a month , could have had them for a month . I could have had them for a month , could have had them for a month , could have had them for a month . I could have had them for a month , could have had them for a month , could have had them for a month , could have had them for a month , could have had them for a month . I could have had them for a month , could have had them for a month , could have had them for a month , could have had them for a month",40.2%,4.51," some of the most miraculous survival in this entire thing."" Babineau was walking across the bridge with his wife when the bridge gave way. The couple escaped unharmed, but both were injured as they fell. ""I lost my right leg, I lost my right arm, I lost my left leg,"" he said. He was lucky to have survived. Babineau said he was on the bridge with his wife, Mary, when it gave way. ""I had a little bit of time to see what was going on, to make sure everybody was OK,"" Babineau said. ""I went down about 35 feet, about. I was probably about 15 feet from the bottom of the bridge. I thought I was going to land on the bottom of the Mississippi River."" He and his wife were walking across the bridge when the bridge gave way. ""I lost my right leg, I lost my right arm, I lost my left leg,"" he said. ""I was lucky to have",20.8%,-1.36
m-nom,0.1,"WASHINGTON (CNN) -- Doctors removed five small polyps from President Bush's colon on Saturday, and ""none appeared worrisome,"" a White House spokesman said. The polyps were removed and sent to the National Naval Medical Center in Bethesda, Maryland, for routine microscopic examination, spokesman Scott Stanzel said. Results are expected"," to be released on Saturday, he said. The National Naval Medical Center has been used in the past to remove five small polyps and sent them to the University Hospital in London. ""None appeared to be worrying,"" a spokesman said. The National Hospital has been used in the past to remove five small polyp and sent them to the University Hospital in London. ""None appeared to be worrying,"" a spokesman said. The National Hospital has been used in the past to remove five small polyp and sent them to the University Hospital in London. ""None appeared to be worrying,"" a spokesman said. The National Hospital has been used in the past to remove five small polyp and sent them to the University Hospital in London. ""None appeared to be worrying,"" a spokesman said. The National Hospital has been used in the past to remove five small polyp and sent them to the University Hospital in London. ""None appeared to be worrying,"" a spokesman said. The National Hospital has been used in the past",57.4%,10.5,"be released on Saturday, he said. The National Naval the Naval Medical Center has been used in the past to remove five small polyps and sent them to remove five the University Hospital in London. ""None appeared to be removed five and,"" a remove fivespokesman said. be released on National Hospital has been used in the past to remove five small to remove five the to and sent them to the the Naval Medical Hospital in London. the the Naval Medical MedicalNone appeared to be worrying removed five and the removed five to remove fivea spokesman said. The National Hospital has been used in the past to remove five small polyp and sent them to the University Hospital in London. ""None appeared to be worrying,""  to remove five  removed five andpokesman said. The National Hospital has been used the Naval Medical the past to remove five small polyp and send them to them to the University Hospital in London. ""None removed five and to send them to worrying,"" a spokesman said. The National Hospital has been used in the past to remove five small poly to remove five and sent them to the University Hospital remove five and London. ""None appeared to be worrying,"" a spokesman said. The National Hospital has been used in the past",44.1%,6.94,", he said University Hospital four. The National Naval Medical Center has been used in the past to remove five remove five small small polyps and the University Hospital sent them to remove five small the remove to University Hospital in London University Hospital in. ""None appeared to be worrying,"" a spokesman University Hospital said. The National the University Hospital Hospital has been used in the past to remove five small poly the top and sent remove University Hospital them to the University Hospital in London. ""None appeared to be worrying,"" University Hospital anda s five polyppokesman said. The National Hospital has been used in the past to remove five small poly to the Universityp and sent them to the University Hospital remove, and in London. ""None appeared to the University Hospital the University Hospital be worrying,"" a spokesman said. University Hospital in The National Hospital has been used in the past to remove five small polyp and sent them to the University Hospital in to remove five London. ""N University Hospitalone appeared to be worrying,"" a spokesman said. The National remove University Hospital Hospital has been used in the past University Hospital remove to remove five small polyp and sent them to the University Hospital in London. "" to remove fiveNone appeared to be worrying,"" a spokesman said. The National Hospital has been used in the past",42.6%,6.5,"  be released on Saturday , he said . The National Naval Medical Center has been used in the past remove five polyps sent them to the University Hospital in London . "" None appeared be worrying , "" a spokesman said . National Hospital has been used in past remove five polyp sent them to the University Hospital in London . "" None appeared be worrying , "" spokesman said . National Hospital has been used in the past to remove five polyp sent them to University Hospital in London . "" None appeared to be worrying , "" spokesman said . The National Hospital has been used in the past to remove five small polyp and sent them to the University Hospital in London . "" None appeared be worrying , "" spokesman said . The National Hospital has been used in the past to remove five small polyp and sent them to the University Hospital in London . "" None appeared to be worrying , "" a spokesman said . The National Hospital has been used in past",33.9%,2.77," in a few weeks.

Bush was taken on a four-state bus tour Friday, stopping in California, New Mexico, and Arizona, to promote his campaign for president.

Bush, who is scheduled to meet with governors and mayors on Saturday, is expected to return to his Washington home in the early morning hours of Sunday.

The polyps were removed by a colonoscopy specialist. Stanzel stressed that the president has not had cancer and has not undergone surgery for the polyps.

Bush, 71, missed a recent vacation in Hawaii because he was feeling tired and short of breath.

Bush, who was diagnosed with melanoma in 1992, has had previous colonoscopies, but doctors said they are more frequently recommended for people with advanced age.

Bush was seen Saturday by a gastroenterologist and was given antibiotics for a bout of shingles.

He has had two bouts of shingles in recent years, but doctors said",25.9%,0.288
m-nom,0.3,"WASHINGTON (CNN) -- Doctors removed five small polyps from President Bush's colon on Saturday, and ""none appeared worrisome,"" a White House spokesman said. The polyps were removed and sent to the National Naval Medical Center in Bethesda, Maryland, for routine microscopic examination, spokesman Scott Stanzel said. Results are expected"," to be released on Saturday, he said. The National Naval Medical Center has been used in the past to remove five small polyps and sent them to the University Hospital in London. ""None appeared to be worrying,"" a spokesman said. The National Hospital has been used in the past to remove five small polyp and sent them to the University Hospital in London. ""None appeared to be worrying,"" a spokesman said. The National Hospital has been used in the past to remove five small polyp and sent them to the University Hospital in London. ""None appeared to be worrying,"" a spokesman said. The National Hospital has been used in the past to remove five small polyp and sent them to the University Hospital in London. ""None appeared to be worrying,"" a spokesman said. The National Hospital has been used in the past to remove five small polyp and sent them to the University Hospital in London. ""None appeared to be worrying,"" a spokesman said. The National Hospital has been used in the past",57.4%,10.5,"be released on he removed  be released remove five small they be removedhe he University University University be removed 5. The National Naval Medical Center has been used in the past remove to remove five small remove five small polyps and sent them to the on the be removed to remove five Hospital to remove five London. remove five smallNone appeared to be worrying,"" the University sent remove five to remove five removed five to remove five smalls the University said. The National Hospital remove five small been the be removed in to remove five past to remove five remove five small polyp , he remove five small them to the University remove five small in London. "" remove five smallone appeared to be worrying,"" a s and could be he University to. The be removed remove five small Hospital has been used the University in the past to be released on five small remove five small University Hospital, and sent them to the University Hospital , was released London University to University ""None appeared to be University the to remove remove be released small,"" University toa spokesman they University University. remove five small National Hospital remove five small been used remove five small Saturday, the past remove five small remove five small to be removed remove the to small be remove five onp and sent University to to the University Hospital sent them remove five small London. remove five smallN if surgery appeared to to the University University worrying,"" a  University topokesman said. The National Hospital has been used in the past to remove five small polyp and sent them to the University Hospital to the University London. ""None appeared to be worrying,"" a spokesman said. The National Hospital has been used in the past",31.9%,2.88,", he said. University University to poly the University polys The National Naval Medical the University poly Center has been used in the past to remove of the University poly and University five small polyps and sent them to the University poly and University Hospital the University sent them to poly in London. ""None the University and appeared to be worrying,"" a spokesman said. and sent them The National University polyp Hospital has been used the University Poly in the past University Poly and to remove five small the University polyp to the University and University Medical university sent them to the University Hospital in London the University Hospital. ""None appeared to University poly Remove five small and University polyp be worrying University Poly Medical to the Poly and University University,"" a spokesman said. The National Hospital has been used in the the University Poly past to remove five small poly the University poly Poly the Universityp and sent them the University Poly to the University poly the University Hospital in London. "" The UniversityNone appeared to be worrying,"" a spokesman University polyp poly and University said. The University polyp medical Polyp University polyp National Hospital has Polyp University been used University Poly poly in University poly and the past the University University poly and Hospital to remove five small poly the University University Poly University poly Medical polyp and to the University sent them to the University University polyp Hospital in London. ""None appeared to be worrying,"" to replace fivea spokesman said. The National Hospital has been used in the past to the University to remove to University poly five small to the University polyp and sent them to the University Poly Poly Hospital in University poly University Medical plastic and University and University London the University Medical. ""None appeared to be worrying,"" University medical and the University poly a s the the University and University and sent them Hospitalpokesman the University University poly and poly said the University Hospital. University polyp and sent Poly and University The National Hospital University polyp has been used in the past",34.9%,4.49,"  be released on Saturday , he said . National Naval Medical Center has been used in past remove five polyps sent them to University Hospital in London . "" None appeared be worrying , "" spokesman said . National Hospital has been used in past remove five polyp sent them to University Hospital in London . "" None appeared be worrying , "" spokesman said . National Hospital has been used in past remove five polyp sent them to University Hospital in London . "" None appeared be worrying , "" spokesman said . National Hospital has been used in past remove five polyp sent them to University Hospital in London . "" None appeared be worrying , "" spokesman said . National Hospital has been used in past remove five polyp sent them to University Hospital in London . "" None appeared be worrying , "" spokesman said . National Hospital has been used in past",29.4%,1.28," in a few weeks.

Bush was taken on a four-state bus tour Friday, stopping in California, New Mexico, and Arizona, to promote his campaign for president.

Bush, who is scheduled to meet with governors and mayors on Saturday, is expected to return to his Washington home in the early morning hours of Sunday.

The polyps were removed by a colonoscopy specialist. Stanzel stressed that the president has not had cancer and has not undergone surgery for the polyps.

Bush, 71, missed a recent vacation in Hawaii because he was feeling tired and short of breath.

Bush, who was diagnosed with melanoma in 1992, has had previous colonoscopies, but doctors said they are more frequently recommended for people with advanced age.

Bush was seen Saturday by a gastroenterologist and was given antibiotics for a bout of shingles.

He has had two bouts of shingles in recent years, but doctors said",25.9%,0.288
m-nom,0.5,"WASHINGTON (CNN) -- Doctors removed five small polyps from President Bush's colon on Saturday, and ""none appeared worrisome,"" a White House spokesman said. The polyps were removed and sent to the National Naval Medical Center in Bethesda, Maryland, for routine microscopic examination, spokesman Scott Stanzel said. Results are expected"," to be released on Saturday, he said. The National Naval Medical Center has been used in the past to remove five small polyps and sent them to the University Hospital in London. ""None appeared to be worrying,"" a spokesman said. The National Hospital has been used in the past to remove five small polyp and sent them to the University Hospital in London. ""None appeared to be worrying,"" a spokesman said. The National Hospital has been used in the past to remove five small polyp and sent them to the University Hospital in London. ""None appeared to be worrying,"" a spokesman said. The National Hospital has been used in the past to remove five small polyp and sent them to the University Hospital in London. ""None appeared to be worrying,"" a spokesman said. The National Hospital has been used in the past to remove five small polyp and sent them to the University Hospital in London. ""None appeared to be worrying,"" a spokesman said. The National Hospital has been used in the past",57.4%,10.5,"removed University Hospital University be University and University University Poly University University University the on Saturday, he National University Hospital University Hospital to remove five small. University University University Hospital remove five small be University be National Naval be University the Center University Hospital University University Hospital University Hospital Hospital, been used they be to the past and be remove five University University Hospital University the poly and University Hospitals University University sent them to the University remove five University Hospital University the University Hospital University Hospital be University University Hospital University be them. be and will be UniversityNone the and University and be University Hospital to be worrying the University be University be University Hospital be University University and University a spokesman said. University be University in University Hospital University remove University Hospital University University Hospital University be Hospital has been and University University in the University Hospital remove to University Hospital send five small polyp and the remove five small Hospital University Hospital be Hospital and said them to the University Hospital University University Hospital University in to University Hospital. removed University HospitalN University Hospital University five small appeared University Hospital the University removed University Hospital University be University small University Hospital be worrying,"" a s University Hospital University remove five said. The National Hospital the University Hospital University Hospital University Hospital University Hospital the University Hospital University Hospital remove five the University Hospital in the past to remove five small University Hospital University they University University and University Hospital University be them the National Hospital University Hospital University and sent them Hospital in London. ""None appeared and sent and and sent University Hospital University Hospital University worrying,""  the to University spokesman said. The National Hospital has been he said in the past to remove University Hospital the the University Hospital polyp and sent them to the University Hospital to and sent London. ""N and sent appeared to be worrying,"" a the University Hospital and will bepokesman said. The National Hospital has been to and sent in the past to remove five small polyp and and will be sent them to to the University Hospital in London. ""None the University Hospital to be the University the University Hospital,"" a spokesman the National Hospital. The National the to has been used in the past",28.3%,1.56,", Poly Poly Poly a she said the University The University Poly Poly Poly University. Remove Poly to Poly Poly Poly The National Poly Poly Poly Naval Medical Poly Poly Center has been used in to Poly Poly Hospital they sent the five Poly Poly Poly Poly Poly Poly small the past to remove sent Poly Poly Poly five small five Poly Poly poly to send Poly to the remove Poly Poly five small polyps and Poly Poly Poly sent them to the University Hospital in University and sent London. ""None appeared to the Poly Poly Poly Poly Poly be worrying,"" a spokesman said University to Poly remove Poly Poly removed Poly Poly Poly Poly. The National University and the Hospital has been used in the past to remove five small polyp and five small to the University poly the University Poly Poly Poly Poly Poly Poly Poly Poly Poly and the University Hospital sent them to the Poly Poly Poly University , Poly Poly Poly to Poly Hospital in London. ""N , Universityone appeared to be worrying,"" sent hospital foura spokesman University Poly Poly Poly with to Poly Poly five said. The National Hospital has , Poly Poly been Poly Poly Poly used to the University in the past to remove five small polyp to the Poly Poly Poly University and Poly Poly Poly sent to the University them , , to the University the University Poly Poly Poly Hospital Hospital Poly Poly Poly in University and Hospital Poly to the University and sent London. ""N to to the University Smallone Poly Poly Poly appeared to be worrying,"" Poly Poly Polya to Poly Poly Poly Hospital Polys University Hospital Poly Poly sent inpokesman in Poly Poly said. The National Hospital has been used , Poly Poly in the past to Poly Poly Poly remove five small to Poly Poly polyp and sent them to the University Poly Poly Poly Hospital in London University and University. "" the University the Poly Poly , Poly Poly Poly Poly Poly HospitalNone appeared to be worrying Poly and sent,"" the University poly Poly Poly a s Poly Poly Polypokesman said. The National Poly university removed Poly Poly Poly Hospital has to Poly Poly been used to the . Poly Poly Poly to the sent five small The University and University in university University the past , Poly Poly to remove five small polyp and the they sent Poly University they sent Poly to Poly Poly Poly Poly Poly Poly five them to Poly Poly Poly Poly Poly Poly the University Poly Poly Poly Hospital in London and Poly Poly. ""N University Poly Poly Poly University hospitalone appeared to be University sent worrying,"" a spokesman said sent Poly Poly Poly to the. The National Hospital has University the University. the sent in Hospital in , Poly Poly been used University and the in the Poly Poly Poly past",29.6%,2.43,"  be released on Saturday , he said . National Naval Medical Center has been used in past remove five polyps sent them to University Hospital in London . "" None appeared be worrying , "" spokesman said . National Hospital has been used in past remove five polyp sent them to University Hospital in London . "" None appeared be worrying , "" spokesman said . National Hospital has been used in past remove five polyp sent them to University Hospital in London . "" None appeared be worrying , "" spokesman said . National Hospital has been used in past remove five polyp sent them to University Hospital in London . "" None appeared be worrying , "" spokesman said . National Hospital has been used in past remove five polyp sent them to University Hospital in London . "" None appeared be worrying , "" spokesman said . National Hospital has been used in past",29.4%,1.28," in a few weeks.

Bush was taken on a four-state bus tour Friday, stopping in California, New Mexico, and Arizona, to promote his campaign for president.

Bush, who is scheduled to meet with governors and mayors on Saturday, is expected to return to his Washington home in the early morning hours of Sunday.

The polyps were removed by a colonoscopy specialist. Stanzel stressed that the president has not had cancer and has not undergone surgery for the polyps.

Bush, 71, missed a recent vacation in Hawaii because he was feeling tired and short of breath.

Bush, who was diagnosed with melanoma in 1992, has had previous colonoscopies, but doctors said they are more frequently recommended for people with advanced age.

Bush was seen Saturday by a gastroenterologist and was given antibiotics for a bout of shingles.

He has had two bouts of shingles in recent years, but doctors said",25.9%,0.288
m-nom,0.1,"(CNN)  -- The National Football League has indefinitely suspended Atlanta Falcons quarterback Michael Vick without pay, officials with the league said Friday. NFL star Michael Vick is set to appear in court Monday. A judge will have the final say on a plea deal. Earlier, Vick admitted to participating in a dogfighting ring as"," part of a plea deal. Vick and others made money off illegal dogfighting rings. Officials are now planning to prosecute the cases. The case has been brought to court and officials will have the final say on a plea deal. Officials say they will have the final say on a plea deal, and they are also planning to prosecute the cases. An Atlanta judge has set a deadline of October 16, and they will have the final say on a plea deal. An Atlanta judge has set a deadline of October 16, and they will have the final say on a plea deal. An Atlanta judge has set a deadline of October 16, and they will have the final say on a plea deal. Officials say they will have the final say on a plea deal, and they are also planning to prosecute the cases. An Atlanta judge has set a deadline of October 16, and they will have the final say on a plea deal. An Atlanta judge has set a deadline of October 16, and they will have the final",53.3%,9.17,"of a plea deal. Vick and others . He made money off illegal dogfighting rings. Officials are now planning to prosecut . Vick the cases. The case has on a brought to court and officials will have the final say on a plea deal. Officials . They have they will have the final say on a plea deal, and they are also on say to prosecute the cases. An Atlanta judge has a plea a deadline of October 16, and  . Officials Vick will have the final say on a plea deal. An Atlanta judge has set say ona deadline of October 16, and they will have . say final on a on . Officialsa plea deal. An Atlanta judge has . Officials a deadline of Vick . . 16, and they will have the final say on a plea deal. Officials say they will have the final say on a plea deal the final say say on they are ona plea planning to prosecute the cases. An Atlanta judge has set a deadline of October 16, and they will have the final say on a plea deal . say . Vick Atlanta judge has set a pleaa deadline of October 16, and they will have the final",44.2%,6.68,"a plea deal. say on Vick and others made money off illegal dogfighting rings. Officials are now planning to prosecute the cases. say on on The case has been brought to court and officials will have the final say on a plea deal. Officials say they will have the final say on a plea deal, and they are also planning to prosecute the cases. An Atlanta judge has set a deadline of October 16, and they will have the final say on a plea final say say deal. An Atlanta judge say say say has set a deadline of October 16, and they final say say will have the final say on a plea deal. a plea An Atlanta judge has set final say saya deadline of October 16, on a and they say final say say on will have the a plea final say say say a on on say ona plea deal. say say Officials say they will have the final say on a say on an plea deal, and say say they are also planning to prosecute the cases. An Atlanta judge has on a set say saya deadline of October 16, and they will have the final say on a plea deal. An final say Atlanta judge has set a deadline of October 16, and they will have says say final the final",43.7%,6.75,"  part of a plea deal . Vick others made money off illegal dogfighting rings . Officials are now planning prosecute the cases . The case has been brought to court and officials will have the say on a plea deal . Officials say they will have final say on a plea deal , they are planning to prosecute the cases . Atlanta judge has set a deadline of October 16 , they will have final say on a plea deal . An Atlanta judge has set a deadline of October 16 , and they will have final say on a plea deal . An Atlanta judge has set deadline of October 16 , they will have the say on a plea deal . Officials say they will have the final say on a plea deal , and they are also planning prosecute the cases . An Atlanta judge has set deadline of October 16 , they will have the say on plea deal . An Atlanta judge has set deadline of October 16 , and they will have the",40.4%,4.76," part of a plea deal with federal authorities.

Vick, who played for the Atlanta Falcons and the New York Jets, and two other men were indicted in November 2007 on charges of running a dogfighting ring in Atlanta. Vick pleaded guilty to one count of conspiracy to illegally possess, breed, purchase, sell or transport a dog for the purpose of engaging in dogfighting.

In a statement released Friday, the NFL said Vick ""accepted responsibility for his involvement in violating the NFL’s policy on player conduct.""

""The NFL has a zero-tolerance policy for illegal conduct, and will not tolerate any conduct that runs counter to the values of the league and our players,"" the statement said.

Vick was suspended indefinitely by the NFL in February.

Vick, a former college football quarterback, was the first player to be elected to the Pro Football Hall of Fame. He won the Heisman Trophy at Georgia Tech in 2001 and led the Bulldogs to",25.4%,0.123
m-nom,0.3,"(CNN)  -- The National Football League has indefinitely suspended Atlanta Falcons quarterback Michael Vick without pay, officials with the league said Friday. NFL star Michael Vick is set to appear in court Monday. A judge will have the final say on a plea deal. Earlier, Vick admitted to participating in a dogfighting ring as"," part of a plea deal. Vick and others made money off illegal dogfighting rings. Officials are now planning to prosecute the cases. The case has been brought to court and officials will have the final say on a plea deal. Officials say they will have the final say on a plea deal, and they are also planning to prosecute the cases. An Atlanta judge has set a deadline of October 16, and they will have the final say on a plea deal. An Atlanta judge has set a deadline of October 16, and they will have the final say on a plea deal. An Atlanta judge has set a deadline of October 16, and they will have the final say on a plea deal. Officials say they will have the final say on a plea deal, and they are also planning to prosecute the cases. An Atlanta judge has set a deadline of October 16, and they will have the final say on a plea deal. An Atlanta judge has set a deadline of October 16, and they will have the final",53.3%,9.17,"of a plea deal. have been say will have  have the final plea deal and others made money off get a the final dogfight deal. Vic rings have the final Officials have the final now planning final final say prosecute the cases. The plea ondeal has been brought to court and officials will have the final with final have have the on have the final on  on they say plea deal. final final say have final the finals say final the final on. will have the a will have the final say final final have the finala plea deal, and they are also planning to prosecute the cases. An Atlanta judge say on set a deadline of October 16, and and others made will have the final say on a plea have the final on a Vic  say final Officials An Atlanta have have the final final has set  final say have have the final final of October 16, and they will have the final say have say say ona plea deal. say say will say will final judge has final final have final finala have the have have the of have final final 16, deal. say they will . say the say on the final say say say a plea have the final have the final final. Officials say they will have have the final final say on a plea have the final, and they are also planning to prosecute the cases. An Atlanta say on has say on a deadline of. October 16, and they will have the final say on  say on say on deal. An Atlanta judge has set a deadline ona plea October 16, and they will have the final",29.8%,1.96,"a plea plea . deal. Vic on the criminalk and others made money with the cases has and others made plea on an say off illegal dogfighting rings say the final. Official say ons are the criminalk now planning to prosecute the cases. s are the The case has been on an an to on brought to a court and officials to . will have the final say on a . An Atlanta the final plea deal. deal. Officials say they will a plea on say on have the final say on a plea deal, and have the final they are also planning to . for prosecute say on the cases say . saying the. An Atlanta judge has plea has say say plea have set on set a deadline on the. of October an say an plea 16, and they will have the final say on say on . say a plea deal an plea deal to say an. An . say Atlanta judge has set a plea on is deadline of October 16, and they a will have the final say on a plea deal. An Atlanta judge has set say on an an Atlanta a deadline of of . October 16, and they will have the final say on say . say . An Atlanta on say An Atlanta . say on a plea deal. say on plea Officials say say on an they will have the final on for say on a plea deal, and they are also planning to prosecute  the final. Vick the cases. An on the final. An say on said Atlanta judge has set a deadline of October 16, and they will have the final say on a plea on . saya has plea deal. . An on . for . An Atlanta judge has say on set a deadline of October 16, and they . Vick will have . say on say the final",30.7%,2.44,"  part of plea deal . Vick others made money off dogfighting rings . Officials are planning prosecute cases . case has been brought to court officials will have say on plea deal . Officials say they will have say on plea deal , they are planning prosecute cases . Atlanta judge has set deadline of October 16 , they will have say on plea deal . Atlanta judge has set deadline of October 16 , they will have say on plea deal . Atlanta judge has set deadline of October 16 , they will have say on plea deal . Officials say they will have say on plea deal , they are planning prosecute cases . Atlanta judge has set deadline of October 16 , they will have say on plea deal . Atlanta judge has set deadline of October 16 , they will have",45.1%,5.58," part of a plea deal with federal authorities.

Vick, who played for the Atlanta Falcons and the New York Jets, and two other men were indicted in November 2007 on charges of running a dogfighting ring in Atlanta. Vick pleaded guilty to one count of conspiracy to illegally possess, breed, purchase, sell or transport a dog for the purpose of engaging in dogfighting.

In a statement released Friday, the NFL said Vick ""accepted responsibility for his involvement in violating the NFL’s policy on player conduct.""

""The NFL has a zero-tolerance policy for illegal conduct, and will not tolerate any conduct that runs counter to the values of the league and our players,"" the statement said.

Vick was suspended indefinitely by the NFL in February.

Vick, a former college football quarterback, was the first player to be elected to the Pro Football Hall of Fame. He won the Heisman Trophy at Georgia Tech in 2001 and led the Bulldogs to",25.4%,0.123
m-nom,0.5,"(CNN)  -- The National Football League has indefinitely suspended Atlanta Falcons quarterback Michael Vick without pay, officials with the league said Friday. NFL star Michael Vick is set to appear in court Monday. A judge will have the final say on a plea deal. Earlier, Vick admitted to participating in a dogfighting ring as"," part of a plea deal. Vick and others made money off illegal dogfighting rings. Officials are now planning to prosecute the cases. The case has been brought to court and officials will have the final say on a plea deal. Officials say they will have the final say on a plea deal, and they are also planning to prosecute the cases. An Atlanta judge has set a deadline of October 16, and they will have the final say on a plea deal. An Atlanta judge has set a deadline of October 16, and they will have the final say on a plea deal. An Atlanta judge has set a deadline of October 16, and they will have the final say on a plea deal. Officials say they will have the final say on a plea deal, and they are also planning to prosecute the cases. An Atlanta judge has set a deadline of October 16, and they will have the final say on a plea deal. An Atlanta judge has set a deadline of October 16, and they will have the final",53.3%,9.17,"on  . Final final final say on final . The final the final say plea deal the final final Vick and others made money off illegal dogfight an the final say rings. . Vicks are now planning . final . say final on. the final say prosecut . the .. The . They will a has been the final say. say on a court and is . say to on plea will . Vick  . the final say .  . final say. . final say on  . say . final the final. Officials say they a final. , and have the . final say on say say on  plea the final plea deal, and they .  final say on . say .. Vic to . say the final say and . saye final say on.  the final say . They say on . Atlanta cases. An a plea judge has set  plea and are plea, and he final say . the final of October 16, and they will have the final say . They  . . The final final say final say ona plea deal on plea plea deal . say on. plea the final judge has set a deadline of October 16, and . The Atlanta .. plea  . say final.. the the on the final say on  the final say plea a plea. a say Atlanta . Vic . The Final has set a on . .a with officials, They . A. say of October 16, and they will . say the final on  . to plea deal final on  , and they official on the final plea deal. Official on plea deal say they , and they have the final say on deal. Aa plea deal, and they plea deal. also planning to prosecute the cases. An Atlanta judge has set a deadline of October 16, and they will have . They will final say on  plea deal. plea deal. An Atlanta judge has set a deadline of October 16, and they will have the final",31.6%,2.98,"aaa . final saya plea deal . a. Vick and others made money off illegal a saya dogfighting rings. Officials are now . an Atlanta planning a ta say to prosecut say ona . an agreed final say on aaae the cases. The case has on a been brought a to court of say and officials will have the plea a final say on on a a on a a plea deal. Officials say , with they a on a. will have the final a . official cana say on a final a plea deal, on a plea deal. a . an a. They will on a final and they are also planning to . they . saya final judge will prosecute the and they are cases. will final An Atlanta judge has set a a they deadline . say of October 16, and . An the they will have the final say on a the final say a plea deal. An . say Atlanta judge are a an and on say and they are . say . an has set a deadline of October 16, a and they a will have on say the final say . aa plea on a a plea deal. An Atlanta judge has set on aa deadline of say on a October 16, and and theyaa on a and a they will have the final say on a plea on say deal. a said on say saya Officials say they will have the plea a a last final a final say on a say . an said a plea deal, and an a said on a Atlanta judge they are also planning to prosecut a plea plea say a . . a and. ae a the cases. An a say Atlanta judge a say has set a deadline of aa October 16, and they the final say a plea . an say will have the final a to on say on say on a on aa plea deal. An Atlanta judge a plea has set a plea deal . the final. on a say said ona an say deadline of October 16, and they will have say . Atlanta judgea plea aa aa the final",29.3%,2.03,"  part of plea deal . Vick others made money off dogfighting rings . Officials are planning prosecute cases . case has been brought to court officials will have say on plea deal . Officials say they will have say on plea deal , they are planning prosecute cases . Atlanta judge has set deadline of October 16 , they will have say on plea deal . Atlanta judge has set deadline of October 16 , they will have say on plea deal . Atlanta judge has set deadline of October 16 , they will have say on plea deal . Officials say they will have say on plea deal , they are planning prosecute cases . Atlanta judge has set deadline of October 16 , they will have say on plea deal . Atlanta judge has set deadline of October 16 , they will have",45.1%,5.58," part of a plea deal with federal authorities.

Vick, who played for the Atlanta Falcons and the New York Jets, and two other men were indicted in November 2007 on charges of running a dogfighting ring in Atlanta. Vick pleaded guilty to one count of conspiracy to illegally possess, breed, purchase, sell or transport a dog for the purpose of engaging in dogfighting.

In a statement released Friday, the NFL said Vick ""accepted responsibility for his involvement in violating the NFL’s policy on player conduct.""

""The NFL has a zero-tolerance policy for illegal conduct, and will not tolerate any conduct that runs counter to the values of the league and our players,"" the statement said.

Vick was suspended indefinitely by the NFL in February.

Vick, a former college football quarterback, was the first player to be elected to the Pro Football Hall of Fame. He won the Heisman Trophy at Georgia Tech in 2001 and led the Bulldogs to",25.4%,0.123
m-nom,0.1,"BAGHDAD, Iraq (CNN) -- Dressed in a Superman shirt, 5-year-old Youssif held his sister's hand Friday, seemingly unaware that millions of people across the world have been touched by his story. Nearby, his parents talked about the new future and hope they have"," for their only child. ""My favorite part about my child, he has been looking forward to this for the past week. And the only thing I want to do is, I want him to go to the front of the stage and thank the new president,"" said. ""He has been looking forward to this for the past week. And the only thing I want to do is, I want him to go to the front of the stage and thank the new president,"" said. His father said this week has been an amazing week for him. ""The past week has been an amazing week for me. My son came in and went to bed and slept all day,"" he said. ""And I want him to go back to sleep."" His father said this week has been an amazing week for him. ""The past week has been an amazing week for me. My son came in and went to bed and slept all day,"" he said. ""And I want him to go back to sleep.""",58.9%,11,"their only child. ""My favorite part about my child, he has been looking forward to this for the past week. And the only thing I want to do is, I want him "" "" "" a go to the front of the stage and thank the "" "" president "" "" said. ""He has "" "" "" looking forward to this for the past week "" "" wanted And the "" "" thing I want to do is, I want "" "" wanted to "" "" "" to the front of the stage and thank the new president,"" "" "" "". His father said this week has been "" "" amazing week for him. ""The past week has been "" want "" amazing week for me. My "" "" came in and went to bed and slept all day,"" he said "" "" ""And I want him to go back to sleep."" His father said this week has been an amazing week for him. ""The past week has been an "" "" wanted week for me. My son came in and "" to "" "" to bed and slept all day,"" he said. ""And I "" "" him to go back to sleep.""",46.4%,7.36,". ""My favorite part about my child, .. "" he has been looking forward to this for the past week .. "" "" And he "" said the only thing I want to do is, I want him to go to the front of the stage "" "" and thank the new president,"" said. ""He has been looking "" "" forward to this "" . for . the past week. he "" And the only thing I want to do is, I want him to go he "" to the front of the stage and thank the new president,"" said. His father . "" "" said this week has been "" ."" an amazing week he "" for him . """". ""The past week has been an amazing week for me. My son came in and went to ""  "" "". bed and slept all day,"" "" "" he said. ""And I want him to go back to he "" sleep."" His father said this week has been an amazing week for him. ""The past week has been an amazing week for me. My son came in and went to "" . bed and slept all day . "","" he said. ""And I want him to go back to sleep.""",45.3%,7.13,"  for their child . "" My part about my child , he has been looking forward to this for the week . And the thing I want to do is , I want him go to front of the stage and thank the president , "" said . "" He has been looking forward to this for the past week . And the only thing I want to do is , I want him to go to front of the stage and thank the president , "" said . His father said week has been week for him . "" The past week has been amazing week for me . My son came in went to bed and slept day , "" he said . "" I want him to go to sleep . "" His father said this week has been an amazing week for him . "" The past week has been an week for me . My son came in went to bed and slept all day , "" he said . "" I want him to go back to sleep . """,32.6%,2.38," for their only child.

Youssif al-Abdul-Malik got his wish to meet Superman.

The little boy from Baghdad's Sadr City neighborhood recently won a contest held by the American Society for the Prevention of Cruelty to Animals, known as ASPCA.

Youssif's parents, Mohammed and Sheeba al-Abdul-Malik, said the boy wanted to meet Superman so bad, he even begged for the chance to see him on television.

But then, he learned it was a real live Superman!

""When he saw the Superman, he was crying,"" Mohammed said. ""He was happy and very excited.""

Youssif said he wanted to meet Superman because he liked to read stories about him.

The other winners of the contest -- a Mexican boy and a Texas girl -- also met their heroes in person.

Alfredo Lopez, a spokesman for the",27.4%,0.782
m-nom,0.3,"BAGHDAD, Iraq (CNN) -- Dressed in a Superman shirt, 5-year-old Youssif held his sister's hand Friday, seemingly unaware that millions of people across the world have been touched by his story. Nearby, his parents talked about the new future and hope they have"," for their only child. ""My favorite part about my child, he has been looking forward to this for the past week. And the only thing I want to do is, I want him to go to the front of the stage and thank the new president,"" said. ""He has been looking forward to this for the past week. And the only thing I want to do is, I want him to go to the front of the stage and thank the new president,"" said. His father said this week has been an amazing week for him. ""The past week has been an amazing week for me. My son came in and went to bed and slept all day,"" he said. ""And I want him to go back to sleep."" His father said this week has been an amazing week for him. ""The past week has been an amazing week for me. My son came in and went to bed and slept all day,"" he said. ""And I want him to go back to sleep.""",58.9%,11,"their only "" "" father. "" "" "" "" father "" "" favorite part about my child, father said favoritehe "" "" "" "" father "" "" father looking said father "" "" to this for said father father "" "" father said past week. And the only thing I want to do is, I "" said "" him to go "" father the "" "" "" the front his said father "" father stage and thank the "" "" favorite "" "" father His president,"" said """" said ""He has been father father said son forward to this for the "" dad dad father week. And the only thing I want to do is, I want "" "" father "" father to go to "" "" "" "" father "" father said "" front father His says favorite "" "" "" "" "" father father "" "" "" "" stage "" father father thank the new president "" "" father "" "" said. His father said this week has been an amazing week for him father father said "" "" father "" ""The "" "" father "" week has been an amazing "" His for me. My son came in and went father "" "" bed and slept all day,"" he said. "" "" father "" father "" I want him to go back . "" "" sleep."" His "" "" said father said "" "" father week has been an amazing week "" "" "" him. ""The "" "" "" week has been an amazing week for me. "" His son came in and went to bed and slept all day,"" he said. "" "" "" I want him to go back to sleep.""",35.9%,4.37,". ""My favorite part "" "" "" about "" "" "" my child, he has been looking forward to this "" "" "" my "" for "" "" "" "" "" "" the past week. And the only thing I want to do is "" "" My, I want him to go to the "" he front """" of the stage and thank the "" "" "" new president,"" "" "" "" said. ""He has been looking forward to this for the past week. And the "" "" "" "" "" only thing I want to "" "" do "" "" "" is, I want him to go to the front of "" "" the stage and thank "" "" the new president,"" said "" "" "". "" "" "" His father "" "" "" said this week has been "" "" "" an "" "" "" "" "" "" amazing "" "" week for him . "". "" "" ""The past week has been an amazing week for "" "" "" "" me. "" "" "" "" "" "" My son came "" "" "" "" in and went to bed and slept "" "" all day,"" he said. "" "" "" "" "" "" "" "" "" "" ""And I want him to go "" "" back to "" "" "" sleep."" His father "" "" "" "" "" "" said this "" "" week "" "". "" "" "" "" "" has been an amazing "" "" "" week for him. "" "" and "" "" "" "" ""The past "" "" week has been an amazing week for "" "" "" "" me. My son came in and "" "" "" "" "" "" "" "" went to "" "" "" "" bed and slept all day,"" he said. ""And I "" "" want him to "" "" to "" "" "" go "" He back to sleep.""",30.7%,2.44,"  for their child . "" My part about my child , he has been looking to this for week . thing I want do is , I want him go to front of stage thank president , "" said . "" He has been looking to this for week . thing I want do is , I want him go to front of stage thank president , "" said . His father said week has been week for him . "" week has been week for me . My son came in went to bed slept day , "" he said . "" I want him go to sleep . "" His father said week has been week for him . "" week has been week for me . My son came in went to bed slept day , "" he said . "" I want him go to sleep . """,32.7%,2.17," for their only child.

Youssif al-Abdul-Malik got his wish to meet Superman.

The little boy from Baghdad's Sadr City neighborhood recently won a contest held by the American Society for the Prevention of Cruelty to Animals, known as ASPCA.

Youssif's parents, Mohammed and Sheeba al-Abdul-Malik, said the boy wanted to meet Superman so bad, he even begged for the chance to see him on television.

But then, he learned it was a real live Superman!

""When he saw the Superman, he was crying,"" Mohammed said. ""He was happy and very excited.""

Youssif said he wanted to meet Superman because he liked to read stories about him.

The other winners of the contest -- a Mexican boy and a Texas girl -- also met their heroes in person.

Alfredo Lopez, a spokesman for the",27.4%,0.782
m-nom,0.5,"BAGHDAD, Iraq (CNN) -- Dressed in a Superman shirt, 5-year-old Youssif held his sister's hand Friday, seemingly unaware that millions of people across the world have been touched by his story. Nearby, his parents talked about the new future and hope they have"," for their only child. ""My favorite part about my child, he has been looking forward to this for the past week. And the only thing I want to do is, I want him to go to the front of the stage and thank the new president,"" said. ""He has been looking forward to this for the past week. And the only thing I want to do is, I want him to go to the front of the stage and thank the new president,"" said. His father said this week has been an amazing week for him. ""The past week has been an amazing week for me. My son came in and went to bed and slept all day,"" he said. ""And I want him to go back to sleep."" His father said this week has been an amazing week for him. ""The past week has been an amazing week for me. My son came in and went to bed and slept all day,"" he said. ""And I want him to go back to sleep.""",58.9%,11,"their only "" "" "". ""My favorite part about my "" "" "", "" ""  "" "" "" "" "" "" "" has been looking forward to this "" "" "" "" "" "" "" "" "" past week. And "" "" "" only thing "" "" "" "" "" "" "" to do is "" "" I want him "" "" "" son."" "" he "" "" "" "" to the front amazing "" "" "" "" "" "" amazing "" dad "" "" "" "" amazing and thank the "" "" "" "" "" "" "" for "" dad amazing "" "","" said. ""He has been amazing for me "" "" "" "" "" "" "" "" "" to this for "" "" father, dad said. "" "" "" . week for me "" amazing week. And the only thing I want to do is "" "" "" father "" "" amazing "" incredible "" "" "" son, "". I "" "" "" amazing "" "" him "" "" amazing "" "" "" "" "" go to amazing to. front "" "" awesome the stage and "" "" "" the new president "" "" "" said "" amazing "" amazing dad. father "" "" amazing "" "" amazing "" "" "" "" "" "" "" "" has been an amazing week amazing "" "" "" dad. ""The past week has been "" "" amazing "" "" amazing for me. "" "" amazing son came in and went to bed "" amazing "" "" "" slept all day "" dad said "" "" amazing "" "" "" "" ""he "" "" "" amazing to. "" "" "" an I want him to go back "" """" sleep "" "" "" "" to. "" "" amazing "" father said . "" "" week has been an "" "" week for him "" "" "" "" "" "" "" ""The past week has been an "" "" week for me. My son came in and went to bed and slept "" "" "" day,"" he said. ""And I want him to go back to sleep.""",24.5%,-0.238,". "" "" "" ""My favorite part "" "" "" about "" "" "" "" "" my child, "" "" he has "" "" "" "" been looking forward "" "" to this "" "" for "" "" "" "" "" the past "" "" "" "" "" "" "" "" "" "" "" "" "" "" week. And "" "" "" the only thing I want "" "" "" to "" "" "" do is, I want him to go to the front of the stage "" "" """" "" "" "" "" "" "" and thank the "" ' "" "" new "" "" president,"" said. "" "" "" "" "" "" ""He has been looking "" "" "" forward "" "" "" "" "" "" "" "" to this for "" "" "" "" "" "" "" "" the past week. And "" "" "" "" "" "" "" "" "" "" "" He "" "" the only thing I want to "" "" do is, I want "" "" him to go "" "" "" "" "" "" to the front of the stage and thank the new "" "" president,"" "" "" "" "" "" "" said. His "" "" "" "" "" "" "" "" "" "" "" father said this week "" "" "" """" "" "" "" "" "" "" "" "" has been an amazing "" "" week for him. ""The past week "" "" "" "" "" "" "" "" "" "" has been an amazing week for me. My "" "" "" son came "" "" in and "" "" went "" "" to bed and slept all "" "" "" "" "" day,"" "" "" "" "" "" "" "" "" "" "" "" "" "" "" ""he said. ""And I want him to go "" "" "" back to sleep."" "" "" "" "" His His father said this "" "" "" "" "" "" week has been "" "" "" "" "" "" an amazing "" "" "" "" "" "" "" "" "" week for "" "" "" him. ""The past "" ""s week has "" "" "" "" "" "" "" "" "" "" "" "" "" been an "" "" "" amazing "" "" "" week for "" "" "" me. My son came in and "" "" "" "" went to bed "" "" "" "" "" and "" "" ""slept all day,"" he said. "" "" "" "" "" "" ""And I want "" "" "" "" "" "" him to go back to sleep.""",22.2%,-1.4,"  for their child . "" My part about my child , he has been looking to this for week . thing I want do is , I want him go to front of stage thank president , "" said . "" He has been looking to this for week . thing I want do is , I want him go to front of stage thank president , "" said . His father said week has been week for him . "" week has been week for me . My son came in went to bed slept day , "" he said . "" I want him go to sleep . "" His father said week has been week for him . "" week has been week for me . My son came in went to bed slept day , "" he said . "" I want him go to sleep . """,32.7%,2.17," for their only child.

Youssif al-Abdul-Malik got his wish to meet Superman.

The little boy from Baghdad's Sadr City neighborhood recently won a contest held by the American Society for the Prevention of Cruelty to Animals, known as ASPCA.

Youssif's parents, Mohammed and Sheeba al-Abdul-Malik, said the boy wanted to meet Superman so bad, he even begged for the chance to see him on television.

But then, he learned it was a real live Superman!

""When he saw the Superman, he was crying,"" Mohammed said. ""He was happy and very excited.""

Youssif said he wanted to meet Superman because he liked to read stories about him.

The other winners of the contest -- a Mexican boy and a Texas girl -- also met their heroes in person.

Alfredo Lopez, a spokesman for the",27.4%,0.782
m-nom,0.1,"BAGHDAD, Iraq (CNN) -- The women are too afraid and ashamed to show their faces or have their real names used. They have been driven to sell their bodies to put food on the table for their children -- for as little as $8 a day. Suha, 37, is a mother"," of four. She is the manager and is also on the staff. They sell their own bodies for $7.95 a day and $9 a day. She is worried about getting the real name of the people who are driving to earn $7.30 a day. She said, ""They are afraid to get their real names to get their real names to get their real name to get their real name to get their real name to wear a real name -- for as little as $6.60 a day. It is very hard to see -- for as little as $6.50 a day for the people. And the women. We have all of the women. The people -- they have been in our home since they moved to the house. So, it is a little hard to see and understand -- for as little as $7.30 a day. And the people who are driving. We have all of the women. The people -- they have been in our home since they",52.8%,9.01,"four. She is the manager and is also on the staff. They sell their own bodies for $7.95 a the moved and $9 their real namesa day. the house. is worried about getting the real name of the people who the house, driving to earn $7.30  move to the day. She said the house. "" the moved house and are afraid to get their real names to we the house. to the house. real names to get their real name to get their real name to get their real name to wear a real name -- for as little as $6. the house. a day. It is very hard to see -- for as little as $6.50 the house.a day for the people. And the women moved to the move to the have all of the women move to the The people -- they have been in our home since they moved to the house. So the house. it is  the house. little hard to see and understand -- for as little as $7 . they30  the house. day. And the people who are driving. We have all of the women. The people -- they have been in our home since they",41.2%,5.76,". She the they move to the is the manager and is also on the staff. They sell their own the house. bodies for $7.95 a day and $9 a day the move into. the house. moved to the the house."" She is worried about getting the real name of the people who are driving to earn $7.30 a day. She said, ""They are the house. the house. afraid to get their real names to the house. get their real names to get their real name to get the house? their real name to get their real name the the move to wear a real name the house but -- for as moved to the little as $6.60 a day. It is very hard to see -- for as the house. little as $6 the house. the move to.50 a the house. day for the people. And the women. We have all of the women. The people -- they have been in our the house. home since they moved to the house. So, it is a little hard to the house. see and understand -- for as little as $7.30 a day. And the people who are driving. We have all of the women. The people -- they have been in our home since they",41.3%,6.01,"  of four . She is the manager and is also on the staff . They sell their own bodies for $ 7.95 a day and $ 9 day . She is about getting the real name of the people who are driving to earn $ 7.30 a day . She said , "" They are afraid to get their real names get their names get their real name to get their real name get their real name to wear real name -- for as little as $ 6.60 a day . It is to see -- for as as $ 6.50 day for people . And the women . We have all of women . The people -- they have been in our home since they moved to the house . So , it is little to see understand -- for as $ 7.30 a day . And the people who are driving . We have all of the women . people -- they have been in our home since they",36.3%,3.5," of four from the northern city of Mosul. She has been selling herself for almost two years, but says her situation has become worse and worse. ""I have been living in fear because there is no work in Mosul, and I have two kids to feed,"" she said. ""There are many women in this city who are selling their bodies to survive."" The women say they have been sold by Islamic State militants who have captured Mosul. ""They told us that if we don't give them money for their families, they will kill us,"" said Naji, an 18-year-old from the city of Tal Afar. ""I sold my body for $80. I had no other choice."" The United Nations says the Iraqi government has taken steps to protect women and girls, including by having the country's intelligence agency acknowledge the problem. But the United Nations says it has received reports of the ""most serious offenses"" against women, including forced marriage, sexual slavery and forced prostitution. It says",23.4%,-0.535
m-nom,0.3,"BAGHDAD, Iraq (CNN) -- The women are too afraid and ashamed to show their faces or have their real names used. They have been driven to sell their bodies to put food on the table for their children -- for as little as $8 a day. Suha, 37, is a mother"," of four. She is the manager and is also on the staff. They sell their own bodies for $7.95 a day and $9 a day. She is worried about getting the real name of the people who are driving to earn $7.30 a day. She said, ""They are afraid to get their real names to get their real names to get their real name to get their real name to get their real name to wear a real name -- for as little as $6.60 a day. It is very hard to see -- for as little as $6.50 a day for the people. And the women. We have all of the women. The people -- they have been in our home since they moved to the house. So, it is a little hard to see and understand -- for as little as $7.30 a day. And the people who are driving. We have all of the women. The people -- they have been in our home since they",52.8%,9.01,"four the house She is the manager the house the they moved to . house the the, on the staff. to the house sell the house. own bodies for $7.95  the house to the house day . moved to $9  the house the day. She is to the house about getting the house, the house the in moved to real name of the people who the house the to the the house driving to earn moved to house the the house..30 a the the house the since. She said, ""They are afraid to get their the house house names the house the house to get the the the house the -- the house they real names to the house. their the house the . the to moved to moved their moved to the house. name the real name the house -- house the moved the house the the real name to wear a real name -- for as little as $6.60  the house the house. day the house since It is very hard to see -- the house, as little as $6.50 the house sincea day the the the the house the. But the house the And the house the moved to the. We have all of the women the house the The people -- they have been in our home since they moved to the house the house. So, it is a little hard to see and moved the house. the -- for as little as $7.30 a moved to move. And the people who are driving. We have all of the house to women. The they moved to -- they have been in our home since they",29.2%,1.72,". the the house She is our house to the house to moved to the the house the the move to the to the house manager and is also on the staff. They sell their own bodies for the the house to their. house have the house to $7.95 a home to the to the house day and move to the $9 the to moved house and the house. a day the house. move the the. She is worried about getting move the house the real to the house moved the move. to their name the the house. house. of the people who are move the house driving to earn $7.30 a day. She said, ""They are afraid to get their real the the house names to get their real names to get their real name to move to the get their real name to get their real name to to their wear a real name -- for to the the the house to and the. as little as $6.60 a day. moved to our It is move house the very hard the house. to see -- for as the the to have to and the house. little as $6.50 the house. a to the house day for moved the house the people. And the women. We the the the house time. have all of the women. The people -- they have been in our home since they moved the to and the the the to move the house house. to the house. So, it is moved the house a little hard to the house. see and understand the house move their lives to our home. -- for as little the house to as $7.30 our home move to the.a day. And the people the house. who are driving get their real. We have to move to all of the women. The people -- they have been in moved to their our home since they",34.1%,4.06,"  of four . She is manager is on staff . They sell their bodies for $ 7.95 day $ 9 day . She is about getting name of people who are driving earn $ 7.30 day . She said , "" They are get their names get their names get their name get their name get their name wear name -- for as $ 6.60 day . It is see -- for as $ 6.50 day for people . women . We have all of women . people -- they have been in our home since they moved to house . , it is see understand -- for as $ 7.30 day . people who are driving . We have all of women . people -- they have been in our home since they",33.1%,2.23," of four from the northern city of Mosul. She has been selling herself for almost two years, but says her situation has become worse and worse. ""I have been living in fear because there is no work in Mosul, and I have two kids to feed,"" she said. ""There are many women in this city who are selling their bodies to survive."" The women say they have been sold by Islamic State militants who have captured Mosul. ""They told us that if we don't give them money for their families, they will kill us,"" said Naji, an 18-year-old from the city of Tal Afar. ""I sold my body for $80. I had no other choice."" The United Nations says the Iraqi government has taken steps to protect women and girls, including by having the country's intelligence agency acknowledge the problem. But the United Nations says it has received reports of the ""most serious offenses"" against women, including forced marriage, sexual slavery and forced prostitution. It says",23.4%,-0.535
m-nom,0.5,"BAGHDAD, Iraq (CNN) -- The women are too afraid and ashamed to show their faces or have their real names used. They have been driven to sell their bodies to put food on the table for their children -- for as little as $8 a day. Suha, 37, is a mother"," of four. She is the manager and is also on the staff. They sell their own bodies for $7.95 a day and $9 a day. She is worried about getting the real name of the people who are driving to earn $7.30 a day. She said, ""They are afraid to get their real names to get their real names to get their real name to get their real name to get their real name to wear a real name -- for as little as $6.60 a day. It is very hard to see -- for as little as $6.50 a day for the people. And the women. We have all of the women. The people -- they have been in our home since they moved to the house. So, it is a little hard to see and understand -- for as little as $7.30 a day. And the people who are driving. We have all of the women. The people -- they have been in our home since they",52.8%,9.01,"four the the the house. house. the house the house. is the the move to the. and is also the the the house house.. the staff. the house. the the house. sell . moved own bodies for $7. the house the house.  the the house. the house. house. day and $9 . Thea day. the house. the house. house. the house the the the house. the house. to the house. the house. the to. So the the the the house the the . moved.. the people who are driving to earn $7.30  the the house. house the house. the house. day move to the She said the house. house.They are afraid to the house. the house the the house. the house the house. moved move -- to the house. the the house.. the names to get the house the house. the the the house the house. house.. real names to the house. their real the house. the the house.. house the house house. move move to the the house. house.. and moved to the house. name to get their the house. name to the house. a real name -- for the house. little the house. $6.60 and that is the house. house. day. It is very hard the the house. house.. see the house. for as little as $6.50 a day for the people. And the house. women. We the house the house. all of the women. The the house the the the -- the house. have the house. in our home since they moved to the house. So, it is  the house. the house. hard to see and understand -- the house. as little the house. $7.30 a day. And the people the house to are driving. We have all of the women. The people -- they have been in our home since they",33.3%,3.8,". She is the manager and is also on the staff. drive the move to to the They the house. sell their the house. own bodies for our home the $7 the house the house...95 a our the moved to to the day and $9 house. a day. the house move to to. She is worried about the house. getting the our move to to the house real . have been name of the people move to to who are driving to earn the moved $7.30 The house.a day. She said, ""They are afraid the our the the our to to get their real our the the house to the house. house names to the and have move moved to the people. get their the the the the the house the the house real names them to the to the the house who are driving our it. get move to the their home. Now real name to the get their real house. get their real name to get the house and their to the house real name our our the to wear a real name we who are -- for as little as $6.60 the .a day the house.. It the they to the. moved house our the. house. living the house the to the house house. is very hard the house. to see -- for as to. from little the house as $6. their the they the house. the house.50 a day moved to the .... house the the for the people. And the women. We have all of the to the this women and they live the house.. The moved to the people -- they house. So have been in our home since they moved to the house the the house. So, it our moved is moved to the a little go out the the houses. the So moved house. the house. hard to see the house are the house. the have and the house. understand -- for and they can as little as get the house $7 from the staff.30 the moved to they home since they moved to a day. And house. the moved to the people them. we who are their the house driving the moved to the house.. We have all of the women. the home. the moved The people our the of our the -- they have been in the . So, house. house the to our are the house the house. home since the our they",31.4%,3.24,"  of four . She is manager is on staff . They sell their bodies for $ 7.95 day $ 9 day . She is about getting name of people who are driving earn $ 7.30 day . She said , "" They are get their names get their names get their name get their name get their name wear name -- for as $ 6.60 day . It is see -- for as $ 6.50 day for people . women . We have all of women . people -- they have been in our home since they moved to house . , it is see understand -- for as $ 7.30 day . people who are driving . We have all of women . people -- they have been in our home since they",33.1%,2.23," of four from the northern city of Mosul. She has been selling herself for almost two years, but says her situation has become worse and worse. ""I have been living in fear because there is no work in Mosul, and I have two kids to feed,"" she said. ""There are many women in this city who are selling their bodies to survive."" The women say they have been sold by Islamic State militants who have captured Mosul. ""They told us that if we don't give them money for their families, they will kill us,"" said Naji, an 18-year-old from the city of Tal Afar. ""I sold my body for $80. I had no other choice."" The United Nations says the Iraqi government has taken steps to protect women and girls, including by having the country's intelligence agency acknowledge the problem. But the United Nations says it has received reports of the ""most serious offenses"" against women, including forced marriage, sexual slavery and forced prostitution. It says",23.4%,-0.535
m-nom,0.1,"BOGOTA, Colombia (CNN) -- A key rebel commander and fugitive from a U.S. drug trafficking indictment was killed over the weekend in an air attack on a guerrilla encampment, the Colombian military said Monday. Alleged cocaine trafficker and FARC rebel Tomas Medina Caracas in an Interpol photo",", May 3, 2015, in a U.S. drug trafficking indictment was killed over the weekend in a U.S. air attack on a guerrilla encampment, the Colombian military said. Alleged drug trafficker and U.S. drug trafficking indictment was shot dead over the weekend by the Colombian government in an air attack on a rebel base, the military said. On Sunday night, the Colombian military said that the alleged drug trafficker and U.S. drug trafficking indictment was shot dead over the weekend by the Colombian government in an air attack on a rebel base, the military said in an update on Monday. In a statement. A U.S. federal drug trafficking indictment was shot dead over the weekend by the Colombian government in an air attack on a rebel base, the military said in an update on Monday. On Sunday night, the Colombian military said that the alleged drug trafficker and U.S. drug trafficking indictment was shot dead over the weekend by the Colombian government in an",48.7%,7.69,", May 3, 2015, in a U.S. drug trafficking in by the Colombiament was killed over the weekend in a U.S by the Colombia over the the Colombian attack on a guerrilla encampment, the Colombian military said. Alle Colombian government drug trafficker and the Colombian.S. drug trafficking was killed overdictment was shot dead over the weekend by the Colombian government in an air attack on a rebel base, by the Colombia military said. On Sunday night, the Colombian the Colombia on said that over the weekend  by the Colombia drug trafficker and U.S. drug trafficking indictment was shot by air over the the Colombian by the Colombian government in an air attack on a rebel base, the military said in an by the Colombia on Monday. by the Colombia the Colombiana statement. A U.S. federal drug trafficking indictment was shot dead over the weekend by the by the Colombian government in an air attack the Colombia governmentalleged and over the weekenda rebel base, in an air military said in an update on Monday. On Sunday in an air, the Colombian military said that the  by the Colombia drug trafficker and U.S. drug trafficking indictment was shot dead over the weekend by the Colombian government in an",39.9%,5.43,", May by Colombias on the in 3, Colombia air 2015, in a U over the weekend.S. drug trafficking in by the Uniteddictment by the Colombia was killed over the weekend in a U.S. air attack the on a guerrilla encampment, the Colombia by the Colombian military said. Alleged drug trafficker and U.S. by the Colombia drug trafficking indictment shot by the was shot dead over the weekend by the Colombia by the Colombian government in an air attack on a rebel base, the military said. On Colombian military Sunday night Colombia air, the Colombia country ,n military is shot dead said that the alleged drug trafficker by By the and U.S. drug trafficking to Colombian indict by the Colombiament was shot dead over the by the Colombia weekend by the Colombian government in an air was shot by attack on a rebel base, the military said in an update on Monday. In a statement. A U.S. federal by the Colombia drug trafficking indictment was shot dead over the weekend by the Colombian government in an air attack on a rebel base, the military said in an update on Monday. On Sunday night, the Colombian military said that the alleged drug by by the trafficker and U.S. drug trafficking indictment was shot dead over the weekend by the Colombian government in by air an",37.6%,4.73,", May 3 , 2015 , in a U.S. drug trafficking indictment was killed over the weekend in U.S. air attack on a guerrilla encampment , the Colombian military said . Alleged drug trafficker U.S. drug trafficking indictment was shot over the weekend by the Colombian government in an air attack on a rebel base , military said . On Sunday night , the Colombian military said that the alleged drug trafficker and U.S. drug trafficking indictment was shot dead over the weekend by the government in an air attack on base , the military said in update on Monday . In a statement . A U.S. federal drug trafficking indictment was shot dead over the weekend by the Colombian government in air attack on a base , the military said in update on Monday . On Sunday night , military said that the drug trafficker and U.S. drug trafficking indictment was shot over weekend by the government in an",34.4%,2.93,"

The Colombian military said the death was caused by an air attack on a guerrilla encampment in the FARC-controlled Colombia and Venezuela border area.

The chief of Colombia's military, Gen. Arturo Alvarez, said two FARC rebels were killed and scores of their comrades were wounded in the attack Sunday in the town of Guajira, located in the northern Colombian province of Cesar.

The FARC said it was behind the attack, which also wounded five of its fighters, though the rebels did not say who carried out the bombing.

Venezuela's Foreign Minister, Jorge Arreaza, said the rebels were attempting to escape from the guerrillas and were targeted by a helicopter.

""The aircraft targeted the guerrilla camp of the FARC in Guajira, where the armed group was attempting to escape, and it was shot down,"" Arreaza said.

Venezuelan Defense Minister Vladimir Padrino López said",23.9%,-0.37
m-nom,0.3,"BOGOTA, Colombia (CNN) -- A key rebel commander and fugitive from a U.S. drug trafficking indictment was killed over the weekend in an air attack on a guerrilla encampment, the Colombian military said Monday. Alleged cocaine trafficker and FARC rebel Tomas Medina Caracas in an Interpol photo",", May 3, 2015, in a U.S. drug trafficking indictment was killed over the weekend in a U.S. air attack on a guerrilla encampment, the Colombian military said. Alleged drug trafficker and U.S. drug trafficking indictment was shot dead over the weekend by the Colombian government in an air attack on a rebel base, the military said. On Sunday night, the Colombian military said that the alleged drug trafficker and U.S. drug trafficking indictment was shot dead over the weekend by the Colombian government in an air attack on a rebel base, the military said in an update on Monday. In a statement. A U.S. federal drug trafficking indictment was shot dead over the weekend by the Colombian government in an air attack on a rebel base, the military said in an update on Monday. On Sunday night, the Colombian military said that the alleged drug trafficker and U.S. drug trafficking indictment was shot dead over the weekend by the Colombian government in an",48.7%,7.69,"the Colombia military attack a military 3, 2015, by the Colombia a over was by attack weekend.S. drug trafficking attack Colombia air. by the Colombiament was killed over the weekend Colombia air a drug a. over the Colombia army air attack on a guerrilla in aen by the military the air, the military was attackn military over the Colombia was air the Colombia. Alle a an air drug trafficker and U.S. drug attack the Colombia, militaryking in is killed in by air in air shot dead over the weekend by in Colombia the Colombia military the Colombia by the Colombia government in an air attack on  in by the rebel base, the in a said. On in the Colombian night, drug. Colombia Colombia Colombia, military said that the the an Colombia, military drug traffic air Colombia, Colombian an air drug U.S Colombia was air air Colombia government in trafficking the the Colombia military attacked onment Colombia by the shot drug air attack the Colombia the weekend by the Colombian by the Colombia in an by the Colombia attack on a rebel base, the military said in the airn government in update on Colombia attack the. In a Colombia air. A U. in a. U. drug traffic by the Colombia indictment was shot dead over the weekend by the by the Colombia military the Colombia government in an the Colombia attack on a rebel base, the military said in an update on Monday. On Sunday night was attack the Colombia killed over the military said that the alleged drug trafficker and U.S. a U trafficking indictment was was killed over dead over the weekend by the Colombian government in an",29.7%,1.94,", May the in 3, killed, in 2015, ed in over the weekend in a the weekend U.S government in. drug trafficking indictment in by was was a killed over the weekend in by killed in a U.S killing in the weekend by. air attack on a was killed in guerrilla with the aid in the weekenden was killed over the aircampment, the Colombian military said. Alleged drug trafficker and in a was killed in U. air airS. drug by air trafficking in in air in Colombia. over the weekenddictment was over the weekend shot dead was shot over the . Sunday by air air in this in weekend dead over air in an the of air, , weekend by the Colombia , then government in an air over the, attack on a of air rebel base, the military said. On Sunday air air night, the Colombian on the over weekend by weekend military said that the alleged drug trafficker and U.S. Colombia, has drug trafficking indictment was shot dead over the weekend over the weekend by was air in killed killed is to in Colombia over the in the is killed over Colombian government in an air attack on over the weekend over the weekenda rebel base, the by air military was air said in over the weekend an update on Monday. In in  killed, andaa statement. A U.S over the. shot over the federal drug trafficking indictment was shot dead was shot over in a over the weekend by the Colombia was shot inn government in the weekend by an air attack on a rebel base was killed over, the military said in an update on over air Monday. On Sunday night, killed over the by air the Colombian military the weekend by said that Saturday, it the by air alleged drug trafficker and U. by wasS. drug trafficking indictment was shot over the weekend the weekend by drug trafficking dead over the weekend by the bombing Colombian government in an",30.3%,2.37,", May 3 , 2015 , in U.S. drug trafficking indictment was killed over weekend in U.S. air attack on guerrilla encampment , military said . Alleged drug trafficker U.S. drug trafficking indictment was shot over weekend by government in air attack on base , military said . On Sunday night , military said that drug trafficker U.S. drug trafficking indictment was shot over weekend by government in air attack on base , military said in update on Monday . In statement . U.S. drug trafficking indictment was shot over weekend by government in air attack on base , military said in update on Monday . On Sunday night , military said that drug trafficker U.S. drug trafficking indictment was shot over weekend by government in an",33.3%,2.33,"

The Colombian military said the death was caused by an air attack on a guerrilla encampment in the FARC-controlled Colombia and Venezuela border area.

The chief of Colombia's military, Gen. Arturo Alvarez, said two FARC rebels were killed and scores of their comrades were wounded in the attack Sunday in the town of Guajira, located in the northern Colombian province of Cesar.

The FARC said it was behind the attack, which also wounded five of its fighters, though the rebels did not say who carried out the bombing.

Venezuela's Foreign Minister, Jorge Arreaza, said the rebels were attempting to escape from the guerrillas and were targeted by a helicopter.

""The aircraft targeted the guerrilla camp of the FARC in Guajira, where the armed group was attempting to escape, and it was shot down,"" Arreaza said.

Venezuelan Defense Minister Vladimir Padrino López said",23.9%,-0.37
m-nom,0.5,"BOGOTA, Colombia (CNN) -- A key rebel commander and fugitive from a U.S. drug trafficking indictment was killed over the weekend in an air attack on a guerrilla encampment, the Colombian military said Monday. Alleged cocaine trafficker and FARC rebel Tomas Medina Caracas in an Interpol photo",", May 3, 2015, in a U.S. drug trafficking indictment was killed over the weekend in a U.S. air attack on a guerrilla encampment, the Colombian military said. Alleged drug trafficker and U.S. drug trafficking indictment was shot dead over the weekend by the Colombian government in an air attack on a rebel base, the military said. On Sunday night, the Colombian military said that the alleged drug trafficker and U.S. drug trafficking indictment was shot dead over the weekend by the Colombian government in an air attack on a rebel base, the military said in an update on Monday. In a statement. A U.S. federal drug trafficking indictment was shot dead over the weekend by the Colombian government in an air attack on a rebel base, the military said in an update on Monday. On Sunday night, the Colombian military said that the alleged drug trafficker and U.S. drug trafficking indictment was shot dead over the weekend by the Colombian government in an",48.7%,7.69,", by the Colombia 3, 2015 Colombia air in  Colombian U. alleged drug in a drug the military Colombia the Colombiaking indictment was killed Colombia air traffic Colombia was shot the weekend by the Colombia weekend in a U. by air Colombian air air attack killed over the air by the , military Colombia Colombia the Colombia weekend by thea guer by the by the by the Colombia Colombia was alleged Colombian the drug .n in an air weekend encamp the Colombian weekend by the Colombia the Colombian military Colombia was shot military the Colombia the was killed Colombia. Colombian was airged drug traffic Colombian the and U Colombian Colombia the ColombiaS. drug traffic Colombia military said the Colombia in on a by military air Colombia was shot dead over the by the a by the Colombia bomb air government over Colombia government was weekend weekend Colombian by Colombian government Colombia the Colombia by the Colombia on a rebel base, by the Colombia military said by Colombian Colombia, Colombia Colombia On Sunday night a drug air the Colombian military weekend by . air the air was killed weekend the Colombian government  military Colombia the. by Saturday by by the Colombia Colombia Colombian government traffic by the air attack the Colombia and U the by the Colombia byS the Colombia over the weekend by the on a Colombiaking over the weekend weekend military saidment the Colombian shot at military Colombiana Colombia air an update weekend , the military Colombia the Colombian government in an weekend Colombian the Colombia on a by the Colombia the Colombia ina rebel base, the by the Colombia the Colombia by over the weekend an update over the weekend Monday. In a statement. A U.S. federal drug trafficking in by the Colombiament was by the Colombia dead over the weekend by the Colombian government in an air attack on a rebel base by the Colombia the weekend the military said in over the weekend update on Monday. On Sunday night, the was shot deadn military Colombian that the alleged drug trafficker and U.S. drug trafficking indictment was shot dead over the weekend by the Colombian government in an",27.5%,1.16,", May by the, 3, 2015, in a Colombia over U.S. Colombia over the Colombia, the drug traffic by the theking in the weekend ondictment was killed over the over Colombia in weekend in in Colombia in an a killed over over Colombia over Sunday and by the over an , May Colombia in police the U. over was shot dead the weekendS. over week air in attack attack on a guerrilla by the weekend encampment, the Colombia over the weekend U.Sn military said. Alle was killed overged drug trafficker and U. in the in a by alleged and U. on theS. drug trafficking in over U.S by a the weekenddictment death Colombian was shot dead over by on the weekend by over the or the Colombian government in Colombia over Colombian over police an air attack on a by a rebel base in air attack over the weekend, the military said. On Sunday night, the the by over weekend in attack the and air over the Colombian Colombian military said by government that the alleged drug trafficker Colombian drug over and from the the weekend and U.S , May. drug in , May Colombia police over Colombia over trafficking indictment was Colombia on weekend over over shot dead over the weekend by the Colombian by a over the weekend was killed weekend air over by the by government in by by over air an air Saturday over USA over the air by attack the attack over the on a Colombian died over the rebel base Colombian in bombing on, the was killed over over by military the, over Colombian weekend over weekend in the weekend military over the weekend said in an update on Monday over the weekend. In a , May statement. A over Sunday U.S. federal in Colombia drug over air trafficking indictment on Colombia in was by air shot dead over by the in on air police in Sunday night Colombia the weekend by the Colombian government in an air attack on over America wasa rebel base over attack, air, the , May military said in overs an over the weekend update on s attack Monday in the weekend , may attack on. On in over over air weekend Sunday night, , by the by day government Colombia by then military said over air that the Colombian the alleged drug trafficker and a day over Colombia in U.S. drug trafficking over was indictment was shot dead over the weekend by the Colombian June Colombian Colombia over the over the weekend in air government by the in in an",25.2%,0.079,", May 3 , 2015 , in U.S. drug trafficking indictment was killed over weekend in U.S. air attack on guerrilla encampment , military said . Alleged drug trafficker U.S. drug trafficking indictment was shot over weekend by government in air attack on base , military said . On Sunday night , military said that drug trafficker U.S. drug trafficking indictment was shot over weekend by government in air attack on base , military said in update on Monday . In statement . U.S. drug trafficking indictment was shot over weekend by government in air attack on base , military said in update on Monday . On Sunday night , military said that drug trafficker U.S. drug trafficking indictment was shot over weekend by government in an",33.3%,2.33,"

The Colombian military said the death was caused by an air attack on a guerrilla encampment in the FARC-controlled Colombia and Venezuela border area.

The chief of Colombia's military, Gen. Arturo Alvarez, said two FARC rebels were killed and scores of their comrades were wounded in the attack Sunday in the town of Guajira, located in the northern Colombian province of Cesar.

The FARC said it was behind the attack, which also wounded five of its fighters, though the rebels did not say who carried out the bombing.

Venezuela's Foreign Minister, Jorge Arreaza, said the rebels were attempting to escape from the guerrillas and were targeted by a helicopter.

""The aircraft targeted the guerrilla camp of the FARC in Guajira, where the armed group was attempting to escape, and it was shot down,"" Arreaza said.

Venezuelan Defense Minister Vladimir Padrino López said",23.9%,-0.37
m-nom,0.1,"WASHINGTON (CNN) -- White House press secretary Tony Snow, who is undergoing treatment for cancer, will step down from his post September 14 and be replaced by deputy press secretary Dana Perino, the White House announced Friday. White House press secretary Tony Snow will step down from his post on September 14. President Bush told"," his press secretary, Tony Snow, that he will be replacing him with Dana Peril. He told his White House press secretary, Tony Snow, to step down on September 14. White House press secretary Tony Snow is stepping down on September 14. President Bush appointed Dana Peril as his new White House press secretary. He appointed Dana Peril as his new White- House press-s-s- s- White- House Press-s-s- White- House Press-s- s- White- House Press-s-s- White- House Press-s- s- White- House Press-s- s- White-- House Press-s- s- White- House Press-s- s- White- House Press-s- s- White- House Press-s- s- White- House Press-s- s- White- House Press-s- s- White-- House Press-s- s- White- House Press-s- s",57.4%,10.5,"press secretary, Tony Snow, that he will be replacing him with Dan -  - White Peril. He told his White House press secretary, Tony Snow, to step down on September - s White House press - s Tony Snow - White House stepping down on - White House 14. President Bush appointed Dana Peril as his new White House press secretary. He - White House Dan - White - sil as his new White- House press-s-s-  - s- Tony Snow- White - White House House Press-s-s- White- - White House Press-s - White House s- White- House Press-s-s- White- House Press-s-   - White House White House- White- House Press-s- s- White- - s House Press-s- s - White House White- House - White House-s- s- White- House Press- - White House- s- White- House Press-s- s- White- House Press-s- s- White- House Press-s- s- White-- - White House Press-s- s- White- House Press-s- s",41.0%,5.66,", Tony Snow, Tony Snow --, that he will be replacing him with Dana Peril. He told his White House press secretary, Tony Snow, to step down on September 14. White House press secretary Tony Snow is stepping down on September 14. President Bush appointed Dana Peril as his -- new White House press secretary. He appointed Dana Peril as his new White- House press-s-s- s- - s White- House Press-s-s - s --- s - s- White- - s -- House Press-s- s- White- House Press-s-s- White- House Press-s --- s- White- House Press - White House-s- s- White-- House Press-s- s- White- House Press-s- s- White- House - -- s Press - s- s- s-s- s- - White- White- House Press-s- s- White- House Press-s- s- White - s- s- House Press-s- s- White-- House Press-s- s- White- House Press-s- - s s",46.7%,7.59,"  his press secretary , Tony Snow , that he will be replacing him with Dana Peril . He told his White House press secretary , Tony Snow , step down on September 14 . White House press secretary Tony Snow is stepping down on September 14 . President Bush appointed Dana Peril as his White House press secretary . He appointed Dana Peril as his White- House press - s - s- s- White- House Press - s - s- White- House Press - s- s- White- House Press - s - s- White- House Press - s- s- White- House Press - s- s- White-- House Press - s- s- White- House Press - s- s- White- House Press - s- s- White- House Press - s- s- White- House Press - s- s- White- House Press - s- s- White-- House Press - s- s- White- House Press - s- s",33.7%,2.78," Snow he wants Perino to succeed him. ""I've asked Tony to step down from this position and I want Dana to succeed him,"" Bush said. ""I am confident that Dana will be a great addition to the White House press corps."" Snow had been the White House's chief spokesman since 2004. ""I am grateful to President Bush for considering Dana to be his press secretary,"" Snow said in a statement. ""I have been a reporter for 42 years and I have always said I would rather be in a room with my colleagues than my enemies. Dana Perino will be the most talented and professional press secretary in history and I am confident she will be a terrific president's press secretary."" Snow and Perino worked together on the 2004 campaign, when Snow was a senior White House correspondent and Perino was a reporter for Fox News Channel. Snow and Perino have been friends for more than 20 years. ""I am very honored to be chosen to be the White House press secretary,"" Perino",30.5%,1.77
m-nom,0.3,"WASHINGTON (CNN) -- White House press secretary Tony Snow, who is undergoing treatment for cancer, will step down from his post September 14 and be replaced by deputy press secretary Dana Perino, the White House announced Friday. White House press secretary Tony Snow will step down from his post on September 14. President Bush told"," his press secretary, Tony Snow, that he will be replacing him with Dana Peril. He told his White House press secretary, Tony Snow, to step down on September 14. White House press secretary Tony Snow is stepping down on September 14. President Bush appointed Dana Peril as his new White House press secretary. He appointed Dana Peril as his new White- House press-s-s- s- White- House Press-s-s- White- House Press-s- s- White- House Press-s-s- White- House Press-s- s- White- House Press-s- s- White-- House Press-s- s- White- House Press-s- s- White- House Press-s- s- White- House Press-s- s- White- House Press-s- s- White- House Press-s- s- White-- House Press-s- s- White- House Press-s- s",57.4%,10.5,"press - White-, Tony Snow - White White White White White he -- be replacing him - --- Dana - White - White - sil - White White He told his White White White House White House press- White  - White House White White White White- secretary - White White House Snow White House -- step down on September White House White White House press secretary Tony Snow is  White White White House White down White House White- September 14. White- - White Bush appointed Dana Peril as his new s White House press secretary. He appointed - sa Peril as his new White- House   White White House White-- White- White White- White- s  White- White- - --s- White White White- White- - White - White-- White- House - --s White House Whites - White White White- House Press-s  White House Press White-  -  - White White White White- Whites- White- House Press-s-s- White  - White- White- House Press-s- - ss- White- White House White - White-s- s- White-- House Press-s-  - White-- White- House Press- - White- - s s- White- - White- - White- s - s-s- s- White- House Press-s- s- White- House Press-s- s- White- House Press-s- s- White-- House Press-s- s- White- House Press-s- s",36.0%,4.41,", ,- Tony Snow, that he and/ Snow the White to White will - s be - s replacing - White House --- him with Dana Per - - sil. He told his White House press secretary - s, White- Tony Snow, to step down on September 14. White House - White House press secretary Tony Snow is stepping down on September 14. President Bush appointed Dana Per s. s White Black Houseil as his -s s . s- new White House press secretary . White House. He White House appointed - Dana s Peril as his new White- House press- - os -s-s- s- s, said White- House Press-s - - ss- s White House press - Whites- White- House Press- s's- s-s- White- House Press-s "" --s- White- House Press-s- s- White- - s- - - White House Press-s- s- White-- House Press-s- s- - of - s- to - White- House Press- s- White- Whites- s- -- White- - p House Press-s- s- White- House Press- --s- White s White- House White White s s- - s White- to White- House Press to White--s- s- White --- House Press- s Willss ;- - s s s-- White-- House Press-s- s - s to -- White - -s- House Press-s- s",36.0%,4.41,"  his press secretary , Tony Snow , that he will be replacing him with Dana Peril . He told his White House press secretary , Tony Snow , step down on September 14 . White House press secretary Tony Snow is stepping down on September 14 . President Bush appointed Dana Peril as his White House press secretary . He appointed Dana Peril as his White- House press - s - s- s- White- House Press - s - s- White- House Press - s- s- White- House Press - s - s- White- House Press - s- s- White- House Press - s- s- White-- House Press - s- s- White- House Press - s- s- White- House Press - s- s- White- House Press - s- s- White- House Press - s- s- White- House Press - s- s- White-- House Press - s- s- White- House Press - s- s",33.7%,2.78," Snow he wants Perino to succeed him. ""I've asked Tony to step down from this position and I want Dana to succeed him,"" Bush said. ""I am confident that Dana will be a great addition to the White House press corps."" Snow had been the White House's chief spokesman since 2004. ""I am grateful to President Bush for considering Dana to be his press secretary,"" Snow said in a statement. ""I have been a reporter for 42 years and I have always said I would rather be in a room with my colleagues than my enemies. Dana Perino will be the most talented and professional press secretary in history and I am confident she will be a terrific president's press secretary."" Snow and Perino worked together on the 2004 campaign, when Snow was a senior White House correspondent and Perino was a reporter for Fox News Channel. Snow and Perino have been friends for more than 20 years. ""I am very honored to be chosen to be the White House press secretary,"" Perino",30.5%,1.77
m-nom,0.5,"WASHINGTON (CNN) -- White House press secretary Tony Snow, who is undergoing treatment for cancer, will step down from his post September 14 and be replaced by deputy press secretary Dana Perino, the White House announced Friday. White House press secretary Tony Snow will step down from his post on September 14. President Bush told"," his press secretary, Tony Snow, that he will be replacing him with Dana Peril. He told his White House press secretary, Tony Snow, to step down on September 14. White House press secretary Tony Snow is stepping down on September 14. President Bush appointed Dana Peril as his new White House press secretary. He appointed Dana Peril as his new White- House press-s-s- s- White- House Press-s-s- White- House Press-s- s- White- House Press-s-s- White- House Press-s- s- White- House Press-s- s- White-- House Press-s- s- White- House Press-s- s- White- House Press-s- s- White- House Press-s- s- White- House Press-s- s- White- House Press-s- s- White-- House Press-s- s- White- House Press-s- s",57.4%,10.5,"press s White, Tony Snow White White - - White White White- White Whitehe will  White White House - White - White replacing White House Press White House Press --- White -a Peril. He told his White House s- White White House Press House  -  White White House  White White White White- secretary, Tony s White, - - step down on White House Press 14. White  White White House White --- White -- White White House Tony Snow is stepping down White- September White White House President Bush appointed Dana Peril White White House White House - White House White White new White -- White White - -- White White- secretary White -- White White House Press White - s White House Press  White White House White White Housesa Per - - White White White White White as his new White ---- White- House --  White White House-s-s White White House s White White Whites White White White House Press House s White -  White White White White White White s White White Houses- House Press-s White White Whites  White House Press s - White White House White- s White- White White Press White House Presss  White White White White - White - White House Whites s - White House- White House - s- s- -- Press -- White Houses-s -- White- House White --s- s- White- House Press-s-  White House Press- White-- House - White--s-   White House Press- White- House Press-s White House Press - ss- White- House Press-s- s- . President Bush- - s Press- White House Press- s- White- House Press -  --s- s- White- House Press-s- s- White-- House Press-s- s- - White-- House Press-s- s",29.7%,2.08,"a White-, Tony Snow, that -- White House White House White he will be replacing White House Press him with Dana Peril. He told his White White s - White - - White House - - White -- House press secretary White White White, Tony Snow, House Press White House House- to step down on - s -- White White September White White -- - White House White - s White - 14. White House press -- secretary Tony Snow is - -- White -- White White stepping - White White -- White White down on September 14. White White White President Bush appointed Dan White House Pressa White White House Peril as his new -- White White - and White House - White - White --- House Press House- House press White House White- White House - White White ---- House press secretary. . House White He appointed White White White White White House - White Dan - s House Press White - -- White White White White White Houses Whitea - White House Per - - White White House White nil as his new White -- White House- - White -- House press- - House Presss White White - -- White House White House -- White- --s- s - White House- - - s White -- White House White- House Press-s-s- White - --s- House White White White Press - s-s- s- - White White- House Press-s-s - White White- - - White - White Houses White- House Press-s- s- White- House Press- House press Secretary White Whites- s --- White- - White House White- White s- House - White House -- - Press-s- s- -- White White White a - White House- House Press-s- White House Presss- White- House Press-s- - White White House White s --- White House White- House White House White Press - House - - press- House Press --s- s- White White House - s --- House Press-s- White Whites- White- House Press-s- -- White Houses ----- White-- House Press-s- s - White White- White- - s House White -- White Press-s- -- - White s",28.4%,1.63,"  his press secretary , Tony Snow , that he will be replacing him with Dana Peril . He told his White House press secretary , Tony Snow , step down on September 14 . White House press secretary Tony Snow is stepping down on September 14 . President Bush appointed Dana Peril as his White House press secretary . He appointed Dana Peril as his White- House press - s - s- s- White- House Press - s - s- White- House Press - s- s- White- House Press - s - s- White- House Press - s- s- White- House Press - s- s- White-- House Press - s- s- White- House Press - s- s- White- House Press - s- s- White- House Press - s- s- White- House Press - s- s- White- House Press - s- s- White-- House Press - s- s- White- House Press - s- s",33.7%,2.78," Snow he wants Perino to succeed him. ""I've asked Tony to step down from this position and I want Dana to succeed him,"" Bush said. ""I am confident that Dana will be a great addition to the White House press corps."" Snow had been the White House's chief spokesman since 2004. ""I am grateful to President Bush for considering Dana to be his press secretary,"" Snow said in a statement. ""I have been a reporter for 42 years and I have always said I would rather be in a room with my colleagues than my enemies. Dana Perino will be the most talented and professional press secretary in history and I am confident she will be a terrific president's press secretary."" Snow and Perino worked together on the 2004 campaign, when Snow was a senior White House correspondent and Perino was a reporter for Fox News Channel. Snow and Perino have been friends for more than 20 years. ""I am very honored to be chosen to be the White House press secretary,"" Perino",30.5%,1.77
m-nom,0.1,"(CNN) -- Police and FBI agents are investigating the discovery of an empty rocket launcher tube on the front lawn of a Jersey City, New Jersey, home, FBI spokesman Sean Quinn said. Niranjan Desai discovered the 20-year-old AT4 anti-tank rocket launcher tube, a one-time"," product, in the yard of a home in the city. Police are investigating the discovery. ""It appears the AT4 was used in a residential home. It is unclear how many were collected."" FBI spokesman Sean Quinn said. ""It is unclear how many were collected. The AT4 was used in a residential home."" FBI spokesman Sean Quinn said. ""It appears the AT4 was used in a residential home. It is unclear how many were collected. The AT4 was used in a residential home."" FBI spokesman Sean Quinn said. ""It appears the AT4 was used in a residential home. It is unclear how many were collected. The AT4 was used in a residential home."" FBI spokesman Sean Quinn said. ""It appears the AT4 was used in a residential home. It is unclear how many were collected. The AT4 was used in a residential home."" FBI spokesman Sean Quinn said. ""It appears the AT4 was used in a residential home. It is unclear how many were",66.0%,13.3,"were collected how in the yard of a home in the city. Police are investigating the discovery how many were ""It appears the AT4 was used collected how many a residential home. It recollections unclear how many were collected."" FBI spokesman Sean Quinn said. ""It is unclear how many were collected how many were The AT4 was used in a s collected home."" FBI used. Thespokesman Sean Quinn said. ""I s collected how were s the . The AT4 was used in a residential home. It is unclear how many collected. The collected collected. The The collected. The4 was used in recollectionsa residential home."" FBI spokesman Sean Quinn said. ""It appears the AT4 was used in a residential home. It is unclear how many were collected. The AT4 was spokesman were collected how  recollections residential home."" used how collected spokesman Sean Quinn said. ""I were collected how appears the AT4 was used collected. The a residential home. It recollections unclear how collected how many . collected collected. The AT4 was used in a residential home."" FBI spokesman Sean Quinn said. ""It appears the AT4 was used in a residential home. It is unclear how many were",43.3%,6.56,", in the yard of a home in the city. was collected. Police are investigating the discovery. ""It appears the AT4 was used in a residential home. . The collected It is unclear how many were collected."" FBI spokesman Sean Quinn . It is said. ""I collected. Thet is unclear how many . . The The were collected. The collected. The . The collected AT4 was is unclear how used in a residential home collected. The."" FBI . The usedspokesman Sean Quinn said. ""It appears the AT4 was used in a residential home. . The collection It is unclear . The collected how many were collected. The AT4 was used in a residential home."" FBI s collected.pokesman Sean Quinn said. ""I . .t . The collected appears the AT4 was used in a residential home. It is unclear how many were collected. The AT4 was collected. The used in a residential home."" FBI . collected spokesman Sean Quinn said. how many were ""It appears the AT4 was used in a residential home. It . The collected is unclear collected. The how many were collected. The AT4 was collected. The used in a residential home."" FBI spokesman Sean Quinn said. ""It appears the AT4 was used . The collected in a residential home. It is unclear how many were",44.9%,7.53,"  product , in the yard of a home in the city . Police are investigating discovery . "" It appears the AT4 was used in a residential home . It is unclear how many were collected . "" FBI spokesman Sean Quinn said . "" It is how were collected . The AT4 was used in residential home . "" FBI spokesman Sean Quinn said . "" It appears AT4 was used in residential home . It is how many were collected . AT4 was used in residential home . "" FBI spokesman Sean Quinn said . "" It appears AT4 was used in residential home . It is unclear how were collected . The AT4 was used in a home . "" FBI spokesman Sean Quinn said . "" It appears AT4 was used in a home . It is unclear how many were collected . AT4 was used in a residential home . "" FBI spokesman Sean Quinn said . "" It appears AT4 was used in residential home . It is unclear how were",43.5%,5.79," military surplus item, in his front yard early Wednesday on Bergen Avenue.

The item was found about five blocks away from a man who was shot to death Tuesday night outside a large kosher supermarket.

""We're trying to determine the origin,"" Quinn said. ""There are no indications that this was an act of terrorism.""

FBI special agents and Jersey City police detectives are investigating the discovery.

Desai said he was cleaning out his basement when he found the tube, which had a red-and-white flag with a swastika on it. He said he put it in the back of his car and found it again later in the day.

The discovery sparked outrage among some residents who said they thought it was a hate crime.

""I think it's a hate crime, for sure. I think it's a hate crime,"" said resident Michael DePasquale. ""Why would a 20-year-old put a swastika on",24.4%,-0.206
m-nom,0.3,"(CNN) -- Police and FBI agents are investigating the discovery of an empty rocket launcher tube on the front lawn of a Jersey City, New Jersey, home, FBI spokesman Sean Quinn said. Niranjan Desai discovered the 20-year-old AT4 anti-tank rocket launcher tube, a one-time"," product, in the yard of a home in the city. Police are investigating the discovery. ""It appears the AT4 was used in a residential home. It is unclear how many were collected."" FBI spokesman Sean Quinn said. ""It is unclear how many were collected. The AT4 was used in a residential home."" FBI spokesman Sean Quinn said. ""It appears the AT4 was used in a residential home. It is unclear how many were collected. The AT4 was used in a residential home."" FBI spokesman Sean Quinn said. ""It appears the AT4 was used in a residential home. It is unclear how many were collected. The AT4 was used in a residential home."" FBI spokesman Sean Quinn said. ""It appears the AT4 was used in a residential home. It is unclear how many were collected. The AT4 was used in a residential home."" FBI spokesman Sean Quinn said. ""It appears the AT4 was used in a residential home. It is unclear how many were",66.0%,13.3,", in the yard of a home in the city s collected Police are investigating collected The AT discovery. ""It appears the AT  s collected collected AT4 was used   a residential home s collectedpokesman s collected AT4a residential home a s s collecteds s is unclear how many the . The AT4 s collected."" n collected spokesman Sean Quin collected collected said. ""It is , s how many  s collectedpokesman s s collected collected the collected collected collected4 The AT4 was used in a s collected collected spokesman  s collected collected  s collected , in collected collected collected s collected FBI s collection collected Sean Quinn said. ""It appears the s , in collected collected s collected collected , in collected used , collected , collected in collected a residential home. It was t s unclear how . s were collected. s s AT4 was used in s sa collected. The home."" FBI spokesman Sean s collectedn said. ""It appears the AT4 was used s collected  s collected residential home. It is s collected how many were collected spokesman The AT s collected Residential was used in a residential home  spokesman collected collected FBI spokesman  in spokesman collected AT4 spokesman s s said. was used inI spokesman Sean appears the AT4 s collected used in a residential home. It is unclear how many were collected collected. The AT4 was used in a residential home."" FBI spokesman Sean Quinn said spokesman ""It appears the AT4 was used in a residential home. It is unclear how many were",34.0%,3.62,", in the yard of A The AT4."" homea home in the city. AT4 Police are investigating the discovery. ""I homes. Itt appears the AT4 was used in a residential home. It is unclear how many were collected."" FBI spokesman Sean spokesmanA collected Home collected Quin . collectedn said. "" home homeAn."" FBI collected.It collected, in collected. The is unclear collected. Home how the AT4 many were collected. The AT4 was used in a residential home."" FBI collected the home spokesman Sean Quinn said collected. , home collected Home. ""It appears collected. The the AT "" Home.spokesman4 was used in a AT st collected residential home. collected.Home It is unclear how many were collected. The AT44 collected. home was used The collected. Home collected. The AT4 was used in a residential home."" FBI spokesman Sean Quinn said. ""It collectedThe AT appears a residential the AT4 was It appears at used in a residential home. It collectionHome is unclear how many were collected. The st Home AT The AT44 was used the Home 44 a private in collectedThe The the collected AT a residential home."" FBI spokesman Sean Quinn said. "" home Home was the collected. , the collected home AT4It appears the AT4 was used in collected the . It was ATa residential home. It is unclear how many were collected The collected. The AT4 was collected. The used in a AT44 was residential the AT44 was AT a residential A44 home a residential A."" FBI spokesman Homes collected. ATpokesman & collected Sean Quinn 4 appeared used said. collected residential The AT The AT "" , home collectedIt appears the AT4 was used in collected The AT4. The a residential how , collected, many AT44 was were home collected. . The AT home AT collected.Home44 . collected was. It is unclear how collected. The many were",34.4%,4.3,"  product , in yard of home in city . Police are investigating discovery . "" It appears AT4 was used in home . It is how were collected . "" FBI spokesman Sean Quinn said . "" It is how were collected . AT4 was used in home . "" FBI spokesman Sean Quinn said . "" It appears AT4 was used in home . It is how were collected . AT4 was used in home . "" FBI spokesman Sean Quinn said . "" It appears AT4 was used in home . It is how were collected . AT4 was used in home . "" FBI spokesman Sean Quinn said . "" It appears AT4 was used in home . It is how were collected . AT4 was used in home . "" FBI spokesman Sean Quinn said . "" It appears AT4 was used in home . It is how were",43.1%,5.29," military surplus item, in his front yard early Wednesday on Bergen Avenue.

The item was found about five blocks away from a man who was shot to death Tuesday night outside a large kosher supermarket.

""We're trying to determine the origin,"" Quinn said. ""There are no indications that this was an act of terrorism.""

FBI special agents and Jersey City police detectives are investigating the discovery.

Desai said he was cleaning out his basement when he found the tube, which had a red-and-white flag with a swastika on it. He said he put it in the back of his car and found it again later in the day.

The discovery sparked outrage among some residents who said they thought it was a hate crime.

""I think it's a hate crime, for sure. I think it's a hate crime,"" said resident Michael DePasquale. ""Why would a 20-year-old put a swastika on",24.4%,-0.206
m-nom,0.5,"(CNN) -- Police and FBI agents are investigating the discovery of an empty rocket launcher tube on the front lawn of a Jersey City, New Jersey, home, FBI spokesman Sean Quinn said. Niranjan Desai discovered the 20-year-old AT4 anti-tank rocket launcher tube, a one-time"," product, in the yard of a home in the city. Police are investigating the discovery. ""It appears the AT4 was used in a residential home. It is unclear how many were collected."" FBI spokesman Sean Quinn said. ""It is unclear how many were collected. The AT4 was used in a residential home."" FBI spokesman Sean Quinn said. ""It appears the AT4 was used in a residential home. It is unclear how many were collected. The AT4 was used in a residential home."" FBI spokesman Sean Quinn said. ""It appears the AT4 was used in a residential home. It is unclear how many were collected. The AT4 was used in a residential home."" FBI spokesman Sean Quinn said. ""It appears the AT4 was used in a residential home. It is unclear how many were collected. The AT4 was used in a residential home."" FBI spokesman Sean Quinn said. ""It appears the AT4 was used in a residential home. It is unclear how many were",66.0%,13.3,"spokesman . collected s spokesman  . collected collection s spokesmanpokesmanpokesman spokesman spokesman of  s s spokesman. Sean spokesman spokesmanspokesmans  spokesmanpokesman the city. spokesman are investigating spokesmans . collected s discovery. ""I spokesman appears spokesman AT spokesman spokesman used spokesman . collecteda  spokesman spokesman  .spokesmanpokesman Sean.    spokesman collected spokesmanpokesman It is spokesman how . collected were . collecteds spokesmanspokesman . collectedspokesman Sean . collected  spokesman Seanpokesmanspokesman Seanspokesman Sean Quinn s spokesman spokesman . collected. collected spokesman ""I how many were is unclear how spokesman were collected. The AT spokesman  spokesman . collected collected .spokesman Sean used  spokesman spokesmanpokesmansspokesman spokesman spokesmana s spokesman spokesmanspokesman Sean home."" FBI  spokesman  s sspokesmanpokesman Sean Quin spokesman were collected. spokesman "" s spokesmant appears the AT4 was used in spokesmanspokesman Seanspokesman . collectedpokesman Seana residential home. It is unclear spokesman many were collected. The AT4 was used . collected a spokesmanspokesman Sean home."" FBI s spokesman Sean spokesman Quinn said. spokesmanIt appears the spokesman4 was used spokesman spokesman a spokesman home. It spokesman unclear how many spokesman Sean collected. The AT4 was used spokesman a residential home."" FBI  spokesmanpokesman Sean Quinn said. ""It appears the AT4 was used in a residential home. It is unclear how many were collected. The AT4 was used in a residential home."" FBI . collected. collectedspokesman Sean Quinn said. ""It appears the AT4 was used in were collected.a residential home spokesman Sean It is unclear how many were",33.4%,3.75,"s, in s the yard s of its a home in the city Police are. s. "" police itss Police are s a it s it investigating s s a it collected the discovery. ""It appears a residential s a it collected the s AT a s s s s it it4 s it was s collected used in a a residential n collected home a. It a s collected is unclear how many were collected."" ss it collected FBI police its a spokesman a Sean s it collected Quinn said. "" sIt is unclear how many a were and c as collected s s collected. The c s s the AT s collected4 was used in a residential home a."" FBI s apokesman Sean a collected Quinn said. s it . the "" s itIt appears the AT4 was s collected the s , used in c itsa residential a s home. It is unclear s it how many were collected s. The o a s is it AT4 was used in a residential home a residential home."" FBI a itspokesman Sean how were collected collected. The s it a Quin . It isn said ssts as Police. are s s and ""I st appears the AT4 was used c collected in sa residential home. Police its It s the is unclear how many were collected. The AT4 was It s used in a residential a home s it."" is s FBI spokesman Sean st Quinn said. ""It appears collected s the AT4 was used s the s s it collected collected s in a residential home s collected. It is unclear how many s were collected. The AT4 . It is was used in a residential home."" FBI a a s collected a residential a home s it collected the collected.pokesman Sean Quinn said s s it. "" aIt appears the AT s s collected4 s it was used in s sa residential home s collected. It spokesman is unclear s was t collected collected. sccollecte how many were",33.5%,3.9,"  product , in yard of home in city . Police are investigating discovery . "" It appears AT4 was used in home . It is how were collected . "" FBI spokesman Sean Quinn said . "" It is how were collected . AT4 was used in home . "" FBI spokesman Sean Quinn said . "" It appears AT4 was used in home . It is how were collected . AT4 was used in home . "" FBI spokesman Sean Quinn said . "" It appears AT4 was used in home . It is how were collected . AT4 was used in home . "" FBI spokesman Sean Quinn said . "" It appears AT4 was used in home . It is how were collected . AT4 was used in home . "" FBI spokesman Sean Quinn said . "" It appears AT4 was used in home . It is how were",43.1%,5.29," military surplus item, in his front yard early Wednesday on Bergen Avenue.

The item was found about five blocks away from a man who was shot to death Tuesday night outside a large kosher supermarket.

""We're trying to determine the origin,"" Quinn said. ""There are no indications that this was an act of terrorism.""

FBI special agents and Jersey City police detectives are investigating the discovery.

Desai said he was cleaning out his basement when he found the tube, which had a red-and-white flag with a swastika on it. He said he put it in the back of his car and found it again later in the day.

The discovery sparked outrage among some residents who said they thought it was a hate crime.

""I think it's a hate crime, for sure. I think it's a hate crime,"" said resident Michael DePasquale. ""Why would a 20-year-old put a swastika on",24.4%,-0.206
m-nom,0.1,"WASHINGTON (CNN) -- As he awaits a crucial progress report on Iraq, President Bush will try to put a twist on comparisons of the war to Vietnam by invoking the historical lessons of that conflict to argue against pulling out. President Bush pauses Tuesday during a news conference at the  North American Leaders summit in Canada. On"," Monday, President Bush was asked about the  war on the  and  how  is  it  going  to  go  to  to  to  to  to  to  to  to  to  to  to  to  to  to  to  to  to  to  to  to  to  to  to  to  to  to  to  to  to  to  to  to  to  to  to  to  to  to  to  to  to  to  to  to  to  to  to  to  to  to  to  to  to  to  to  to  to  to  to  to  to  to  to  to  to  to  to  to  to  to  to  to  to  to  to  to  to  to  to  to  to  to  to  to  to  to  to",7.6%,-5.64,", President Bush was , that , how about the war on the and how is it going to go to to to to to to to to to . I said to to to to to to to to to to to to to to to to to to to to to to to . About the to to to to  , that' said about to to to to to to to to to to , that' to to to to to to to to to to , about to to to to to to to to to to to to to to to to to to to to to to to to to to to to to to to",70.2%,11.5,", President Bush was asked about the war on the and how is it going to go to to to to to . When asked to to to to to to to to to to to to to to to to to to to to to to to to to to to to to to to to to to. to to to to to to to to to to . to to to to to to to to to to to to to to to to to to to to to to to to to to to to to to to to to to to to to to to to to to to to to to to to to to to to to to to to to to to",83.5%,15.2,"  Monday , President Bush was asked about   war on the     how   is   it   going     go   to   to   to   to   to   to   to   to   to   to   to   to   to   to   to   to   to   to   to   to   to   to   to   to   to   to   to   to   to   to   to   to   to   to   to   to   to   to   to   to   to   to   to   to   to   to   to   to   to   to   to   to   to   to   to   to   to   to   to   to   to   to   to   to   to   to   to   to   to   to   to   to   to   to   to   to   to   to   to   to   to   to   to   to   to   to  ",3.1%,-8.59," the agenda are efforts to stop the rise of radical Islam, stabilize Iraq and create a political solution for the Palestinian problem.

A man who was shot in the head in New York City's Times Square in front of his wife and two children is expected to recover, police said. It was not immediately clear whether the man, who was standing in the middle of the street, had been hit by stray bullet or if the shooting was racially motivated.

PBS' ""Frontline"" aired a special report today about the fallout from the death of Osama bin Laden in a raid by U.S. Navy Seals in the Pakistan.

The program looked at the pressures facing the military and intelligence agencies that worked to bring bin Laden to justice.

PBS' ""Frontline"" aired a special report Friday about the fallout from the death of Osama bin Laden in a raid by U.S. Navy Seals in the Pakistan.

The program looked at the pressures facing",31.5%,2.1
m-nom,0.3,"WASHINGTON (CNN) -- As he awaits a crucial progress report on Iraq, President Bush will try to put a twist on comparisons of the war to Vietnam by invoking the historical lessons of that conflict to argue against pulling out. President Bush pauses Tuesday during a news conference at the  North American Leaders summit in Canada. On"," Monday, President Bush was asked about the  war on the  and  how  is  it  going  to  go  to  to  to  to  to  to  to  to  to  to  to  to  to  to  to  to  to  to  to  to  to  to  to  to  to  to  to  to  to  to  to  to  to  to  to  to  to  to  to  to  to  to  to  to  to  to  to  to  to  to  to  to  to  to  to  to  to  to  to  to  to  to  to  to  to  to  to  to  to  to  to  to  to  to  to  to  to  to  to  to  to  to  to  to  to  to  to",7.6%,-5.64,"to to to President Bush was asked to to to the war on the and how is it going to , and . . is to to to to to to to to to to to to to to to to to to to to to to to to to to to to to to to to to to to to to to to to to to to to to to to to to to to to to to to to to to to to to to to to to to to to to to to to to to to to to to to to to to to to to to to to to to to to to to to to to to to to to to to to to to to to to to to to to to to to to to to to to to to to to to to to to to",88.8%,18.2,", President , and , ,,, about how Bush was asked about the ., war ,, on the and how is it going to go , and how to to to to to , , to , , , about how to to , about how to to , , to to to to to to to to to to to to to to to , . to to to to to to to ., ,, to to ,.. When asked to to to to to to to , , about to, ,, about to to to to to to to to to to to to to to ,, about to to to to , said to , to ,. to to to to to to to to to , President said , about how, and the to to , and that to to to to to ,, to to to to , about to to to to ,, when to to to , about how to",42.4%,5.34,"  Monday , President Bush was asked about   war on the     how   is   it   going     go   to   to   to   to   to   to   to   to   to   to   to   to   to   to   to   to   to   to   to   to   to   to   to   to   to   to   to   to   to   to   to   to   to   to   to   to   to   to   to   to   to   to   to   to   to   to   to   to   to   to   to   to   to   to   to   to   to   to   to   to   to   to   to   to   to   to   to   to   to   to   to   to   to   to   to   to   to   to   to   to   to   to   to   to   to   to  ",3.1%,-8.59," the agenda are efforts to stop the rise of radical Islam, stabilize Iraq and create a political solution for the Palestinian problem.

A man who was shot in the head in New York City's Times Square in front of his wife and two children is expected to recover, police said. It was not immediately clear whether the man, who was standing in the middle of the street, had been hit by stray bullet or if the shooting was racially motivated.

PBS' ""Frontline"" aired a special report today about the fallout from the death of Osama bin Laden in a raid by U.S. Navy Seals in the Pakistan.

The program looked at the pressures facing the military and intelligence agencies that worked to bring bin Laden to justice.

PBS' ""Frontline"" aired a special report Friday about the fallout from the death of Osama bin Laden in a raid by U.S. Navy Seals in the Pakistan.

The program looked at the pressures facing",31.5%,2.1
m-nom,0.5,"WASHINGTON (CNN) -- As he awaits a crucial progress report on Iraq, President Bush will try to put a twist on comparisons of the war to Vietnam by invoking the historical lessons of that conflict to argue against pulling out. President Bush pauses Tuesday during a news conference at the  North American Leaders summit in Canada. On"," Monday, President Bush was asked about the  war on the  and  how  is  it  going  to  go  to  to  to  to  to  to  to  to  to  to  to  to  to  to  to  to  to  to  to  to  to  to  to  to  to  to  to  to  to  to  to  to  to  to  to  to  to  to  to  to  to  to  to  to  to  to  to  to  to  to  to  to  to  to  to  to  to  to  to  to  to  to  to  to  to  to  to  to  to  to  to  to  to  to  to  to  to  to  to  to  to  to  to  to  to  to  to",7.6%,-5.64,".  .. To  . to to But . But was asked . But .... . To . . And.. . . on the and . to . . to .. the the .. but. He . . .. .. war going to .. to  . . And to . to.. to to . to to to  .. to . to . However to to to  . He. But to . to to to . .. to the to to to to to . To.. to to to .. to to to . .. was .. to. But Bush to to to  . to to. to to to to to to to to to to to to to to to to to to . By. Bush the to . But Bush.. to to to to to to to to to to to to to to to , and how to to to to to to to to to to to to to",43.9%,5.75,". According, to to President Bush was asked about the war to to to on the and to. the to to, to to to to how is it going to to to to to to to to to to to to to go to to to to to to to to to to to to to to to to to to to to to to to to to to to to to to to to to the to to to to to to to to to to to to to to to to to to to to to to to to to to to to to to to to to to to to to to to to to to to to to to to to to to to to to to to to to to to to to to to to to to to to to to to to to to to to to to to to to to to to to to to to to to to to to to to to to to to to to to to to to. to to to to to to to to to to to to to to to to to to to to to to to to to to to to to to to to to to to to to to to to to to to to to to to the to to to to to",86.4%,21.8,"  Monday , President Bush was asked about   war on the     how   is   it   going     go   to   to   to   to   to   to   to   to   to   to   to   to   to   to   to   to   to   to   to   to   to   to   to   to   to   to   to   to   to   to   to   to   to   to   to   to   to   to   to   to   to   to   to   to   to   to   to   to   to   to   to   to   to   to   to   to   to   to   to   to   to   to   to   to   to   to   to   to   to   to   to   to   to   to   to   to   to   to   to   to   to   to   to   to   to   to  ",3.1%,-8.59," the agenda are efforts to stop the rise of radical Islam, stabilize Iraq and create a political solution for the Palestinian problem.

A man who was shot in the head in New York City's Times Square in front of his wife and two children is expected to recover, police said. It was not immediately clear whether the man, who was standing in the middle of the street, had been hit by stray bullet or if the shooting was racially motivated.

PBS' ""Frontline"" aired a special report today about the fallout from the death of Osama bin Laden in a raid by U.S. Navy Seals in the Pakistan.

The program looked at the pressures facing the military and intelligence agencies that worked to bring bin Laden to justice.

PBS' ""Frontline"" aired a special report Friday about the fallout from the death of Osama bin Laden in a raid by U.S. Navy Seals in the Pakistan.

The program looked at the pressures facing",31.5%,2.1
m-nom,0.1,"LONDON, England (CNN) -- A chronology of bombings and attempted bomb attacks in the mainland UK since the 1970s: . Police close off streets around Haymarket, in London's busy theater district. June 29, 2007: Police defuse a bomb consisting of 200 liters of fuel, gas cylinders and"," metal. It is a reference to the fact that on May 23. 2007, a 500 liters of fuel, 20 gas containers and 10 metal cylinders were placed in a car and were collected by officers. July 19, 2007: Police defuse a 7-kilogram bomb consisting of 100 liters of fuel, 20 gas containers and 10 metal cylinders, which were placed in a car and was collected by police. In the middle of a series of attempted attacks, police have discovered two bombs in this city that are similar to those used by suspected terrorists. July 19, 2007: Police defuse a 7-kilogram bomb consisting of 100 liters of fuel, 20 gas containers and 10 metal cylinders, which were placed in a car and was collected by police. In the middle of a series of attempted attacks, police have discovered two bombs in this city that are similar to those used by suspected terrorists. July 19, 2007: Police defuse a 7-kilogram bomb consisting of 100 liters",54.3%,9.5,"of fuel, of fuel, is a reference to of fuel, fact that on May 23. 2007,  of fuel, 500 liters of fuel, of of fuel,, gas containers and 10 metal cylinders were placed in a of fuel, of fuel, were collected by officers. July 19, 2007: Police defuse a 7-kilogram bomb of of fuel,,ing of 100 liters of fuel, 20 gas containers and 10 of fuel, cylinder of fuel,, which were of fuel, in a car and was collected by police. In the middle of a series of attempted attacks, police have discovered two bombs in this city that are similar to those used by suspected terrorists. July 19, 2007: Police of fuel, of fuel, of fuel, a 7-kilogram bomb consisting of 100 liters of fuel, of fuel, gas containers and 10 of fuel, cylinders, which were of fuel, in a car and was collected by police. In the middle of a series of attempted attacks, police have discovered two bombs in this of fuel, that are similar to those used of fuel, fuel, suspected terrorists. July 19, 2007: Police defuse a 7-kilogram bomb consisting of 100 liters",38.2%,4.72,". It is a reference to the fact that on May 23. 2007, a 500 liters of of fuel, fuel, 20 gas containers and 10 metal cylinders were placed in a car and were collected by officers. July , of fuel 19, 2007: , of Police fuel, defuse a 7-kil of fuel,ogram bomb consisting of , of of fuel, 100 of fuel,liters of fuel, 20 gas containers and 10 metal cylinders, which were placed in a car and was collected by police. In the middle of a series of attempted attacks, police have discovered two bombs in this city that are similar to those used by suspected terrorists. July 19, fuel, of 2007: Police defuse a 7-kilogram bomb consist of fuel,ing of k 100 liters of fuel, 20 gas of of fuel containers , of and 10 metal of fuel, cylinders, which were placed in of fuel, , ofa car and was collected by police. of fuel, In the middle of a series of attempted attacks, police have discovered two bombs in this city that are similar to those used by suspected terrorists. fuel, July 19, 2007: Police defuse a 7- of fuel,kil fuel,kogram bomb consisting of fuel, of fuel, of 100 liters",43.1%,6.69,"  metal . It is a reference to fact that on May 23 . 2007 , 500 liters of fuel , 20 gas containers 10 metal cylinders were placed in car were collected by officers . July 19 , 2007 : Police defuse 7 - kilogram bomb consisting of 100 liters of fuel , 20 gas containers 10 metal cylinders , which were placed in car was collected by police . In middle of series of attempted attacks , police have discovered two bombs in this city that are to those used by suspected terrorists . July 19 , 2007 : Police defuse a 7 - kilogram bomb consisting of 100 liters of fuel , 20 gas containers 10 metal cylinders , which were placed in car was collected by police . In the middle of series of attempted attacks , police have discovered two bombs in city that are to those used by suspected terrorists . July 19 , 2007 : Police defuse 7 - kilogram bomb consisting of 100 liters",38.0%,4.01," metal rods in the English city of Birmingham. May 23, 1974: A car bomb explodes at the Tate Modern art gallery in London, killing three people. May 18, 1976: Two bombs explode at the Heathrow airport. Five people are killed, including the suicide bomber. October 21, 1980: A suicide bomber blows himself up outside the London Stock Exchange. November 4, 1981: A car bomb in central London kills 12 people. January 1993: A truck bomb explodes near Parliament. March 1993: A van bomb explodes in central London. Two people are killed. And a British Airways plane is blown out of the sky in London's Heathrow airport. September 2002: A van bomb kills four people and injures 150 others in London. December 2003: A bomb-laden truck explodes in the London underground, injuring 30 people. January 2005: A van explodes in central London, killing three people. January 2007: A car bomb in the English city of Birmingham kills 23 people. June 2007: Two",21.8%,-1.03
m-nom,0.3,"LONDON, England (CNN) -- A chronology of bombings and attempted bomb attacks in the mainland UK since the 1970s: . Police close off streets around Haymarket, in London's busy theater district. June 29, 2007: Police defuse a bomb consisting of 200 liters of fuel, gas cylinders and"," metal. It is a reference to the fact that on May 23. 2007, a 500 liters of fuel, 20 gas containers and 10 metal cylinders were placed in a car and were collected by officers. July 19, 2007: Police defuse a 7-kilogram bomb consisting of 100 liters of fuel, 20 gas containers and 10 metal cylinders, which were placed in a car and was collected by police. In the middle of a series of attempted attacks, police have discovered two bombs in this city that are similar to those used by suspected terrorists. July 19, 2007: Police defuse a 7-kilogram bomb consisting of 100 liters of fuel, 20 gas containers and 10 metal cylinders, which were placed in a car and was collected by police. In the middle of a series of attempted attacks, police have discovered two bombs in this city that are similar to those used by suspected terrorists. July 19, 2007: Police defuse a 7-kilogram bomb consisting of 100 liters",54.3%,9.5,". , of , that city that are similar similar and of ofa reference to that are similar fact that on May 23. 2007, that are similara 500 liters of , are similar 20 , that are fuel have that are 20 gas , of and that are similar defuse cylinders were placed in , of of fuel, car , of , of collected by officers. July , of fuel 2007: , of def and of containers anda 7-kil  that are similar of bomb consisting of 100  of fuel defuse similar of fuel,s of of that are, and by suspected containers gas containers and , metal used ofcylinders, which were placed in a car and of , collected by police. In , of middle of  of fuel and series of attempted , city,, police have that are similar fuel , of two bomb of fuel, in this city that are similar and by , by those used have , by , of terrorists. of , and used by suspected 19, 2007 and by Police found afuse a 7-kilogram bomb of fuel,ing of , of liters of fuel, defuse gas containers of fuel, 10 metal  that ares of of which were placed in a car and was collected by police. In the , of that of fuel that are similar fuel, a series of attempted attacks, police ,s of discovered of fuel, bomb of fuel, in this , of that are similar to those of fuel, by suspected terrorists. July 19, 2007: Police defuse a 7-kilogram bomb consisting of 100 liters",28.9%,1.6,". It is the fact, , of a reference to the fact of fuel that on May of fuel, one of two 23 , fuel. 2007, of fuel, a 500 liters of fuel, of fuel, 20 gas containers and 10 the fact of metal cylinders were placed fuel of of reference in a car and were of fuel, collected of, by officers. of fuel, July 19, 2007: Police defuse a 7- , of of fuel the,,kilogram bomb consist reference, fueling of 100 liter of fuel,s of fuel the fact, 20 , gas containers and 10 metal , cylinders, which the fact, were placed in a car and , of was collected by police. , of which were In , of the fact, the middle of a series of of fuel , , of,s attempted attacks, police have discovered of one of two the, bombs a reference in this city that are of fuel, similar to those used by suspected , gas terrorists. of fuel, July 19, of fuel, 2007: of the fact Police defuse a 7- of fuel, , referencek s of fuelilogram bomb consist of of fuel, of fueling of 100 liters of of fuel, fuel, fuel of of fuel, 20 gas containers of fuel' and 10 metal cylinders, which were placed in a car and was collected by of fuel fuel,, police , the middle. of fuel which was, In ,, the middle of a series of attempted attacks, police have discovered two bombs , of in this of fuel, city that are similar to those used by suspected the fact the terrorist , ,, the fuels of fuel,. July 19, 2007: Police the middle of defuse a 7-kil the factogram bomb consist of , of fuel of ,, on fuel,,ing of 100 , of the fact, liters",34.4%,4.16,"  metal . It is reference to fact that on May 23 . 2007 , 500 liters of fuel , 20 gas containers 10 metal cylinders were placed in car were collected by officers . July 19 , 2007 : Police defuse 7 - kilogram bomb consisting of 100 liters of fuel , 20 gas containers 10 metal cylinders , which were placed in car was collected by police . In middle of series of attempted attacks , police have discovered two bombs in city that are to those used by suspected terrorists . July 19 , 2007 : Police defuse 7 - kilogram bomb consisting of 100 liters of fuel , 20 gas containers 10 metal cylinders , which were placed in car was collected by police . In middle of series of attempted attacks , police have discovered two bombs in city that are to those used by suspected terrorists . July 19 , 2007 : Police defuse 7 - kilogram bomb consisting of 100 liters",37.7%,3.88," metal rods in the English city of Birmingham. May 23, 1974: A car bomb explodes at the Tate Modern art gallery in London, killing three people. May 18, 1976: Two bombs explode at the Heathrow airport. Five people are killed, including the suicide bomber. October 21, 1980: A suicide bomber blows himself up outside the London Stock Exchange. November 4, 1981: A car bomb in central London kills 12 people. January 1993: A truck bomb explodes near Parliament. March 1993: A van bomb explodes in central London. Two people are killed. And a British Airways plane is blown out of the sky in London's Heathrow airport. September 2002: A van bomb kills four people and injures 150 others in London. December 2003: A bomb-laden truck explodes in the London underground, injuring 30 people. January 2005: A van explodes in central London, killing three people. January 2007: A car bomb in the English city of Birmingham kills 23 people. June 2007: Two",21.8%,-1.03
m-nom,0.5,"LONDON, England (CNN) -- A chronology of bombings and attempted bomb attacks in the mainland UK since the 1970s: . Police close off streets around Haymarket, in London's busy theater district. June 29, 2007: Police defuse a bomb consisting of 200 liters of fuel, gas cylinders and"," metal. It is a reference to the fact that on May 23. 2007, a 500 liters of fuel, 20 gas containers and 10 metal cylinders were placed in a car and were collected by officers. July 19, 2007: Police defuse a 7-kilogram bomb consisting of 100 liters of fuel, 20 gas containers and 10 metal cylinders, which were placed in a car and was collected by police. In the middle of a series of attempted attacks, police have discovered two bombs in this city that are similar to those used by suspected terrorists. July 19, 2007: Police defuse a 7-kilogram bomb consisting of 100 liters of fuel, 20 gas containers and 10 metal cylinders, which were placed in a car and was collected by police. In the middle of a series of attempted attacks, police have discovered two bombs in this city that are similar to those used by suspected terrorists. July 19, 2007: Police defuse a 7-kilogram bomb consisting of 100 liters",54.3%,9.5,". It , of fuel  of fuel similar to ,of fuel fuel, to the fact , of fuel on May similar to 2007 similar  of similar to those, similar to those fuel 2007 2007,  similar to , similar to similar to those, of fuel  similar to thoses of fuel, similar to those similar to  similar of of , similar to to those , of of fuel of  of fuel, similar to, similar to those metal , similar , of fuel  , of fuel similar tocylinder , similar were placed in a car and , similar to ,  , similar to by , in , similar in ,, similar to similar , similar to those. July  , of similar to 2007 similar , of those , of fuel of fuel, that are similar are ilogram, of . They are similar , of , , similar to to to 2007, , of , similar to bomba 7 of fuel of fuel,ilogram bomb consisting of 100  of fuel, , , of in , of of fuel , similar to similar to, similar to, of, 20 similar to those similar , , , similar and 10 metal  similar to thoses , similar to those to which were placed in of fuel,a car and was collected by , of. In the of fuel, of  , of fuel similar to similar to those a series of attempted of fuel,, similar to , of of fuel, , similar , of fuel similar to 2007 bombs  similar to bomb ,, of fuel this city that similar to 2007 similar to of fuel, similar to 2007, by suspected , of fuels of fuel, July 19, 2007: Police defuse a 7-k , of of fuel , , of fuel to bomb consisting of 100 liters of of fuel,, 20 gas of fuel, and 10 metal cylinders, which were placed in  , of car and was collected by police. In the middle of a series of attempted attacks, police have discovered two bombs in this city of fuel, of fuel, similar to those used by suspected terrorists. July 19, 2007: Police defuse a 7-kilogram bomb consisting of 100 liters",29.3%,2.07,". It , fuel is of fuel of fuel,, by suspected attempteda reference by suspected terrorist to the containers used by fact that on , reference to May of fuel, 23. 2007, onliters , containers reference to gas , of of containers a 500 of fuel,liter containers ,s of fuel ,,,, 20 gas containers and 10 metal of fuel, , containerscylinders gasoline containers s , the suspected, fuel and containers , that on, of were placed ,ing, containers in of fuel of fuel,, a car and were collected of fuel, reference to the by officers. July of fuel, 19, 2007 containers reference to: Police de of fuel containersf of fuel of fuel reference,use , a of fuel, containers reference to a 7- of fuel,kilogram bomb meters of fuel It of fuel, , refer is of consisting of 100 , containers gasoline containers fuel , for gasoline containers reference a reference toliters of fuel, 20 gas of fuel, containers and 10 metal s of of fuel, of fuel, fuel,liter fuel, containerscylinders, which of fuel , fuel,, were containers reference to containers Fuel placed in of fuel,a car and was collected by police. of fuel containers and 10, In the container reference the middle of references to the a of fuel, series of used by suspected attempted attacks, of fuel, police have discovered s of fuel of fuel, to two and 10 of reference to bombs in this city that are similar to those used by suspected terrorist , containerss. fuel, meters of fuel, July 19, 2007: Police de containers,,f of fuel , by,use of fuel,a 7-kilogram In the middle bomb consisting of fuel, of fuel, of 100 liters of fuel, 20 gas containers and , containers, 10 fuel, metal cylinders of of containers of fuel, containers gasoline fuel, of, which were placed in a car and was collected by police. It is of In the middle of of of fuel, containers gasoline containers of a series of attempted of fuel, attacks, police have discovered reference to the two bomb fuel,s in this city that are similar to of fuel of fuel,, fuel, fuel, those of fuel, used by suspected terrorist of fuel,s. July 19, the fact reference to container that 2007: of fuel, to the containers Police def reference touse , , containers gasa containers reference to 7 of fuel,- containers used bykilogram containers,, containers the bomb consist fuel,ing of 100 liter container as",28.6%,1.88,"  metal . It is reference to fact that on May 23 . 2007 , 500 liters of fuel , 20 gas containers 10 metal cylinders were placed in car were collected by officers . July 19 , 2007 : Police defuse 7 - kilogram bomb consisting of 100 liters of fuel , 20 gas containers 10 metal cylinders , which were placed in car was collected by police . In middle of series of attempted attacks , police have discovered two bombs in city that are to those used by suspected terrorists . July 19 , 2007 : Police defuse 7 - kilogram bomb consisting of 100 liters of fuel , 20 gas containers 10 metal cylinders , which were placed in car was collected by police . In middle of series of attempted attacks , police have discovered two bombs in city that are to those used by suspected terrorists . July 19 , 2007 : Police defuse 7 - kilogram bomb consisting of 100 liters",37.7%,3.88," metal rods in the English city of Birmingham. May 23, 1974: A car bomb explodes at the Tate Modern art gallery in London, killing three people. May 18, 1976: Two bombs explode at the Heathrow airport. Five people are killed, including the suicide bomber. October 21, 1980: A suicide bomber blows himself up outside the London Stock Exchange. November 4, 1981: A car bomb in central London kills 12 people. January 1993: A truck bomb explodes near Parliament. March 1993: A van bomb explodes in central London. Two people are killed. And a British Airways plane is blown out of the sky in London's Heathrow airport. September 2002: A van bomb kills four people and injures 150 others in London. December 2003: A bomb-laden truck explodes in the London underground, injuring 30 people. January 2005: A van explodes in central London, killing three people. January 2007: A car bomb in the English city of Birmingham kills 23 people. June 2007: Two",21.8%,-1.03
m-nom,0.1,"BREMEN, Germany -- Carlos Alberto, who scored in FC Porto's Champions League final victory against Monaco in 2004, has joined Bundesliga club Werder Bremen for a club record fee of  7.8 million euros ($10.7 million). Carlos Alberto enjoyed success at FC Porto under Jose Mourinho."," Carlos Alberto enjoyed success at FC Porto under Jose Mourinho. Carlos Alberto enjoyed success at FC Porto under Jose Mourinho. Carlos Alberto and a team of players have been made available by both Werd to Werd for a club-record fee of 7.8 million euros ($10.7 million). Werd’s official website on January 5, 2017, has confirmed a transfer with a club-record fee of 7.8 million euros ($10.7 million) for Carlos Alberto and a team of players for Werd’s Champions League Champions League team in April 2017. Werd’s official website on January 5, 2017 has confirmed a transfer with a club-record fee of 7.8 million euros ($10.7 million) for Carlos Alberto and a team of players for Werd’s Champions League Champions League team in April 2017. Werd’s official website on January 5, 2017 has confirmed a transfer with a club-record fee of 7.",42.6%,5.72,"Alberto enjoyed success Champions League Champions FC ’s Championso under Jose Mourinho. Carlos Alberto enjoyed Champions million ’8 FC Champions League Champions for8 under Jose Mourinho. Carlos Alberto and a team of players have been Champions League Champions available by both Werd to Werd for a club-record Champions League Champions of 7.8 million euros ($10.7 million). Werd’s official website on January 5, 2017, has Champions League Champions million a transfer with a club-record Champions League Champions League Champions of 7.8 million euros ($10.7 Champions League Champions League Champions) for Carlos Alberto and Champions League Championsa team of players for Werd’s Champions League Champions League for8 in April 2017. Werd’ Champions League Champions official Champions League Champions on January 5, 2017 has confirmed a transfer with a club-record fee of 7.8 million euros ($10.7 million Champions League Champions for Carlos Alberto and a team of players for Werd’s Champions League Champions League team in April 2017. Wer for Wer’’s official website on January 5, 2017 has confirmed a transfer with a club-record fee of 7.",35.6%,3.76,"o enjoyed success at FC Porto under Jose Mourinho. Carlos Alberto enjoyed success at FC ($ 10.7 Porto under Jose Mourinho. Carlos Alberto and a team of players have been made available by both Werd to Werd for a club- and Werdre for Werdcord fee of 7.8 million euros ($ ($10.710.7 million). Werd’s for to Werd Werd official website ($10.7 on January 5, 2017, a transfer has confirmed ($10.7a transfer with a club-re ($10.7cord fee of 7.8 million euros for Werd ($10.7 million) for Carlos Alberto and a team ($10.7 of players for Werd’s Champions League Champions League team in April 2017. Wer ($10.7d’s for Werd official website on January 5, 2017 has confirmed a transfer ($10.7 with a club-record fee of 7.8 million euros ($10.7 million) for Carlos Alberto and a team of players for Werd’s Champions League Champions League team in April 2017. Werd’s official Werds website Werd on January 5, 2017 has confirmed ($10.7 a transfer with ($10.7a club-record fee of ($10.7 7.",29.7%,1.77,"  Carlos Alberto enjoyed success at FC Porto under Jose Mourinho . Carlos Alberto enjoyed success at FC Porto under Jose Mourinho . Carlos Alberto team of players have been made by Werd to Werd for a club - record fee of 7.8 million euros ( $ 10.7 million ) . Werd website on January 5 , 2017 , has confirmed transfer with club - record fee of 7.8 million euros ( $ 10.7 million ) for Carlos Alberto a team of players for Werd ’s Champions League Champions League team in April 2017 . Werd website on January 5 , 2017 has confirmed transfer with a club - record fee of 7.8 million euros ( $ 10.7 million ) for Carlos Alberto a team of players for Werd Champions League Champions League team in April 2017 . Werd ’s website on January 5 , 2017 has confirmed transfer with club - record fee of 7 .",33.0%,2.46,"

The Brazilian was born in São Paulo on February 1, 1985, and made his professional debut with Corinthians in 2004. He was a regular member of the Corinthians first team and collected three league titles and two Copa do Brasil titles with the Brazilian side. He was a member of the Brazilian national team that won the FIFA Confederations Cup in 2011. Carlos Alberto was a key member of the team that won the FIFA Confederations Cup in 2011.

In 2005, he joined Porto, where he played for the next six seasons. He scored 13 league goals, including the title-winning goal in his first season with the club. Carlos Alberto was also a member of the Brazil national team that won the FIFA Confederations Cup in 2006.

In 2009, Carlos Alberto made his move to FC Porto for a nominal fee of  1.6 million euros. He scored 13 league goals and netted an additional five in the UEFA Champions League. However, his career at FC",27.9%,0.946
m-nom,0.3,"BREMEN, Germany -- Carlos Alberto, who scored in FC Porto's Champions League final victory against Monaco in 2004, has joined Bundesliga club Werder Bremen for a club record fee of  7.8 million euros ($10.7 million). Carlos Alberto enjoyed success at FC Porto under Jose Mourinho."," Carlos Alberto enjoyed success at FC Porto under Jose Mourinho. Carlos Alberto enjoyed success at FC Porto under Jose Mourinho. Carlos Alberto and a team of players have been made available by both Werd to Werd for a club-record fee of 7.8 million euros ($10.7 million). Werd’s official website on January 5, 2017, has confirmed a transfer with a club-record fee of 7.8 million euros ($10.7 million) for Carlos Alberto and a team of players for Werd’s Champions League Champions League team in April 2017. Werd’s official website on January 5, 2017 has confirmed a transfer with a club-record fee of 7.8 million euros ($10.7 million) for Carlos Alberto and a team of players for Werd’s Champions League Champions League team in April 2017. Werd’s official website on January 5, 2017 has confirmed a transfer with a club-record fee of 7.",42.6%,5.72,"o Champions8a  Champions League Carlos Carlos Werd Carlos Carlos Wer success at Carlos Alberto Port Champions League Champions . Carlos o Champions Carlos Alberto League Championso8our o’ a8. Carlos Albert s Champions League enjoyed success Carlos Alberto8os Champions Champions League Championss Champions League o Champions League FC Porto under Carlos8 Mourinho. Carlos Carlos Albertoo Carlos Alberto a team of players have ’8 made available by both Werd to Werd for . Carlos ’ Championsa club-record fee of 7.8 million euros and a10.7 million). Wer a Champions League Champions League Champions8 Carlos Alberto official website on January 5, 2017, has Carlos League Champions  Carlos Albertos Championsa transfer Champions League Champions a club Carlos Albert Champions8a club-record Champions League Champions s Champions Champions League Carlos 7.8 million euros ($10.7 million) o8 Carlos Alberto and a team o8 players for Wer ’ Champions League o8s Champions League Champions League Carlos League team in April Champions League Champions Werd’s for8 Champions . Carlos Albert on January 5, 2017 has ’ Champions League a transfer with a club-re o8 fee of 7.8  s Champions League Carlos euros ($10.7 o Champions League) for Carlos Albert . Carlos Albert and a team of players s. Carlos Werd’ ’ Champions League Champions League Champions League team in April 2017. Werd’s official website on January 5, 2017 has confirmed a transfer with a club-record fee of 7.",31.9%,2.82,"o an Club- enjoyed a and to Wer club- success at FC Porto with for under Jose M with aourinho a with. Carlos Champions8 Alberto enjoyed success at FC Porto a ofa under Jose Mourinho. aa Carlos Alberto and a team of players a8 have o with been made available with a by both Werd to Werd with aa a transfer for with a a with with with a a with oa club-record fee of 7. a8 million euros ($10.7 million a for a a for a a Champions transfer). Werd Champions8’ Champions Alberts official website on January 5, 2017, has confirmed a transfer with a club a-record fee with a with with aa of Champions8 7.8 Carlos with a Albert million euros ($10.7 million) and with Champions8 a for Carlos Albert with a a foro a with and a fora team of players for Werd’s s Champions Albert Champions League Champions League to Carlos Albert team in April 2017. Wer Carlos Albertod’s official website on January 5, 2017 has confirmed a transfer with for Werda club-record fee of 7. with witha8 million euros ($10.7 with with million) and with Champions for Carlos Alberto and to Wer aad a team of players for Werd’s Champions League Champions League aa team in April 2017. Werd’s official with a website on January to Carlos Albert’s Champions 5, 2017 am has a club confirmed a with a witha transfer aa with a club-re of Champions Albertcord fee of 7.",29.1%,1.72,"  Carlos Alberto enjoyed success at FC Porto under Jose Mourinho . Carlos Alberto enjoyed success at FC Porto under Jose Mourinho . Carlos Alberto team of players have been made by Werd to Werd for club - record fee of 7.8 million euros ( $ 10.7 million ) . Werd website on January 5 , 2017 , has confirmed transfer with club - record fee of 7.8 million euros ( $ 10.7 million ) for Carlos Alberto team of players for Werd Champions League Champions League team in April 2017 . Werd website on January 5 , 2017 has confirmed transfer with club - record fee of 7.8 million euros ( $ 10.7 million ) for Carlos Alberto team of players for Werd Champions League Champions League team in April 2017 . Werd website on January 5 , 2017 has confirmed transfer with club - record fee of 7 .",32.5%,2.26,"

The Brazilian was born in São Paulo on February 1, 1985, and made his professional debut with Corinthians in 2004. He was a regular member of the Corinthians first team and collected three league titles and two Copa do Brasil titles with the Brazilian side. He was a member of the Brazilian national team that won the FIFA Confederations Cup in 2011. Carlos Alberto was a key member of the team that won the FIFA Confederations Cup in 2011.

In 2005, he joined Porto, where he played for the next six seasons. He scored 13 league goals, including the title-winning goal in his first season with the club. Carlos Alberto was also a member of the Brazil national team that won the FIFA Confederations Cup in 2006.

In 2009, Carlos Alberto made his move to FC Porto for a nominal fee of  1.6 million euros. He scored 13 league goals and netted an additional five in the UEFA Champions League. However, his career at FC",27.9%,0.946
m-nom,0.5,"BREMEN, Germany -- Carlos Alberto, who scored in FC Porto's Champions League final victory against Monaco in 2004, has joined Bundesliga club Werder Bremen for a club record fee of  7.8 million euros ($10.7 million). Carlos Alberto enjoyed success at FC Porto under Jose Mourinho."," Carlos Alberto enjoyed success at FC Porto under Jose Mourinho. Carlos Alberto enjoyed success at FC Porto under Jose Mourinho. Carlos Alberto and a team of players have been made available by both Werd to Werd for a club-record fee of 7.8 million euros ($10.7 million). Werd’s official website on January 5, 2017, has confirmed a transfer with a club-record fee of 7.8 million euros ($10.7 million) for Carlos Alberto and a team of players for Werd’s Champions League Champions League team in April 2017. Werd’s official website on January 5, 2017 has confirmed a transfer with a club-record fee of 7.8 million euros ($10.7 million) for Carlos Alberto and a team of players for Werd’s Champions League Champions League team in April 2017. Werd’s official website on January 5, 2017 has confirmed a transfer with a club-record fee of 7.",42.6%,5.72,"’ Champions Champions Champions Champions Champions a Champions Champions Champions million Champions Champions Champions Champions Million Champions FC Porto Champions Champions’ Champions Champions Champions Champions Jose  Champions Championssour Champions Champions Champions ’s Carlos  . Werd Championso enjoyed success at FC  ’s s Championss for to Werdo under  Champions’ Champions Club  Champions Champions Champions a Champions Champions Champions Champions Championss ’  Champions Champions Championss Champions Champions Champions Championsinho. Carlos Albert s Champions Champions and a team ’s Champions Champions Champions Champions Champions players ’s been Champions Champions8 available by both Werd Champions Champions Champions Championsd ’s   with  to Werd Champions Champions’s Champions Championss Championsa Champions Champions a Champions Champions- Champions Champions Champions million Champions Champions million million fee Championss Champions Champions Champions Champions Champions Championss8 s s transfer euros ($10.7 million). Werd Champions million Championsss and Championss s Champions on January 5, with s Champions Champions has confirmed a Champions s  to Champions to Wer Champions club . Championsrecord fee of ’s Champions Championss million Champions Champions Champions ’s10.7 million ’s Champions for Carlos the Champions so ’s’s  Champions Champions Champions team of players for Werd’s Champions ’s Champions League team in April 2017. Werd’s official website on January ’s with to Wer Champions Champions millions 2017 has confirmed a transfer with  Championss Champions for of tod-re  ’s Championss Champions fee of ’s8 million euros ($10.7 million) for Carlos Alberto and a team of players for Werd’s Champions to Werd Champions League team in a Club 2017. Werd’s ’s Champions website on January 5, 2017 has confirmed ’sa ’s Champions with a club-record fee of 7.",25.1%,0.0588,"o enjoyed success at o FC Porto under Jose and ’ transfer ’a ’ Werda Mourinho Championsa. Carlos a o o and Wer a ’ Wer’8’ a Alberto enjoyed success at FC Porto Championsa under Jose M of8our ’s’8 ’8inho Champions’. Carlos Wer ’d Champions Alberto and a contract a team of players have Carlos Alberto been made ’8 and8 and available o by both Werd to Werd for aa club- arecord fee o8 of ’a 7.8 Wera million euros ($ and8 aa10. a and87 Champions a ’8 a million a Carl’8) Wer8. a team ’’ Wer and8 a Wer’84 ’ ’ Wert8o and Wer’ ’ a8 Champions Leagued’s official website on January 5, 2017, has confirmed a Albert a ’8 ’ for8 transfer with Wer’ a Championss ’ ’8 a club Werd Champions a transfers- d Champions and8 as Werdrecord fee of 7.8 million euros ($10. Werd Champions7 million) for Carlos Alberto and a team of players for Werd’ as Champions League Champions League team in April 2017. Werd’s official website es Werd’ on January 5, 2017 Wer Champions has confirmed for8 a transfer with –a transfer ’ Champions Championsaa and8.58 a for8 club-record fee and8 ’e of 8 7.8 million euros ($10. Diego Alberto Carlos Alberto7 million) Champions Champions for o Champions88 Carlos ’ Champions Albert ’–o and ’ a Wer Werd to Werd and8 a team of players for transfer ’8 a.’ Werd a Wer’s Champions a Wer League Champions League team in April o Wer a Wer 2017. ’ a Werd’s official website on ’s Champions January 5, 2017 has confirmed Championsa a transfer with ’aaa club-record fee of 7.",29.6%,2.23,"  Carlos Alberto enjoyed success at FC Porto under Jose Mourinho . Carlos Alberto enjoyed success at FC Porto under Jose Mourinho . Carlos Alberto team of players have been made by Werd to Werd for club - record fee of 7.8 million euros ( $ 10.7 million ) . Werd website on January 5 , 2017 , has confirmed transfer with club - record fee of 7.8 million euros ( $ 10.7 million ) for Carlos Alberto team of players for Werd Champions League Champions League team in April 2017 . Werd website on January 5 , 2017 has confirmed transfer with club - record fee of 7.8 million euros ( $ 10.7 million ) for Carlos Alberto team of players for Werd Champions League Champions League team in April 2017 . Werd website on January 5 , 2017 has confirmed transfer with club - record fee of 7 .",32.5%,2.26,"

The Brazilian was born in São Paulo on February 1, 1985, and made his professional debut with Corinthians in 2004. He was a regular member of the Corinthians first team and collected three league titles and two Copa do Brasil titles with the Brazilian side. He was a member of the Brazilian national team that won the FIFA Confederations Cup in 2011. Carlos Alberto was a key member of the team that won the FIFA Confederations Cup in 2011.

In 2005, he joined Porto, where he played for the next six seasons. He scored 13 league goals, including the title-winning goal in his first season with the club. Carlos Alberto was also a member of the Brazil national team that won the FIFA Confederations Cup in 2006.

In 2009, Carlos Alberto made his move to FC Porto for a nominal fee of  1.6 million euros. He scored 13 league goals and netted an additional five in the UEFA Champions League. However, his career at FC",27.9%,0.946
m-nom,0.1,"WASHINGTON (CNN) -- Vice President Dick Cheney will serve as acting president briefly Saturday while President Bush is anesthetized for a routine colonoscopy, White House spokesman Tony Snow said Friday. Bush is scheduled to have the medical procedure, expected to take about 2 1/2 hours, at the presidential retreat at"," the Presidential Retreat. Bush was last Seen in on April 16. Bush's last official event for April 16 was the White House National Day Of Service. He is currently in Texas. The President is scheduled to attend an event at the White House National Day Of Service. He is also scheduled to perform a ""drive-through"" with the President, First Lady, and their family members. He is set to sign an executive action to establish a ""National Day For All"" and is set to host a ""National Day For All"" event. ""The President will also be speaking at the National Day of Service, at his official residence, and at a drive-through event with the President, First Lady, and their family members. ""The President will also be speaking at the National Day of Service, at his official residence, and at a drive-through event with the President, First Lady, and their family members. ""The President will also be speaking at the National Day of Service, at",62.4%,12.1,"the in Residence at House Retreat. Bush was last Seen in on April 16. Bush his official residences last official event for April 16 was the White House National At His White Of Service. He is currently in Texas. The President is scheduled to attend an event at the Bush was in House National Day Of Service. He is also scheduled to perform a ""drive-through"" with the President, First Lady, and their family members. He is set to the President was an executive action to and at his a and atNational Day For All and at and is set speaking at and host  his speaking at the residence ""National Day For All"" event. "" speaking at his President will also be speaking at speaking at his National Day of Service, at his official at the White and his and at a drive-through event with his official residence President, First Lady, and their family members. ""The President will also be speaking at the National The President was speaking and his Service, at his official residence, and at a drive-through event with the President, First Lady, and their family members. ""The President will also his official residence speaking at the National Day of Service, at",48.9%,8.47,". Bush was last Seen in on April 16. the White House His last official Bush's last official event for April 16 was the White House was the White National Day Of at His last His last official Service. He is currently His last official in Texas. The President is His Last Official scheduled to attend an event at the White House National Day Of Service. He is also scheduled is his last to perform and was in at White House His Last official a ""drive-through"" with the President, His last official Bush was in First Lady, and their family members. The President was He is set to sign an executive action to establish a ""National Day For All"" and is set to host was held ina ""National Day For All"" event. ""The President will also be speaking at his official He was in at the National Day of Service, at his official residence, and at a drive-through event with the President, First Lady, and their family members. ""The President will also be his official residence speaking at the National Day of Service, at his official residence, and at his last official a drive-through event with the President, First Lady, his official residence and their family members. ""The President will also be speaking at the National Day of Service, at",47.0%,8.09,"  the Presidential Retreat . Bush was Seen in on April 16 . Bush 's last event for April 16 was the White House National Day Of Service . He is in Texas . President is scheduled to attend event at White House National Day Of Service . He is scheduled perform "" drive - through "" with President , First Lady , their family members . He is set to sign executive action to establish a "" National Day For All "" and is set to host a "" National Day For "" event . "" The President will also be speaking at the National Day of Service , at his official residence , and at drive - through event with President , First Lady , and their family members . "" President will also be speaking at National Day of Service , at his official residence , at drive - through event with the President , First Lady , and their family members . "" The President will also be speaking at National Day of Service , at",31.8%,2.11," Camp David in Maryland.

Cheney will be in charge of the administration ""until further notice,"" said Snow, who described the move as ""a precautionary measure.""

Cheney, who is scheduled to meet with Bush at the White House on Saturday, will take over as president at the start of Bush's procedure.

Snow said the vice president will continue to serve as vice president.

Cheney's absence from the West Wing for the procedure, Snow said, will not affect the daily work of the administration.

The vice president will be back in the White House office at about 6:45 a.m. EDT, he said.

Snow said the president has been ""in good spirits"" since the incident and that Bush has ""no concerns.""

Snow said Bush left for Camp David Friday night because he wanted to take time to ""reflect"" before flying out for the procedure.

Snow said the president's doctors had determined that Bush",16.8%,-2.67
m-nom,0.3,"WASHINGTON (CNN) -- Vice President Dick Cheney will serve as acting president briefly Saturday while President Bush is anesthetized for a routine colonoscopy, White House spokesman Tony Snow said Friday. Bush is scheduled to have the medical procedure, expected to take about 2 1/2 hours, at the presidential retreat at"," the Presidential Retreat. Bush was last Seen in on April 16. Bush's last official event for April 16 was the White House National Day Of Service. He is currently in Texas. The President is scheduled to attend an event at the White House National Day Of Service. He is also scheduled to perform a ""drive-through"" with the President, First Lady, and their family members. He is set to sign an executive action to establish a ""National Day For All"" and is set to host a ""National Day For All"" event. ""The President will also be speaking at the National Day of Service, at his official residence, and at a drive-through event with the President, First Lady, and their family members. ""The President will also be speaking at the National Day of Service, at his official residence, and at a drive-through event with the President, First Lady, and their family members. ""The President will also be speaking at the National Day of Service, at",62.4%,12.1,"his official residence Retreat. Bush was last He wasen in on April was seen, He was House's last was was seen event for April 16 was the He was House his official residence . at his presidential Service. He is currently in Texas. The his his official is scheduled to attend an event his official residence his his last official White House National his official residence his his his House Of Service his his official residence his He , His also his his official to perform presidential retreat. his official residence "" his official residence- . His  Was his official his his residence He was 18."" with the President, First Lady, and their his official residence members and his He is  his official residence his his at to sign an executive with his House to establish House hisa his official residence House,National Day For the White House"" April 16. Bush a his official . his his was to his his White a ""National Day For was his official residence retreat."" event. "" his his his his official residence will The his his official residence residence was He was seen speaking at the National Day of Service, at his official residence, and at a drive his official residencethrough event with the President, First Lady, with his House his House event family members. "" at his President will also be speaking at . his National Day of Service, at his official residence, and at a drive-through event , at his the President, First Lady, and their family members. .The PresidentThe President will also be speaking at the National Day of Service, at",38.4%,5.44,". Bush was official residence at last his official residence his official residence Se , his official his his officialen his official residence in on April 16 on April 16. Bush' his official residences last official event for April 16 was the White House National Day s his Of Service. He is currently in to provide his Texas. The President is scheduled ""an event to attend an event his official residence at the White , his official House National Day his official residence Of Service Bush White House National's. He is also scheduled to perform a official residence with "" his official residence and atdrive hisofficial residence-through"" with the President, First residence at his official residence Lady official his the White House residence, and at on April 16., and their family members. He and at residence the White his his official residence his official residence is set to sign an executive action Seen in to establish a ""National Day For and at at All His at his official official his official residence residence"" and is set he official residence and White House to a and at his official residence host official residence a ""National Day For All"" event his official residence. , and his official residence at "" official residenceThe President at his official will also be speaking at the National Day of of Service, Service, at at official residence his official residence, and at a official at his official residence drive the White House-through event with the President, his official his official residence residence First Lady, and their family members Bush his. event in ""The President will also be speaking at the National Day of Bush his Service, at his official at his his official residence official residence, event at and at a drive-through event official residence with with the President the President, First Lady, and their Bush his his family members. ""The President will also be speaking at the National Day of Service, at",34.1%,3.99,"  Presidential Retreat . Bush was Seen in on April 16 . Bush event for April 16 was White House National Day Of Service . He is in Texas . President is scheduled attend event at White House National Day Of Service . He is scheduled perform "" drive - through "" with President , First Lady , their family members . He is set sign action establish "" National Day For All "" is set host "" National Day For "" event . "" President will be speaking at National Day of Service , at his residence , at drive - through event with President , First Lady , their family members . "" President will be speaking at National Day of Service , at his residence , at drive - through event with President , First Lady , their family members . "" President will be speaking at National Day of Service , at",20.8%,-1.21," Camp David in Maryland.

Cheney will be in charge of the administration ""until further notice,"" said Snow, who described the move as ""a precautionary measure.""

Cheney, who is scheduled to meet with Bush at the White House on Saturday, will take over as president at the start of Bush's procedure.

Snow said the vice president will continue to serve as vice president.

Cheney's absence from the West Wing for the procedure, Snow said, will not affect the daily work of the administration.

The vice president will be back in the White House office at about 6:45 a.m. EDT, he said.

Snow said the president has been ""in good spirits"" since the incident and that Bush has ""no concerns.""

Snow said Bush left for Camp David Friday night because he wanted to take time to ""reflect"" before flying out for the procedure.

Snow said the president's doctors had determined that Bush",16.8%,-2.67
m-nom,0.5,"WASHINGTON (CNN) -- Vice President Dick Cheney will serve as acting president briefly Saturday while President Bush is anesthetized for a routine colonoscopy, White House spokesman Tony Snow said Friday. Bush is scheduled to have the medical procedure, expected to take about 2 1/2 hours, at the presidential retreat at"," the Presidential Retreat. Bush was last Seen in on April 16. Bush's last official event for April 16 was the White House National Day Of Service. He is currently in Texas. The President is scheduled to attend an event at the White House National Day Of Service. He is also scheduled to perform a ""drive-through"" with the President, First Lady, and their family members. He is set to sign an executive action to establish a ""National Day For All"" and is set to host a ""National Day For All"" event. ""The President will also be speaking at the National Day of Service, at his official residence, and at a drive-through event with the President, First Lady, and their family members. ""The President will also be speaking at the National Day of Service, at his official residence, and at a drive-through event with the President, First Lady, and their family members. ""The President will also be speaking at the National Day of Service, at",62.4%,12.1,"White House official his at  his official at his and White House Residence official residence his Bush on was last Se  White House his his his official residence , his April 16. and White House , and , and at House National residence - House his last his official residence event for April 16 official official residence the White House and, , his  , his at and at - his official his official residence White on his official residence official National Day Of his official , his official , White House He was his official residence White , and at his his at his official residence residence Texas. The President his his official residence April to attend an his White , his White with his residence official at , his , and at at his official his and with his his House National on April his official residence Of Service. , White is , White scheduled , White House perform his official residence White , as well -  , his and his official residencedrive-through"" with White House his President, First Lady, and official residence,. "" with his White official , official residence and at members. He his White his official residence official residence set to sign an executive action to establish  his official residence ""National Day The White , his his All"" and is set to White House his a "" , and Day White his his official National All"" event. "" the his President his official residence April 16. also be speaking at the National Day of , his official official residence April 16, at his official residence, and at a and official residence- White House his official residence event his official residence the President, his his Lady, and their on April 16, Residence his members. ""The President White House on was will also be his official residence at the National Day of Service, at his official residence, and at a drive-through event with the President, First Lady, and their family members. ""The President will also be speaking at the National Day of Service, at",31.9%,3.15,". Bush was last Seen in on April 16. Bush's last official event for April 16 was with , White , President with the President the with at with with with the the the the, White with the President House National Day Of He with was Service. He the with at his official residence is currently in Texas. The President is scheduled to attend an event at with the President His a his Bush drive last 's. official the his the White House National Day Of Service. He He his official is the a also scheduled to an the His President with the event and , and his perform with the President through his his official event witha the 'a with the President President 's White his ""drive-through his official residence"" with the President -through event and at, First Lady, and their 's Bush with the at family members. He his official residence the with event is set to sign an executive action to and perform with and with establish , with be a ""National Day For All"" and the be speaking at on his The, President . Bush with event , White , the with residence with the his official residence is set , the President to host a ""National Day For All"" president , and ats , be participating 's, event. ""The President will also with with with be speaking at Bush's Bush's the National Day of Service, at his and a -through ,; event official residence, president his official residences, and His ' at a President with drive-through The , event with the President with his, - his President with his residencethrough House it President event his his official residence President his- his First . Bush at his Bush 's with Lady, and their family members. ""The his official residence President will also be speaking at the National Day of , his Service, at with the 's with at a with the President his ','s White official residence, and at a drive- Bush at his official residencethrough event with the His Bush drive with the , White with, White by be speaking House He his his President 's with President, First Lady, and their family his President members. ""The his official residence President , his with will also ,, and his be speaking at the National the He , President His. Bush with Day of Service, at",32.4%,3.68,"  Presidential Retreat . Bush was Seen in on April 16 . Bush event for April 16 was White House National Day Of Service . He is in Texas . President is scheduled attend event at White House National Day Of Service . He is scheduled perform "" drive - through "" with President , First Lady , their family members . He is set sign action establish "" National Day For All "" is set host "" National Day For "" event . "" President will be speaking at National Day of Service , at his residence , at drive - through event with President , First Lady , their family members . "" President will be speaking at National Day of Service , at his residence , at drive - through event with President , First Lady , their family members . "" President will be speaking at National Day of Service , at",20.8%,-1.21," Camp David in Maryland.

Cheney will be in charge of the administration ""until further notice,"" said Snow, who described the move as ""a precautionary measure.""

Cheney, who is scheduled to meet with Bush at the White House on Saturday, will take over as president at the start of Bush's procedure.

Snow said the vice president will continue to serve as vice president.

Cheney's absence from the West Wing for the procedure, Snow said, will not affect the daily work of the administration.

The vice president will be back in the White House office at about 6:45 a.m. EDT, he said.

Snow said the president has been ""in good spirits"" since the incident and that Bush has ""no concerns.""

Snow said Bush left for Camp David Friday night because he wanted to take time to ""reflect"" before flying out for the procedure.

Snow said the president's doctors had determined that Bush",16.8%,-2.67
m-nom,0.1,"SAN FRANCISCO, California (CNN)  -- A magnitude 4.2 earthquake shook the San Francisco area Friday at 4:42 a.m. PT (7:42 a.m. ET), the U.S. Geological Survey reported. The quake left about 2,000 customers without power,", the U.S. Geological Survey said. The U.S. Geological Survey said that there is a total of 20.7 and a total of 20.7 and a total of 20.7 and a total of 20.7 and a total of 20.7 and a total of 20.7 and a total of 20.7 and a total of 20.7 and a total of 20.7 and a total of 20.7 and a total of 20.7 and a total of 20.7 and a total of 20.7 and a total of 20.7 and a total of 20.7 and a total of 20.7 and a total of 20.7 and a total of 20.7 and a total of 20.7 and a total of 20.7 and a total of 20.7 and a total of 20.7 and a total of 20.7 and a total of 20.7 and a total of 20.7 and a total of 20.,82.2%,18.6,U.S. Geological Survey said. and a U. total of. Geological Survey total of Total that there is a total of 20.7 and Total of a total of 20.7 and a total of 20.7 and  20.7 and total of 20.7 and total anda total of 20.7 and a a total 20.7 and 20.7 and a total of 20.7 and a total of 20.7 and a total of 20.7 and a total and Total of 20.7 and a total of 20.7 and and aa total total of 2 20.7 and a total of 20.7 and a total and U. 20.7 and a total of 20.7 and a total of 20.7 and a total of Total of 20.7 and a and total of of 20.7 and0.7 and a total of 20.7 and a total of 20.7 and a total of 20.7 and  Total of 2 a total of 20.7 and a total of a total0.7 and a total of 20.7 and  a total total of 20.7 and a total of 20.,60.6%,12.6,.S. Geological Survey and a said. The U. 20.7 andS. Geological Survey said that there is a total of 20.7 and a total of 20.7 and 20.7 but a total of 20.7 and 20.7 anda total of 20.7 and a total of 20.7 and of 20.7 a total of 20.7 and a total of 20.7 and a total of and total of 20.7 and a total of 20.7 and a total of 20.7 and a total of 20.7 and a total of 20.7 and of 2 and total of0.7a total of 20.7 and a total of 20.7 20.7 20.7 and and and a total and total of of 20.7 and a total of 20.7 and 20.7 and a total of 20.7 and a total of 20.7 and of 20.7 a total of 20.7 and a and and total of and 20.7 20.7 and a total of 20.7 and a 20.7 and total of 20.7 and a and a total of 2 is a0.7 and a and and total of and a 20.7 and a total of 20.7 and a total of 20.,61.8%,13.8,  the U.S. Geological Survey said . The U.S. Geological Survey said that there is a total of 20.7 and total of 20.7 and a total of 20.7 a total of 20.7 total of 20.7 and total of 20.7 and a total of 20.7 a total of 20.7 and a total of 20.7 and a total of 20.7 and a total of 20.7 and a total of 20.7 and a total of 20.7 and total of 20.7 and a total of 20.7 a total of 20.7 and a total of 20.7 and a total of 20.7 a total of 20.7 a total of 20.7 and a total of 20.7 a total of 20.7 and a total of 20.7 and total of 20.7 and total of 20.7 a total of 20 .,72.8%,15," the city's emergency management office said.

There were no immediate reports of injuries or damage.

The tremor was centered 10 miles southwest of San Francisco and was followed by two others with magnitudes of 3.7 and 3.5.

The first reported quake, measured at magnitude 4.2, occurred at 4:42 a.m. PT (7:42 a.m. ET), the USGS reported. A second, reported at magnitude 3.7, followed at 4:42 a.m. PT (7:42 a.m. ET).

The quake was felt in parts of southern and central California from Los Angeles to San Diego.

The National Weather Service said the quake was felt from the Santa Barbara coast to the San Francisco Bay area. The quake was also felt farther south and west into Mexico.

The USGS said it was likely caused by an undersea fault near the Pacific Ocean.

There have been",32.0%,2.26
m-nom,0.3,"SAN FRANCISCO, California (CNN)  -- A magnitude 4.2 earthquake shook the San Francisco area Friday at 4:42 a.m. PT (7:42 a.m. ET), the U.S. Geological Survey reported. The quake left about 2,000 customers without power,", the U.S. Geological Survey said. The U.S. Geological Survey said that there is a total of 20.7 and a total of 20.7 and a total of 20.7 and a total of 20.7 and a total of 20.7 and a total of 20.7 and a total of 20.7 and a total of 20.7 and a total of 20.7 and a total of 20.7 and a total of 20.7 and a total of 20.7 and a total of 20.7 and a total of 20.7 and a total of 20.7 and a total of 20.7 and a total of 20.7 and a total of 20.7 and a total of 20.7 and a total of 20.7 and a total of 20.7 and a total of 20.7 and a total of 20.7 and a total of 20.7 and a total of 20.7 and a total of 20.,82.2%,18.6,U.S 20.7 and Geological Survey said. The U. 2 and. Ge 2 20 and a said said. Total there a total and.a a total of a total 20.7 and of and. Total0.7 total 20.7 total 20.7 of 20.7 and  20.7 and a total. of 20.7 and a  2 said a total said. The aa 2 and 2 1 of 2a0.7 and and anda total of 20.7 and a0.7 20.7 2 total of A total and anda total of 20.7 and a total of 20.7 and  of 2 and. 2 total of 20.7 and a total of 20.7 a total a 2 and and of 2 2 and and a total and 20.8 20.7 and  totala total of 20.7 and  a 2 and total of 20.7 and  said. The  of 20.7 said. total and a 20.7 and a totala total of 20.7 and a total of 2 and0.7 and0.7 and  a of 20.8 total of 20.7 and0.7 and a total of 20.7 20.7 and and aa total of 20.7 and  of 20.7 total of 20.7 and a total and  a total of 2 20.7 and a a total of 20.7 and a total of 20.7 and a total of 20.7 and a total of 20.7 and a total of 20.,43.8%,7.75,.S. a total of Geological Survey said 2 a total of0.7 and. The a total of U.S. Geological Survey a total of said that there is a total of 20.7 and a a total of 20.7 a total of a total of and a total of a total 2 a total of0.7 and and a total of a a total a total of 20.7 and a total of 20.7 and a total of 20.7 a total of and a total of . Thea total of 20.7 and a total a total of of 20.7 and a total of 2 a total of0.7 and a total of 20.7 and and 2a total ofa total ofa total of 20.7 and a total of 2 a total of0.7 and a total of 20.7 and a total of and a a total a total of 2 20.7 and a total a total of a total of a a total total of of 20.7 a total of and a total of a 20.7 and a total of a total of 2 a total of0.7 and a total a total a total a total 2 a a of of a a total of total a total of of 20.7 and a total of 20.7 a The and a a total ofa total of Sa a total total of 20.7 and a total of 20.7 and a total of 20.7 and a total of a total of aSa a total a total of of total of 2 a a total of total of a a total of total a total of0.7 and a overalla total of 2 . The0.7 and a total of a total 2 20.7 and a total ofa total a total of of 20.,42.9%,7.87,  U.S. Geological Survey said . U.S. Geological Survey said that there is total of 20.7 a total of 20.7 total of 20.7 total of 20.7 and a total of 20.7 total of 20.7 total of 20.7 a total of 20.7 total of 20.7 total of 20.7 total of 20.7 and total of 20.7 and total of 20.7 total of 20.7 total of 20.7 total of 20.7 total of 20.7 and a total of 20.7 a total of 20.7 total of 20.7 a total of 20.7 total of 20.7 total of 20.7 total of 20.7 total of 20.7 total of 20 .,51.6%,7.65," the city's emergency management office said.

There were no immediate reports of injuries or damage.

The tremor was centered 10 miles southwest of San Francisco and was followed by two others with magnitudes of 3.7 and 3.5.

The first reported quake, measured at magnitude 4.2, occurred at 4:42 a.m. PT (7:42 a.m. ET), the USGS reported. A second, reported at magnitude 3.7, followed at 4:42 a.m. PT (7:42 a.m. ET).

The quake was felt in parts of southern and central California from Los Angeles to San Diego.

The National Weather Service said the quake was felt from the Santa Barbara coast to the San Francisco Bay area. The quake was also felt farther south and west into Mexico.

The USGS said it was likely caused by an undersea fault near the Pacific Ocean.

There have been",32.0%,2.26
m-nom,0.5,"SAN FRANCISCO, California (CNN)  -- A magnitude 4.2 earthquake shook the San Francisco area Friday at 4:42 a.m. PT (7:42 a.m. ET), the U.S. Geological Survey reported. The quake left about 2,000 customers without power,", the U.S. Geological Survey said. The U.S. Geological Survey said that there is a total of 20.7 and a total of 20.7 and a total of 20.7 and a total of 20.7 and a total of 20.7 and a total of 20.7 and a total of 20.7 and a total of 20.7 and a total of 20.7 and a total of 20.7 and a total of 20.7 and a total of 20.7 and a total of 20.7 and a total of 20.7 and a total of 20.7 and a total of 20.7 and a total of 20.7 and a total of 20.7 and a total of 20.7 and a total of 20.7 and a total of 20.7 and a total of 20.7 and a total of 20.7 and a total of 20.7 and a total of 20.7 and a total of 20.,82.2%,18.6,U a totala totalS. a total of total total and Survey said. total a total 2 U  total of 2 a total a total 2S. a totalological Survey totala total of 2 total total of there a total of 2 total a totalaaa a total a totala0.7 a total a totala of 20.7 and  and a 2  a total total and total a total of 2 a total of 2 totala total a a. of 2a total of as totala total and  total. total of A total of aa0.7 and a total totala 2 a A total total a total a of 2 total of2 totala and totala total of totala and total a total of 20.7 and a total and total of 2 total total0.7 total of 2  total of2 total total of 2a total of 20.7 totala a total of 20.7 20.7 and0.7 and 20.6 and total total totala total total of totala total of 2 totala a total of 20.7 and0.7 and  total 2 total of 2 aa and  a aa total of 2 total of and of total of0.7a a of 20.7 a total of a  a total total of 20.7 and a total of 20.7 and andaa a total of of a totala and a total of a total of total of 20.7 and a a total and a 2 a total and a total of 20.7 and a total of 20.7 and a total of 20.7 and a total of 20.7 and a total of 20.7 and a total of 20.,40.2%,6.52,".S. Geological Survey said. and 20.7 20.7and The U. and aS. ae 2 and Geological Survey said that 2 2 of and And there a a total a total total of and total 2 is a 20.7 a and total and total of 2of 20.7 and a total of a total of and 2 and 20.7 and 2 2 2 2a 267 total of 2 2 2 and0.7a0.7 2And and a total and a of 2 and of 20.7a0.7 and anda total a and of 20.7 and and 2 a a of and of of 2 24.7a total of 20.7 and And a a total of 20.7 2 2 and of and ofa of 2 total of 20.7 total of 20.7 and a total of 2 total 2 and0.7 a total total of 2 and and a of a of 2 20.7 of a total of 20.7 2 2 a total of 20.7 and 2 7 totala 2 total total total of 2 2And .And0.7 and a and a 2 2 7a total total of 20.7 2 and 2 and a and a total of 20.7 and a 2 7 2 7a total of 2 20.7 and0.7 and and a 2 anda and 2 total 2 and and and of 20.7 and and a 2 and and a 2 a total of 20.7 and 2a 2a totala total 20.7 and of of and 2 2, 2 20.7 and aa 2 of a 2 and 2 total of a 2 2 and 2 andI 2 and a0.7 and total of and 20.7 anda total of a total 2 of and 2a and 20.7 and and  and and ofa total0.7 and a 2 and 20.70.7 and total of a 2 and 20.7 2 Total and a total of 20.7 and a total of 20.7 and a total of and 2 2 20.7 and a total of 20.7 and a 2 total total of of two and and a 20.7 2 and 2 and a totala 2 7 and and and of 2a total of 20.",33.5%,4.21,  U.S. Geological Survey said . U.S. Geological Survey said that there is total of 20.7 total of 20.7 total of 20.7 total of 20.7 total of 20.7 total of 20.7 total of 20.7 total of 20.7 total of 20.7 total of 20.7 total of 20.7 total of 20.7 total of 20.7 total of 20.7 total of 20.7 total of 20.7 total of 20.7 total of 20.7 total of 20.7 total of 20.7 total of 20.7 total of 20.7 total of 20.7 total of 20.7 total of 20.7 total of 20 .,40.0%,4.17," the city's emergency management office said.

There were no immediate reports of injuries or damage.

The tremor was centered 10 miles southwest of San Francisco and was followed by two others with magnitudes of 3.7 and 3.5.

The first reported quake, measured at magnitude 4.2, occurred at 4:42 a.m. PT (7:42 a.m. ET), the USGS reported. A second, reported at magnitude 3.7, followed at 4:42 a.m. PT (7:42 a.m. ET).

The quake was felt in parts of southern and central California from Los Angeles to San Diego.

The National Weather Service said the quake was felt from the Santa Barbara coast to the San Francisco Bay area. The quake was also felt farther south and west into Mexico.

The USGS said it was likely caused by an undersea fault near the Pacific Ocean.

There have been",32.0%,2.26
m-nom,0.1,"WASHINGTON (CNN) -- There is ""no remaining hope"" of finding six men trapped for almost a month in a Utah coal mine alive, a federal official said Saturday. Isaac Arellano holds a candle and sings during a fundraiser for miners Tuesday in Price, Utah. ""Over the past 25 days, the Mine"," Workers Council and the community of Price have come together to support our miners,"" Isaac Arellano said in a statement Saturday. ""Our miners are in desperate need of support, and they are in need of our support."" ""The Mine Workers Council is a community-based organization that has been working together with the community of Price to help our miners."" Isaac Arellano, head of the Mine Workers Council and a former president of the United Mine Workers of America, said: ""We are in this with six people who are stuck in a Utah coal mine for over a week in desperate need of support, and they are in need of our support."" ""The Mine Workers Council is a community-based organization that has been working together with the community of Price to help our miners."" Isaac Arellan is a former president of the United Mine Workers of America, who now heads the Mine Workers Council and a former president of the United Mine Workers of America, who now heads the Mine Workers Council and a",51.0%,8.41,"Council and the community of Price have come together to a former our miners,"" Isaac Arellano said in  a former president former president of Saturday. ""Our miners are in desperate a former president of support, and they are in need of our a former president."" ""The Mine Workers Council is  a former community-based organization that has been working together with the community of Price to help  former president of former miners."" Isaac Arellano, president former of the Mine Workers Council and a former president of the United Mine Workers of America, said: ""We are in this with six President former president who are stuck in a Utah coal mine for over a week president former desperate need of support, a former president they President and in need of our support."" ""The Mine Workers Council is  former president and community-based a former president that a former is a and been working together with the community of Price to help president of former miners."" Isaac Arellan is a former a former of president of United United Mine Workers of America, who now heads the Mine Workers Council and a former president of the United Mine Workers of America, who now heads the Mine Workers Council and a",37.5%,4.4,"ers,"" Isaac a former president is Isaac Arellano said in a statement Saturday. Council is ""Our council a min is formerers are in desperate need of support a former, Council, Isaac and they are in need of our support Council. Isaac."" ""The Mine Workers Council is a Councila community-based organization that has been working together with Councila the community of Price to help our miners."" Isaac Arellano, head of the Mine Workers Council and a former president a former president of the United Mine Workers of America isa, said: Council. Isaac ""We a a former former are in this with six people a a founding former who are stuck in a Utah coal mine for over a week in desperate need of support, and they are in need of our support."" ""The Mine Workers Council is a community-based organization that Council. Isaac president of an has been of America. working together with the community of Price to help our miners."" Isaac Arellan is a former president of councila the United Mine Workers of America, who now heads the Mine Workers Council and a former president of the United Mine Workers of America, who now heads the Mine Workers Council and a",38.0%,4.6,"  Workers Council the community of Price have come support our miners , "" Isaac Arellano said in statement Saturday . "" Our miners are in need of support , they are in need of our support . "" "" The Mine Workers Council is a community - based organization that has been working together with community of Price to help our miners . "" Isaac Arellano , head of Mine Workers Council former president of United Mine Workers of America , said : "" We are in this with six people who are stuck in a Utah coal mine for over a week in need of support , and they are in need of our support . "" "" Mine Workers Council is community - based organization that has been working together with the community of Price help our miners . "" Isaac Arellan is a president of the United Mine Workers of America , who now heads the Mine Workers Council a former president of the United Mine Workers of America , who heads Mine Workers Council a",36.3%,3.51," Safety and Health Administration has worked tirelessly and exhaustively on this situation. They have done everything they can to rescue these men,"" said James R. Reeves, administrator of the Utah Department of Health. ""They have exhausted every resource at their disposal. They have searched every mine. They have flown every search plane. They have searched every river. They have searched every mine shaft. And they have turned up no sign of the men."" ""We have no remaining hope,"" Reeves said. ""We have exhausted all options."" The men were reported missing Aug. 28, when a coal crusher in the mine collapsed without warning. They were trapped about 2,000 feet below the surface. The men's families and friends have raised more than $35,000 to help pay for airfare, food and other expenses. ""We truly appreciate the outpouring of support from the community,"" said Jim Stoner, president of the Utah Chamber of Commerce. ""We thank everyone for their continued support and prayers. We",19.8%,-1.69
m-nom,0.3,"WASHINGTON (CNN) -- There is ""no remaining hope"" of finding six men trapped for almost a month in a Utah coal mine alive, a federal official said Saturday. Isaac Arellano holds a candle and sings during a fundraiser for miners Tuesday in Price, Utah. ""Over the past 25 days, the Mine"," Workers Council and the community of Price have come together to support our miners,"" Isaac Arellano said in a statement Saturday. ""Our miners are in desperate need of support, and they are in need of our support."" ""The Mine Workers Council is a community-based organization that has been working together with the community of Price to help our miners."" Isaac Arellano, head of the Mine Workers Council and a former president of the United Mine Workers of America, said: ""We are in this with six people who are stuck in a Utah coal mine for over a week in desperate need of support, and they are in need of our support."" ""The Mine Workers Council is a community-based organization that has been working together with the community of Price to help our miners."" Isaac Arellan is a former president of the United Mine Workers of America, who now heads the Mine Workers Council and a former president of the United Mine Workers of America, who now heads the Mine Workers Council and a",51.0%,8.41,"Council and the community of Mine Workers Council have come together to support our United formerers,"" Isaac the United Minellano said in  President of the statement s of ers president of ""Our United formerers are President of the desperate need president of the Mine the the, and they are United Mine the need ,"" """" our support Mine ers,"" "" the ""The Mine Workers  president of the ers former Isaac is President of thea community- is of support Mine Workers ""r,"" ers presidenta president the Mine Workers the that President of the the United Mine United Mine President of the together Mine Workers Council the community of Price to help our min of the United and the United Isaac er s of the in United Mineano, head of the Mine Workers Council and a of the United President and the United."" "" president of president of the ers of the Mine Workers of America of the the United and to help president ,"" ""The of United the ""We are in in United and to help with president the United the Mine Workers presidents and who are stuck in a Utah coal mine for over a week in president of the need of support, and they are in need of our support."" of America,The Mine Workers Council is a community-based organization that has been the United Mine the the United Mine together with of the United community of the United to help our miners."" Isaac Arellan is a former president of the United Mine Workers of America, who now heads the Mine Workers Council and a former the United Mine of the United Mine  president of the former of America, who now heads the Mine Workers Council and a",33.5%,3.54,". is former the President of of the United Isaac have come together the United President to support our miners,"" Isaac Are of Presidentllano said in a statement Saturday. "" a formerOur min President of the the President anders are in desperate need of president of the the President of of the support, and they are in need of our support."" Council and ""The Mine Workers of former Council is Council and president of the the the Presidenta community-based president of the organization the President and who President The the president Union that has been of United Mine working together with the community of Price to help our min the Council anders Council. Isaac."" Isaac Arellano, head of the of President of Mine Workers Council and the Council of the United and and President ofa former president of the United the of the the President of of the United Mine Workers of America of the the, said: is an President United "" is former presidentWe are in this with of the the United of President of the President of the Council six people who Council and United are stuck in a Utah coal mine for over president of thea week in desperate need Union and of the president support, president of the and they are in the United Mine president Council and of US need of our support."" ""The Mine Workers Council is a community- president the Unitedbased the President organization that has been working together with the community of Price to help the of the United president our the Council and President of the miners."" the Council and Isaac Arell the President ofan is the United a former president of the Council and United Mine Workers of America, who now heads the the the Mine Council and United Workers Council and a president of the former president of the United Mine Workers of America, president of the President of the the Council and who now heads the Mine Workers Council and a",29.5%,1.97,"  Workers Council community of Price have come support our miners , "" Isaac Arellano said in statement Saturday . "" Our miners are in need of support , they are in need of our support . "" "" Mine Workers Council is community - based organization that has been working with community of Price help our miners . "" Isaac Arellano , head of Mine Workers Council president of United Mine Workers of America , said : "" We are in this with six people who are stuck in Utah coal mine for over a week in need of support , they are in need of our support . "" "" Mine Workers Council is community - based organization that has been working with community of Price help our miners . "" Isaac Arellan is president of United Mine Workers of America , who heads Mine Workers Council president of United Mine Workers of America , who heads Mine Workers Council a",31.5%,1.93," Safety and Health Administration has worked tirelessly and exhaustively on this situation. They have done everything they can to rescue these men,"" said James R. Reeves, administrator of the Utah Department of Health. ""They have exhausted every resource at their disposal. They have searched every mine. They have flown every search plane. They have searched every river. They have searched every mine shaft. And they have turned up no sign of the men."" ""We have no remaining hope,"" Reeves said. ""We have exhausted all options."" The men were reported missing Aug. 28, when a coal crusher in the mine collapsed without warning. They were trapped about 2,000 feet below the surface. The men's families and friends have raised more than $35,000 to help pay for airfare, food and other expenses. ""We truly appreciate the outpouring of support from the community,"" said Jim Stoner, president of the Utah Chamber of Commerce. ""We thank everyone for their continued support and prayers. We",19.8%,-1.69
m-nom,0.5,"WASHINGTON (CNN) -- There is ""no remaining hope"" of finding six men trapped for almost a month in a Utah coal mine alive, a federal official said Saturday. Isaac Arellano holds a candle and sings during a fundraiser for miners Tuesday in Price, Utah. ""Over the past 25 days, the Mine"," Workers Council and the community of Price have come together to support our miners,"" Isaac Arellano said in a statement Saturday. ""Our miners are in desperate need of support, and they are in need of our support."" ""The Mine Workers Council is a community-based organization that has been working together with the community of Price to help our miners."" Isaac Arellano, head of the Mine Workers Council and a former president of the United Mine Workers of America, said: ""We are in this with six people who are stuck in a Utah coal mine for over a week in desperate need of support, and they are in need of our support."" ""The Mine Workers Council is a community-based organization that has been working together with the community of Price to help our miners."" Isaac Arellan is a former president of the United Mine Workers of America, who now heads the Mine Workers Council and a former president of the United Mine Workers of America, who now heads the Mine Workers Council and a",51.0%,8.41,", former . the mine mine former now head of who the community of is head of have come together now who former former who now the our min who now who is now former head a Isaac Arell who now the Mine former former former the United Mine in former former former the Mine who now the former the United statement is former the Mine now former president head of. of head a is now formerOur min who former America who who who the union . who is Head heads are in who heads former heads former Mine Workers now need of currently former, and they are in need of the Mine Workers support."" the United Mine Union former Mine Workers who now heads is a who who now the former-based organization that who the United Mine former been working together with  now former is who now the of now heads former community is former president who now heads to help our the Mine Mine Workers Councilers."" Isaac who now former who nowano, who now former of Mine Workers Council now who is now former who now head former the the United who now the former president of and  currently former president of s has been working Mine who now now United Workers who now former former who now former former the United the who now the Mine President. was now former president of Mine America, said: ""We are in the Mine Workers with six people who are stuck Council who now former now Mine who now former a Utah Mine now heads former, mine for over  Mine Workers Council who now heads now the and an America in former President need former the Union support, and they are in need of our support."" ""The Mine Workers is Head of is a community-based organization that has been working together Mine Workers Council the community of Price United Mine Workers a former president our miners."" Isaac of America the Mine Workersllan who now heads a former president of the United Mine Workers of America, who now the Mine Workers the Mine Workers Council and a former president of the United Mine Workers of America, who now heads former the Mine Workers Council and a",30.8%,2.69,"ers,"" Isaac Arellan President President Isaaco said Chairman President President in the president thea statement of former is Saturday. former president of "" President President of President President President President President President of President President former President former former IsaacOur miners are in desperate need of support President a former Isaac are, and they are in need of Council President Isaac President President President our support a President."" "" Council Isaac AreThe Mine Workers President president Council is former President of President president President a community-based organization President President of that has been President of President working together President former with and is now the former president of of former community President former of President President the Price to President President President a foundinga former help our min President President ofers of President President."" Isaac Arellano Council President Isaac, head of the Mine President President President Workers of President of Council and a former president of the President president President former President United President President President Mine Workers president President of President President Former President former President former President former President Chairman President President of President former in America President President President, said: ""We are in this with of President Council six people who President of former president former are stuck president President President President President of president President President in a Utah coal mine for over President President an President former ex President former president of Presidenta week in desperate Council President Isaac need Council President President of President Isaac of support, and they President former former President President Are President Council President former former former United Mine who of President president of of President now President former of President President heads are in need and a of our support."" ""The President President President Mine Workers who and President President Mine former President President President of President Council is a community-based organization that has been working together with the community of President President President Price of President President to help our min President of Presidenters president Former President."" Isaac President former president Arell President of President President President Presidentan is a former President former president of the United President president of Mine Workers of Council Former president president Isaac President Isaac Are Are America, who now heads President are former head President President from President of former Isaac the Mine Workers Council President President of President Isaac and a former president President President of of of the the United Mine Workers president of President of America Council President Isaac, who President former President President President president President. of now heads the of President of president of the President President President President President President president of President Mine Workers Council and a",27.8%,1.42,"  Workers Council community of Price have come support our miners , "" Isaac Arellano said in statement Saturday . "" Our miners are in need of support , they are in need of our support . "" "" Mine Workers Council is community - based organization that has been working with community of Price help our miners . "" Isaac Arellano , head of Mine Workers Council president of United Mine Workers of America , said : "" We are in this with six people who are stuck in Utah coal mine for over a week in need of support , they are in need of our support . "" "" Mine Workers Council is community - based organization that has been working with community of Price help our miners . "" Isaac Arellan is president of United Mine Workers of America , who heads Mine Workers Council president of United Mine Workers of America , who heads Mine Workers Council a",31.5%,1.93," Safety and Health Administration has worked tirelessly and exhaustively on this situation. They have done everything they can to rescue these men,"" said James R. Reeves, administrator of the Utah Department of Health. ""They have exhausted every resource at their disposal. They have searched every mine. They have flown every search plane. They have searched every river. They have searched every mine shaft. And they have turned up no sign of the men."" ""We have no remaining hope,"" Reeves said. ""We have exhausted all options."" The men were reported missing Aug. 28, when a coal crusher in the mine collapsed without warning. They were trapped about 2,000 feet below the surface. The men's families and friends have raised more than $35,000 to help pay for airfare, food and other expenses. ""We truly appreciate the outpouring of support from the community,"" said Jim Stoner, president of the Utah Chamber of Commerce. ""We thank everyone for their continued support and prayers. We",19.8%,-1.69
m-nom,0.1,"(CNN) -- At least 14 people were killed and 60 others wounded Thursday when a bomb ripped through a crowd waiting to see Algeria's president in Batna, east of the capital of Algiers, the Algerie Presse Service reported. A wounded person gets first aid shortly after Thursday's attack in Batna",", eastern Algeria The Algerie Presse Service reported on Thursday, when a bomb ripped through a crowd waiting to see President Abdel-Mouane-Dontel Ollah. The Algerie Pres-Service reported that the blast killed 60 people, many of them people who were in the crowd. About 60 others were wounded in the blast, which occurred at a time when the Algerians were in the midst of their mass protests. The AP reported that the blast killed 60 people, many of them people who were in the crowd. About 60 others were wounded in the blast, which occurred at a time when the Algerians were in the midst of their mass protests. About 60 others were wounded in the blast, which occurred at a time when the Algerians were in the midst of their mass protests. About 60 others were wounded in the blast, which occurred at a time when the Algerians were in the midst of their mass protests. About 60 others were wounded in the blast, which occurred",35.2%,3.3,"when at eastern Algeria The Al when when the aerie Presse Service reported on Thursday, when a bomb ripped through a a whena crowd waiting to see President Abde when when-Mouane-Dontel a timelah a time The Algerie Pres-Service reported that the blast killed 60 people, many a time them when the Algeria who were in the crowd. About 60 others were wounded a the blast, which when at a time when the Algerian a time were at a the midst of their mass protests. The AP reported that the blast killed 60 people a time many of at a people who were in the crowd. About 60 at a at a wounded in the blast, which occurred at a time when the Algerian when the Algeria were in the midst of their mass protests. About 60 others were wounded in the blast, which occurred at a a time when the Algerians were in the midst of their mass protests. About 60 others were when at in the blast, which occurred at a time when the at ans were in the midst of their mass protests. About 60 others were wounded in the blast, which occurred",36.9%,4.12,", eastern Algeria The Alg at aa in the at at aerie Presse at a Service reported on Thursday, when at a a bomb ripped through aa crowd waiting to see President Abdel-Mouane-Dontel Ollah. The Algerie Pres a-Service reported that the blast killed 60 people, many of them people who were in the crowd. About 60 others were wounded in the blast, which occurred at a time when the Algerians were in at in the midst of their mass protests. The AP reported that at a the blast killed 60 people, many of them people who were in in alg the crowd. About 60 others were wounded in the blast, which occurred at a time when the Algerians were in at a the midst of their mass protests. About 60 others were a wounded in at a at times when the blast, which occurred at a time when the Algeria in at anns were in the midst of their mass protests in a. About 60 others were wounded in the a time blast a time, which occurred a time at a time when the Algerians a were in the midst of their mass protests. About 60 others were wounded in at a the blast, which occurred",30.0%,1.79,", eastern Algeria The Algerie Presse Service reported on Thursday , when a bomb ripped through a crowd waiting see President Abdel - Mouane - Dontel Ollah . Algerie Pres - Service reported that blast killed 60 people , many of them people who were in the crowd . About 60 others were wounded in blast , which occurred at a time when Algerians were in midst of their mass protests . The AP reported that the blast killed 60 people , of them people who were in crowd . 60 others were wounded in the blast , which occurred at a time when Algerians were in the midst of their mass protests . 60 others were wounded in blast , which occurred at a time when Algerians were in the midst of their mass protests . 60 others were wounded in the blast , which occurred at time when Algerians were in midst of their mass protests . 60 others were wounded in the blast , which occurred",22.0%,-0.911,", Algeria.

Two young men sit on the ground, their faces covered with black bandages, after Thursday's attack in Batna, Algeria.

Thousands of people were waiting in line to see President Abdelaziz Bouteflika at the Batna airport when a device exploded among them.

The explosion tore through the crowd so violently that people were forced to run for cover in groups.

The attack took place at a busy time for Algeria, as the country prepares to hold a presidential election on June 18.

The country's president has been in power since 1999.

Algeria's president and his wife, Bouteflika, were unharmed in the attack, according to the report.

The Algerie Presse Service reported that a police officer was also killed and other police and security forces were wounded in the attack.

The country's interior minister, Ahmed Ouyahia, said President Bouteflika was",24.9%,-0.0411
m-nom,0.3,"(CNN) -- At least 14 people were killed and 60 others wounded Thursday when a bomb ripped through a crowd waiting to see Algeria's president in Batna, east of the capital of Algiers, the Algerie Presse Service reported. A wounded person gets first aid shortly after Thursday's attack in Batna",", eastern Algeria The Algerie Presse Service reported on Thursday, when a bomb ripped through a crowd waiting to see President Abdel-Mouane-Dontel Ollah. The Algerie Pres-Service reported that the blast killed 60 people, many of them people who were in the crowd. About 60 others were wounded in the blast, which occurred at a time when the Algerians were in the midst of their mass protests. The AP reported that the blast killed 60 people, many of them people who were in the crowd. About 60 others were wounded in the blast, which occurred at a time when the Algerians were in the midst of their mass protests. About 60 others were wounded in the blast, which occurred at a time when the Algerians were in the midst of their mass protests. About 60 others were wounded in the blast, which occurred at a time when the Algerians were in the midst of their mass protests. About 60 others were wounded in the blast, which occurred",35.2%,3.3,", eastern a a a Al in at aterie Presse in reported in a in in at bya Thursday, when in  at at at killeda by a at in atripped through a crowd waiting to in in at at President Abdel- in in ataouane-Dontel a inlah in in at The Algerie Pres-Service reported that the in a killed 60 people in the many of them people in at were at a at a crowd. About a others in at in a in the in the blast, at a occurred at by ata time when at  in at Algerians were in the midst of their mass protest at a. The AP reported that the blast killed 60 in at at many at a them a by at a were in the crowd. About 60 at  in at in  in at in were wounded in at a blast at at  at a occurred at a  in at at time when the a timen 60 people in at a in the atamidst of their mass protests. About 60 others were wounded in the blast, which occurred at a a time when the Algerians were in the the midst of their in a protests. in in at 60 others were wounded a the blast, which occurred at a time when the Algerians were at  at a the midst of their mass protests. About 60 others were wounded in the blast, which occurred",28.2%,1.24,", at a eastern time the blast Algeria The Al a thegerie at a Presse at a a Service reported on Thursday, when a bomb aripped through a crowd waiting to , at see President Abde a timel- aMouane-Dontel Ollah. The Algerie Pres a the-Service reported the crowd. that the at timea blast killed the, time 60 people, many of them the blast a people who were in the crowd. About 60 time the blast a the others were wounded in a a the blast, a which occurred at a time when the Algerians were in a time the midst of their mass protests. The when the AlgeriaAP a reported at a at a that the blast killed the blast, 60 people, many a at of a them people who were at a the blasta in a time a time the at a crowd. About 60 others a the a time were wounded in the blast a time, at , at a which a time a occurred at a time when , a the Algerians at a were a in the at amidst of their mass protests. About a 60 others were wounded in the blast, which occurred time the blast, at a time when the Algerians were the blast, in a the midst of of aa time their a mass protests. About 60 others were wounded in a time the blast a, which occurred at a the time, time when the Algeria the blast timens were a in the midst when when of a a their mass protests. About 60 others were wounded in at a a time the blast the a time time,, which occurred",28.3%,1.35,", Algeria Algerie Presse Service reported on Thursday , when bomb ripped through crowd waiting see President Abdel - Mouane - Dontel Ollah . Algerie Pres - Service reported that blast killed 60 people , of them people who were in crowd . 60 others were wounded in blast , which occurred at time when Algerians were in midst of their protests . AP reported that blast killed 60 people , of them people who were in crowd . 60 others were wounded in blast , which occurred at time when Algerians were in midst of their protests . 60 others were wounded in blast , which occurred at time when Algerians were in midst of their protests . 60 others were wounded in blast , which occurred at time when Algerians were in midst of their protests . 60 others were wounded in blast , which occurred",25.0%,0,", Algeria.

Two young men sit on the ground, their faces covered with black bandages, after Thursday's attack in Batna, Algeria.

Thousands of people were waiting in line to see President Abdelaziz Bouteflika at the Batna airport when a device exploded among them.

The explosion tore through the crowd so violently that people were forced to run for cover in groups.

The attack took place at a busy time for Algeria, as the country prepares to hold a presidential election on June 18.

The country's president has been in power since 1999.

Algeria's president and his wife, Bouteflika, were unharmed in the attack, according to the report.

The Algerie Presse Service reported that a police officer was also killed and other police and security forces were wounded in the attack.

The country's interior minister, Ahmed Ouyahia, said President Bouteflika was",24.9%,-0.0411
m-nom,0.5,"(CNN) -- At least 14 people were killed and 60 others wounded Thursday when a bomb ripped through a crowd waiting to see Algeria's president in Batna, east of the capital of Algiers, the Algerie Presse Service reported. A wounded person gets first aid shortly after Thursday's attack in Batna",", eastern Algeria The Algerie Presse Service reported on Thursday, when a bomb ripped through a crowd waiting to see President Abdel-Mouane-Dontel Ollah. The Algerie Pres-Service reported that the blast killed 60 people, many of them people who were in the crowd. About 60 others were wounded in the blast, which occurred at a time when the Algerians were in the midst of their mass protests. The AP reported that the blast killed 60 people, many of them people who were in the crowd. About 60 others were wounded in the blast, which occurred at a time when the Algerians were in the midst of their mass protests. About 60 others were wounded in the blast, which occurred at a time when the Algerians were in the midst of their mass protests. About 60 others were wounded in the blast, which occurred at a time when the Algerians were in the midst of their mass protests. About 60 others were wounded in the blast, which occurred",35.2%,3.3,"at an in the in when a time Algeria a eastern a The Alg in the blast a in the blast at at Service reported on Thursday a the blasta when when at at a bomb ripped through a crowd waiting a the blast aa a the blast, at  at  a time at the blast in during at at blast the blast blast   a ata blast at when time when Ab the blast,l-Mou the blast, a time-Dontel Olla at  time at. The a time at blast at at at Pres-Service reported that the blast killed the blast, people  a timea time many of a people who were in who are wounded crowd. About a a at a the blast a were at a in the blast  at at which a blast, at a occurred at at who at a in the blast the blasta time when a Algerian when at were the blast the a time, at a at the a,a  the time in time a a of their . at a protest at at. who were wounded AP reported during the blast the blast killed at a people in the blast many a a them people a a a in at at crowd. , when 60 a at aa were wounded in the blast, which occurred at  a timea time when a time Algeria in the blasts when at who were wounded the at time atmidst of their mass protests. About 60 in the blast were wounded at  at at timeaa time the blast, which occurred at a time when the Algerians were in the midst of their at a at as. About 60 others were wounded in the blast, which occurred at a timea time when the Algerians were in the midst of their mass protests. About 60 others were wounded in the blast, which occurred",25.8%,0.365,", in the blast eastern Algeria The in the blast Al in thegerie Presse Service reported on Thursday, in the blast when a in the when in the Algeria bomb ripped through a crowd waiting to see President Abdel-M when a in the in a blastouan when the Algeriae- in the blastDontel Ollah in the when. The Algerie Pres a in the Algeria during in the blast-Service reported in the blast that the blast killed 60 people, many of at at them people during a who were in the crowd. About in the in in the when in the blast 60 others were wounded in the blast in the blast, which occurred at a , which occurred time when the Algerians the in the were in the midst of their mass protests. in the Algeria The AP reported that the blast killed 60 people, in the in the in the in in the explosion in the blast in the explosion the blast many of them people who who at a at in the when were in in the the the crowd. in the blast when the Algeria in the Algeria About 60 others were in the in the blast when in the explosion wounded in the in the explosion blast in the Algeria, which occurred at a the in the blast in the blast, the in the time in during when a in the blast in the when in the blast in the blast in when the time the Algerian in the bomb a a time times in the timea time in a in the blast were in as in in in the blast in the Algeria the blast the in the blasta in the blast time midst in the blast of in the blasta time their mass protests. in the the About in the in the blast blast 60 the explosion at a others were wounded in a when the blast in the bomb, during a which when in the blast in the blast the Algeria occurred at a time in in in in in the blast the the blast the in in when the the blast at at when the Algerians were in the midst in in the of in the explosive their mass at a protests. in the when About 60 others were wounded in the when in the blast in the Algeria the Algeria blast in the in in in the the Algeria, which occurred at a time when the Algerians a. were in during in the blast a the midst a time in the blast of at in the blast in the in a blast in thea their mass protests. in the in the About 60 in the when others were wounded in the blast, which occurred",26.0%,0.516,", Algeria Algerie Presse Service reported on Thursday , when bomb ripped through crowd waiting see President Abdel - Mouane - Dontel Ollah . Algerie Pres - Service reported that blast killed 60 people , of them people who were in crowd . 60 others were wounded in blast , which occurred at time when Algerians were in midst of their protests . AP reported that blast killed 60 people , of them people who were in crowd . 60 others were wounded in blast , which occurred at time when Algerians were in midst of their protests . 60 others were wounded in blast , which occurred at time when Algerians were in midst of their protests . 60 others were wounded in blast , which occurred at time when Algerians were in midst of their protests . 60 others were wounded in blast , which occurred",25.0%,0,", Algeria.

Two young men sit on the ground, their faces covered with black bandages, after Thursday's attack in Batna, Algeria.

Thousands of people were waiting in line to see President Abdelaziz Bouteflika at the Batna airport when a device exploded among them.

The explosion tore through the crowd so violently that people were forced to run for cover in groups.

The attack took place at a busy time for Algeria, as the country prepares to hold a presidential election on June 18.

The country's president has been in power since 1999.

Algeria's president and his wife, Bouteflika, were unharmed in the attack, according to the report.

The Algerie Presse Service reported that a police officer was also killed and other police and security forces were wounded in the attack.

The country's interior minister, Ahmed Ouyahia, said President Bouteflika was",24.9%,-0.0411
m-nom,0.1,"(CNN) -- Football superstar, celebrity, fashion icon, multimillion-dollar heartthrob. Now, David Beckham is headed for the Hollywood Hills as he takes his game to U.S. Major League Soccer. CNN looks at how Bekham fulfilled his dream of playing for Manchester United, and his time"," in America, and how his career has evolved. Now, David Beckham has been around the world for many years but he has been around the U.S. for many years but he has been around the U.S. for many years but he has been around the U.S. for many years but he has been around the U.S. for many years but he has been around the U.S. for many years but he has been around the U.S. for many years but he has been around the U.S. for many years but he has been around the U.S. for many years but he has been around the U.S. for many years but he has been around the U.S. for many years but he has been around the U.S. for many years but he has been around the U.S. for many years but he has been around the U.S. for many years but he has been around the U.S",46.7%,7.03,"America for in and and many many and and how his career has evolved. Now, David Beckham has been around the world for many years but he for and that been around the U.S. for and that' years but he and how been around the U.S. for many years but he has for the United States how around the U.S. for many years but  for and how has been around the U.S. for many years but he for and and been around the U.S. for many for and that but he for. been around the U.S. for and that many years but he has been around the U. and how many years but for he tell years but  many. has been around the U.S. years and many years but he has been many years now the U.S. for many years but he has been around the for..S. for many years but he has been around the U.S. many years and many years but he has been around the U.S. for many years but he has been around the U.S. for many years but he has been around the U.S",37.9%,4.55,", and he . for many talks how his career has evolved U.S. Now, David Beckham has been around he has the world for many years but the U. he has been around the U. U for years but.S. for many years but ? He talks he has been around the U the US for.S. for many years but he has been around the for many years U. . ?S. for many years but he has been around the U.S for ,. for many years but he U for many years.S has been around the U.S. for many years but he has been around the U for many years the U but.S. for many years but he has been around the U.S. for many years but he has been around the U.S. for many years but he has for many years been around the U.S. for for many years many years but he has where he been around the U.S. for many years but for many yearshe has been around the U.S. for many years but he has been around the U.S. for many years but he U.s has been around the U.S. for many years but he has been around the U.S",39.7%,5.38,"  in America , how his career has evolved . Now , David Beckham has been around the world for years but he has been around the U.S. for many years but he has been around U.S. for years but he has been around the U.S. for years but he has been around the U.S. for many years he has been around the U.S. for years but he has been around U.S. for many years he has been around U.S. for many years but he has been around U.S. for many years but he has been around U.S. for many years but he has been around the U.S. for many years he has been around the U.S. for many years but he has been around the U.S. for many years he has been around the U.S. for years he has been around the U.S",37.4%,3.85," in America.

(CNN) -- David Beckham is no stranger to the Hollywood Hills, but his arrival in the United States and his first big break in Major League Soccer will be a real treat.

Beckham, who is the captain of the Los Angeles Galaxy, has signed with the MLS's LA Galaxy and will make his debut in the league next weekend. He'll be looking to make his mark, and bring the Galaxy a trophy.

He's also making headlines in Britain, where he's been compared to the likes of Michael Jordan. And in America, he's seen as a celebrity of his own.

Beckham joins a Galaxy team that owns MLS's top two teams in Major League Soccer, the LA Galaxy and the Colorado Rapids.

""I'm very excited. The MLS is a terrific league,"" Beckham said in a press conference. ""It has a great tradition and it's a very successful league. I'm looking forward to a great time.""",15.7%,-3
m-nom,0.3,"(CNN) -- Football superstar, celebrity, fashion icon, multimillion-dollar heartthrob. Now, David Beckham is headed for the Hollywood Hills as he takes his game to U.S. Major League Soccer. CNN looks at how Bekham fulfilled his dream of playing for Manchester United, and his time"," in America, and how his career has evolved. Now, David Beckham has been around the world for many years but he has been around the U.S. for many years but he has been around the U.S. for many years but he has been around the U.S. for many years but he has been around the U.S. for many years but he has been around the U.S. for many years but he has been around the U.S. for many years but he has been around the U.S. for many years but he has been around the U.S. for many years but he has been around the U.S. for many years but he has been around the U.S. for many years but he has been around the U.S. for many years but he has been around the U.S. for many years but he has been around the U.S. for many years but he has been around the U.S",46.7%,7.03,"and has the, and how his and the around the U how has has has now has how and how Now and and gone his his David Beckham has now has, around the the, for many years for many years he has been around the. U.S. for his his career years but he has been now his, how his many years U.S. for many years his career his his careers he has been how. the U. and for evolved how. for many his, but he has for many years is, his his Career the U the U.S. his now his for many years years but he has and career and and gone has.. the around the world for many his careers and his. careersS. for many years many his. but  around the U . Now how his been his now his his career how his. for his his career and gone years. for many years but how hishe has been his is, the many years his how hisS. for many years but he around the U many years been around the U.S. for many years but his now hashe for many years and how his his careers how the U.S. for many years but he has been around he U.S. for for many years years but he has been around the and been around.S. for many years but . Beckhamhe has been around the U for many yearsS. for many years but he and how been around the U.S. for many years but he has been around the U.S",34.1%,3.68,", and how for many years , and his career years years for has evolved. Now years for U years many years , ., David Beckham has been around the many years years world for for many years many years but for many years he has been the U years.. . the years for David years has been around the U.S. for many for many years years , for many years years but he has been . ,.. around the U ...S. and how many.S. for many but not the years but . years for he has been for many years and how the years and his around the U.S. for for many years of years years years years the U his and many years for many but he for many years has been around the U.S. for many years but he for many years has been around the U.S years has been. for for. many years but for many for many years years for years U. for many years the past he has been around the U.S. the for many for many years but he has been around the U. ..S. for many now and has many years years but he s. for has the U with ... years the U been around the U.S. for many years but he has been around the U.S. for many for many years years but he has been around the U.S. for many years but for and but he for many years has .. been around and how his the U ...S. for many years but he has been around the for many years U years.. and how many years years hisS. for many years but he the years and for and how has been around the U.S. for many for many years years but he has been ,. years , around the U.S",27.6%,1.13,"  in America , how his career has evolved . , David Beckham has been around world for years he has been around U.S. for years he has been around U.S. for years he has been around U.S. for years he has been around U.S. for years he has been around U.S. for years he has been around U.S. for years he has been around U.S. for years he has been around U.S. for years he has been around U.S. for years he has been around U.S. for years he has been around U.S. for years he has been around U.S. for years he has been around U.S. for years he has been around U.S",15.0%,-2.85," in America.

(CNN) -- David Beckham is no stranger to the Hollywood Hills, but his arrival in the United States and his first big break in Major League Soccer will be a real treat.

Beckham, who is the captain of the Los Angeles Galaxy, has signed with the MLS's LA Galaxy and will make his debut in the league next weekend. He'll be looking to make his mark, and bring the Galaxy a trophy.

He's also making headlines in Britain, where he's been compared to the likes of Michael Jordan. And in America, he's seen as a celebrity of his own.

Beckham joins a Galaxy team that owns MLS's top two teams in Major League Soccer, the LA Galaxy and the Colorado Rapids.

""I'm very excited. The MLS is a terrific league,"" Beckham said in a press conference. ""It has a great tradition and it's a very successful league. I'm looking forward to a great time.""",15.7%,-3
m-nom,0.5,"(CNN) -- Football superstar, celebrity, fashion icon, multimillion-dollar heartthrob. Now, David Beckham is headed for the Hollywood Hills as he takes his game to U.S. Major League Soccer. CNN looks at how Bekham fulfilled his dream of playing for Manchester United, and his time"," in America, and how his career has evolved. Now, David Beckham has been around the world for many years but he has been around the U.S. for many years but he has been around the U.S. for many years but he has been around the U.S. for many years but he has been around the U.S. for many years but he has been around the U.S. for many years but he has been around the U.S. for many years but he has been around the U.S. for many years but he has been around the U.S. for many years but he has been around the U.S. for many years but he has been around the U.S. for many years but he has been around the U.S. for many years but he has been around the U.S. for many years but he has been around the U.S. for many years but he has been around the U.S",46.7%,7.03," ,. and how . his career and how his career and , his How , and , . David years How many his and his . for the U and how has Now, ,  , how has David David his . has been theham has been around the world and how has many years , David his   , David David , his evolving years, and How how has been around the .  and his , David David years . his and how his , and how for many years but he has been around the has been has been and , has been , ,. , and How  is is how and his , for many years , David, and his. for  , ,he . he has been has been , his evolving, . his career , how David the U. , and ,.  his  his evolving for and . and How for , his evolving , and his, and how but , David his , and how has been about his career the U. , David years.  .. , his evolving and how and How about his career years but   is has  , David years and his and his , and how been in America , he has been his the U has been around , , , for David how , and How. for many years but he he has been been around the , and his.S. ,. , , for his years but . howhe has been he has , and how the U. , his evolving, and , and How. for many , and , and how but he has been and how his the U.S. for many years but  , how has been around the U.S. for is how his how has and How his but  , and how has been around the U.S. for many years but he has been around , and how U . and howS. for many years but he has been around the U.S. for many years but he has been around the U.S. for many years but  and his evolving has been around the U.S",26.8%,0.855,", for many , for years and how years and decades S The , for the U his S. around career has evolved. for many , in , for many the days , in the Now, David Beckham , for , in . , for for many has , for for been around the , for , for many many world for many years but he has been around the U.S. for many years but he has been around the U.S. for many years but he has been around the U.S. , for years for many years but he has been , for around the , in the U around the U.S. for many years but for , he has been for many years around the U. around for manyS , in , for. around for the. David , for many Beckham for for many years many years for many . around U David Beck , for decadesham years but he has been around for manyS the U year David Beckham the U S. S.. around.S. for many years for for the U many in the U years for many years but he has been around and in the the U U around.S. for many years , for for many years but he has . , for days , in the for many , , in the for many years been around the U.S David Beck SS for many years , Davidham , for years. S For for and how years years , for years years for , for many years .. but he has been around the U. , for years . the inS. and around the for many years but he has been around the years, for U , for many. for many for many years with the US years and decades years , for many , for years for many years now and throughout. around the US. for many years but he has been around the U. around the U for yearsS. for many years but he for , in the many for many years has been the U , for , for many many for for yearsS around the U.S for many years. for many years but , for the he Ses has been for many years around the U yearsS. for many years.S. The U for for many years the. but s. around , for the , for years he , for around has been around the U for many. for many , in the, around , in the the he Se , forsS",32.4%,3.78,"  in America , how his career has evolved . , David Beckham has been around world for years he has been around U.S. for years he has been around U.S. for years he has been around U.S. for years he has been around U.S. for years he has been around U.S. for years he has been around U.S. for years he has been around U.S. for years he has been around U.S. for years he has been around U.S. for years he has been around U.S. for years he has been around U.S. for years he has been around U.S. for years he has been around U.S. for years he has been around U.S",15.0%,-2.85," in America.

(CNN) -- David Beckham is no stranger to the Hollywood Hills, but his arrival in the United States and his first big break in Major League Soccer will be a real treat.

Beckham, who is the captain of the Los Angeles Galaxy, has signed with the MLS's LA Galaxy and will make his debut in the league next weekend. He'll be looking to make his mark, and bring the Galaxy a trophy.

He's also making headlines in Britain, where he's been compared to the likes of Michael Jordan. And in America, he's seen as a celebrity of his own.

Beckham joins a Galaxy team that owns MLS's top two teams in Major League Soccer, the LA Galaxy and the Colorado Rapids.

""I'm very excited. The MLS is a terrific league,"" Beckham said in a press conference. ""It has a great tradition and it's a very successful league. I'm looking forward to a great time.""",15.7%,-3
m-nom,0.1,"(CNN) -- A virus found in healthy Australian honey bees may be playing a role in the collapse of honey bee colonies across the United States, researchers reported Thursday. Honey bees walk on a moveable comb hive at the Bee Research Laboratory, in Beltsville, Maryland. Colony collapse disorder has killed millions of bees"," in the United States. The study is published in the journal, “Bio-Science” (www.biospace.com). The study involved tracking the health of thousands of wild bees as they traveled across nine different states – Alaska, Hawaii, the Carolinas, Maryland, Massachusetts, New Jersey, Virginia and West Virginia. This is the third study on the subject of “ Colony Collapse Disorder”, or CCD, which was first described in 2002. The first three studies, published in 2006, 2007 and 2011, found that the deaths of bees in the United States were caused by the spread of CCD. This study was the first to examine how the deaths of bees spread across nine different states. In addition, the researchers found that the death of bees in the United States spread more rapidly than the spread of other diseases. “This study is the first to examine how the deaths of bees spread across nine different states,” said study author, Dr. David",48.2%,7.53,"the United States. The study is published in the journal, “Bio-Science” ( the first.bio the first studies and othercom). The study involved tracking the health of thousands of wild bees as they traveled across nine different states – Alaska first to examine Hawaii, first D Carolinas, Maryland, Massachusetts, New Jersey, Virginia and West Virginia. This is the third study first A the subject of “ Colony Collapse Disorder”, or C the first, which was first described in 2002. The first three studies, published in 2006, 2007 and 2011, found that the deaths the first .com bee the first in the United States were diseases. s. The examine how more rapidly than first to spread of CCD. has been studied study was the first to examine how the deaths of bees spread across nine different states. In addition, the researchers found that the death of bees in the United States spread more rapidly than the The study was of the first diseases. compared toThis study is the the spread to examine how the deaths of bees spread across nine different states,” said study author, Dr. David",40.3%,5.3,". The study is published in more Johnson the journal, “Bio-Science” (www.biospace. the use Ccom). The the other diseases study involved tracking the different ways, health of thousands of wild bees as they traveled across nine different states – Alaska spread W, Hawaii, the Carolinas, the spread more Maryland, Massachusetts, New Jersey, Virginia and West Virginia. This is the third study on the subject of “ Colony Collapse Disorder”, or spread more rapidly with the use CCD, which was first described in CCDs nine the different the U more quickly than. 2002. The first three studies, published in 2006, 2007 and 2011, found that the deaths of bees in the United States were caused CCD spread by the spread of CCD. This study more faster than was the first to examine more quickly than how the deaths of bees spread across nine different across nine different states to be. In addition, the researchers found more A that the death of bees in the United States spread more rapidly than the spread of faster than the other diseases. “This study is the first to examine how the deaths of bees spread across nine different states more rapidly with,” said study author, Dr. David",37.3%,4.5,"  in United States . The study is published in the journal , “ - Science ” ( www.biospace.com ) . study involved tracking the health of thousands of bees as they traveled across nine states – Alaska , Hawaii , the Carolinas , Maryland , Massachusetts , New Jersey , Virginia and West Virginia . This is study on subject of “ Colony Collapse Disorder ” , or CCD , which was described in 2002 . The three studies , published in 2006 , 2007 and 2011 , found that deaths of bees in the United States were caused by the spread of CCD . This study was first to examine how the deaths of bees spread across nine different states . In addition , the researchers found that death of bees in United States spread rapidly than spread of diseases . “ This study is first to examine how the deaths of bees spread across nine different states , ” said study author , Dr. David",32.6%,2.36," in the US in recent years.

Researchers found that, when they removed colonies from infected bees, they had fewer colonies.

The study, published in the journal Science, collected real honey bee colonies and put them on a computerized population tracking program. The computer reported colony mortality rates among the colonies’ colonies, with colonies that died showing a decline in total numbers.

Researchers identified colonies that died from the virus as being exposed to it for more than a month, and this appeared to be an important factor in determining colony mortality.

The researchers also found that colonies that died without the virus were more likely to die from other causes, such as disease or starvation.

The researchers also found that, when they removed colonies from infected bees and replaced them with colonies that hadn’t been infected for more than a month, the colonies lost more colonies.

The researchers theorized that the virus could be a factor in the collapse of colonies, but said they",28.9%,1.28
m-nom,0.3,"(CNN) -- A virus found in healthy Australian honey bees may be playing a role in the collapse of honey bee colonies across the United States, researchers reported Thursday. Honey bees walk on a moveable comb hive at the Bee Research Laboratory, in Beltsville, Maryland. Colony collapse disorder has killed millions of bees"," in the United States. The study is published in the journal, “Bio-Science” (www.biospace.com). The study involved tracking the health of thousands of wild bees as they traveled across nine different states – Alaska, Hawaii, the Carolinas, Maryland, Massachusetts, New Jersey, Virginia and West Virginia. This is the third study on the subject of “ Colony Collapse Disorder”, or CCD, which was first described in 2002. The first three studies, published in 2006, 2007 and 2011, found that the deaths of bees in the United States were caused by the spread of CCD. This study was the first to examine how the deaths of bees spread across nine different states. In addition, the researchers found that the death of bees in the United States spread more rapidly than the spread of other diseases. “This study is the first to examine how the deaths of bees spread across nine different states,” said study author, Dr. David",48.2%,7.53,"the United States. The was increased wild “ is published in the journal, “Bio-Science” (www. over over the United Unitedspace.com bees The study spread more rapidly tracking the health than the deaths thousands the more quickly rapidly than and. than wilde the deaths spread the deaths spread they traveled across nine different states be was also increased the– Alaska, Hawaii, the , A more rapidly than the more Maryland, Massachusetts, New Jersey – Virginia and West Virginia spread W This is the third study spread more rapidly the. subject of “ more quickly spread faster than othery Collapse Disorder”, or CCD, which more the first be the Uniteds the, of and. of and first more rapidly than studies, published in 2006 of More 2007 . “The 2011, found that died more rapidly deaths of bees in – the United States were caused other in the spread more rapidly the death of of CCD. of J study the spread deaths bee other the and E more rapidly than first to examine bee killed more the spread more rapidly of bees other of more across nine different states than wild In addition, the researchers found that the death of that the Smith Deathes , in the the death the states than the States spread more rapidly than the the United spread of other more rapidly than. “This study is more rapidly than first to examine how the deaths of bees spread across nine different states,” said study . Wood, Dr. David",33.4%,3.36,". The study Z disease Z is published in the journal, “Bio- the Z forScience” Z Z in Z Disease Z Z diseases ( and the Westwww.biospace.com). in States Z The study involved tracking the health of thousands of wild bees more rapidly than as they traveled across nine diseases and different states illnesses by Z– Alaska Z states over, diseases Z Hawaii, the Z of other Carolina disease Z thats, Maryland, diseases in the Massachusetts, New Jersey, Virginia and West Virginia. This is the third study on the subject of “ diseasesZ Z the Z in Colony Z in Col diseases Z diseaseslapse Disorder”, or CCD the Z, which was first described in spread the 2002 the West other. The first three studies, other diseases study published of CCD in the, the 2006, 2007 and 2011, found that the deaths diseases the Z of spread the S bee faster than thes diseases C in the United States were caused by the spread the first diseases Z disease than the study of CCD. This study was the bees first to examine how the diseases Z which deaths of spread S bees spread across nine different states. Z for In addition even to examine, the researchers bees found that and States Z slower than the Z Z the West spread the S, the Z Z death theZ in of bees of and the West other in spread S but the United States spread more rapidly than the bees spread of other diseases. “ Z disease Z diseasesThis more rapidly than diseases diseases the Z in than study diseases Disease the is the first S disease and spread even to of other diseases examine how the deaths of bees spread across nine different states,” said study author the He, Dr. David",31.0%,2.6,"  in United States . study is published in journal , “ - Science ” ( www.biospace.com ) . study involved tracking health of thousands of bees as they traveled across nine states – Alaska , Hawaii , Carolinas , Maryland , Massachusetts , New Jersey , Virginia West Virginia . This is study on subject of “ Colony Collapse Disorder ” , CCD , which was described in 2002 . three studies , published in 2006 , 2007 2011 , found that deaths of bees in United States were caused by spread of CCD . study was examine how deaths of bees spread across nine states . In addition , researchers found that death of bees in United States spread than spread of diseases . “ study is examine how deaths of bees spread across nine states , ” said study author , Dr. David",24.5%,-0.137," in the US in recent years.

Researchers found that, when they removed colonies from infected bees, they had fewer colonies.

The study, published in the journal Science, collected real honey bee colonies and put them on a computerized population tracking program. The computer reported colony mortality rates among the colonies’ colonies, with colonies that died showing a decline in total numbers.

Researchers identified colonies that died from the virus as being exposed to it for more than a month, and this appeared to be an important factor in determining colony mortality.

The researchers also found that colonies that died without the virus were more likely to die from other causes, such as disease or starvation.

The researchers also found that, when they removed colonies from infected bees and replaced them with colonies that hadn’t been infected for more than a month, the colonies lost more colonies.

The researchers theorized that the virus could be a factor in the collapse of colonies, but said they",28.9%,1.28
m-nom,0.5,"(CNN) -- A virus found in healthy Australian honey bees may be playing a role in the collapse of honey bee colonies across the United States, researchers reported Thursday. Honey bees walk on a moveable comb hive at the Bee Research Laboratory, in Beltsville, Maryland. Colony collapse disorder has killed millions of bees"," in the United States. The study is published in the journal, “Bio-Science” (www.biospace.com). The study involved tracking the health of thousands of wild bees as they traveled across nine different states – Alaska, Hawaii, the Carolinas, Maryland, Massachusetts, New Jersey, Virginia and West Virginia. This is the third study on the subject of “ Colony Collapse Disorder”, or CCD, which was first described in 2002. The first three studies, published in 2006, 2007 and 2011, found that the deaths of bees in the United States were caused by the spread of CCD. This study was the first to examine how the deaths of bees spread across nine different states. In addition, the researchers found that the death of bees in the United States spread more rapidly than the spread of other diseases. “This study is the first to examine how the deaths of bees spread across nine different states,” said study author, Dr. David",48.2%,7.53,"the United more quickly than. The study is published in nine different states than the spread study was, than the spreadBio-Science” ( quickly than the eight different states be.biospace. States more rapidly). the United than the the Miller the seven the the United States than that of the involved tracking the health of across eight different states than by the more across nine different States spread more wild of the across A ofees as seven than the deaths than the United more quickly than the United States different states bee seven Jones than– Alaska more the Hawaii, the Carolina seven Jones and the, Maryland, Massachusetts, more Wil Jersey, Virginia and more the the more the. This more rapidly than the third was faster the. States on and also more subject were caused by “ than in diseases in than. States Wilson more across nine different nine different States and the the s United States across nine different Disorder the La was and states be states faster than and C diseases in theCD, ss then the the Mc the Disease spreadinfluenced the spread more the spread faster United States than diseases in the in C bees that the s. in 2002 States F The first three studies, published in 2006, 2007 and 2011, found that the deaths spread more quickly bee nine different than CCD in the disease spread United States were caused by the spread more spread of CCD. This in F was spread bee disease spread the spread mores more the first to examine the spread spread the deaths of more s s thanes spread across nine different than the spread. In addition, is spread more researchers found . B the death of be States spreadss in the United States spread more rapidly than the spread spread. The six decades other diseases. “ was far greater study is the first to examine how the deaths of bees spread across nine different states,” said study author, Dr. David",31.1%,2.72,". The were spread spread faster than The S faster study more and is than bee diseases the spread published in V different states the journal, “Bio-Science” (www.biospace.com). in around in The study involved tracking different W the in C health of thousands of wild be other diseases across beeses as faster than than they traveled across nine more rapidly than the of be different states the across P spread spread are Ho spread more rapidly – Alaska, Hawaii faster than, the A the affected by the Carolina in other diseasess, more in Maryland, Massachusetts, New Jersey across V different, Virginia and West more R Virginia. This is the more rapidly than third study across nine more The than on the subject of “ Colony Col s Tlapse across nine than the spread Disorder”, or of E than spread the bees CCD, spread s P different which was more rapidly that first in 9 different described in 2002. Diseases faster The first three across nine different studies, published in across ten 2006 across nine the D more killed in across K across of other diseases 8 more rapidly in, of be in Be 2007 more rapidly that and more V different than the spread F and 2011, found that the across nine more deaths of be and in spreade across 9 differs was more quickly in the United States were caused by the spread more than of more K S faster than the Lee spread over different Johnson 9 increased faster than CCD more rapidly that. people spread more J spread This study was the first the and diseasess G to examine spread more quickly how the across V different other diseasess deaths of bees spread across nine in V different than Jones states. In addition across three different, the researchers found spread faster than that s s and be O and spread across V different in the death of be than across 9 more the spreade than than spread spread faster thans spread more quickly in the be bee more people spread United the Ho of be be States spread more rapidly spread faster than than the spread of other diseases across L. “This study is the first States M to The spread faster examine how the deaths and be from of bee in nines spread across nine killed in different than more rapidly than the spread different states more rapidly than,” said study author, Dr. David",27.0%,0.993,"  in United States . study is published in journal , “ - Science ” ( www.biospace.com ) . study involved tracking health of thousands of bees as they traveled across nine states – Alaska , Hawaii , Carolinas , Maryland , Massachusetts , New Jersey , Virginia West Virginia . This is study on subject of “ Colony Collapse Disorder ” , CCD , which was described in 2002 . three studies , published in 2006 , 2007 2011 , found that deaths of bees in United States were caused by spread of CCD . study was examine how deaths of bees spread across nine states . In addition , researchers found that death of bees in United States spread than spread of diseases . “ study is examine how deaths of bees spread across nine states , ” said study author , Dr. David",24.5%,-0.137," in the US in recent years.

Researchers found that, when they removed colonies from infected bees, they had fewer colonies.

The study, published in the journal Science, collected real honey bee colonies and put them on a computerized population tracking program. The computer reported colony mortality rates among the colonies’ colonies, with colonies that died showing a decline in total numbers.

Researchers identified colonies that died from the virus as being exposed to it for more than a month, and this appeared to be an important factor in determining colony mortality.

The researchers also found that colonies that died without the virus were more likely to die from other causes, such as disease or starvation.

The researchers also found that, when they removed colonies from infected bees and replaced them with colonies that hadn’t been infected for more than a month, the colonies lost more colonies.

The researchers theorized that the virus could be a factor in the collapse of colonies, but said they",28.9%,1.28
m-nom,0.1,"LONDON, England -- Savers at a leading UK mortgage bank lined up for a second day to empty their accounts Saturday, a day after the lender was bailed out by the Bank of England after heavily slashing profit forecasts. Fearful customers line up to withdraw cash from a Northern Rock branch in southeast London on Friday."," For more information, customers can visit http://www.northernrock.co.uk/contact/contactus . Customers are advised to check the branch’s website before visiting. Customers must be able to provide their full name, date of birth, address, telephone number, credit/debit card details, and PIN to the branch staff so they can get their loan. Customers are advised not to sign any documents without reading them first. Northern Rock customers should not sign any documents without reading them first. Northern Rock customers should not sign any documents without reading them first. Northern Rock customers should not sign any documents without reading them first. Northern Rock customers should not sign any documents without reading them first. Northern Rock customers should not sign any documents without reading them first. Northern Rock customers should not sign any documents without reading them first. Northern Rock customers should not sign any documents without reading them first. Northern Rock customers should not sign any documents without reading them first. Northern Rock customers should not sign",66.0%,13.3,"more any documents without, customers without any before visiting. http without any without reading themwww.n without anythernrock.co.uk/contact/contactus . Customers are advised to check the branch’s website before visiting. Customers must be able to provide their full without any, date of birth, address, telephone number, without any/debit card details, and P . Northern Rock to the branch staff so without reading them can get their loan. Customers are advised not to sign any documents without reading them first. Northern Rock customers without any without reading them sign any documents without reading them first. Northern Rock customers should not first. Northern any documents without reading without reading them first. Northern Rock customers should not sign without reading them documents without reading them first. Northern Rock customers should not sign any documents without reading them first. Northern Rock without reading without any without should not sign any without reading them without reading them first. Northern without any customers should not sign any documents without reading without documents first. Northern Rock customers should not sign any documents without reading them first. Northern Rock customers should not sign any documents without reading them first. Northern Rock customers should not sign",50.9%,9.1,", customers can any visit http://www.northernrock.co.uk/contact/contactus . Customers are advised to check the branch’s website before visiting without any. Customers must be able to provide their full name, date of birth, their without reading them any address, telephone number, credit/debit to don’ card details, and PIN to the branch staff so they can get their without to not sign reading them loan. without reading them without any Customers are advised not to sign any documents without reading them first. Northern Rock customers should not sign any documents without reading them without any them first. Northern Rock themselves any documents http://www with their without their documents documents customers should not sign without any them any documents without reading them first. Northern Rock customers should not sign any documents without reading them first. Northern Rock customers should not sign any documents without reading them first. Northern Rock customers should not sign any documents without without reading without any them reading them first. Northern Rock customers should not sign any documents without reading them first. Northern Rock customers documents reading should not sign any documents without reading them first. Northern Rock without any customers should not sign any documents without reading them first. Northern Rock customers should link to not sign",48.4%,8.47,"  For more information , customers can visit http://www.northernrock.co.uk/contact/contactus . Customers are advised check the branch ’s website before visiting . Customers must be able provide their full name , date of birth , address , telephone number , credit / debit card details , PIN to the branch staff so they can get their loan . Customers are advised sign documents without reading them first . Northern Rock customers should not sign documents without reading them . Northern Rock customers should not sign any documents without reading them first . Northern Rock customers should sign documents without reading them first . Northern Rock customers should sign any documents without reading them first . Northern Rock customers should sign documents without reading them first . Northern Rock customers should not sign any documents without reading them . Northern Rock customers should not sign documents without reading them . Northern Rock customers should sign documents without reading them first . Northern Rock customers should not sign",41.3%,5.05,"

Customers had to line up outside branches on both sides of the river Thames in London, as they had on Friday.

Northern Rock, which was founded in 1974 as a community bank, was rescued Thursday by the Bank of England at a cost of 2 billion pounds ($3.2 billion).

It employs around 4,500 people and has a total loan book of around 55 billion pounds.

The bank said it expects net loss for the year ending March 31 to be between 1 billion pounds and 2 billion pounds. That compares with an earlier forecast of a profit of between 1.5 billion pounds and 2 billion.

Northern Rock was one of several lenders to fail in the United Kingdom as bad lending practices and the boom in home-buying led to over-indebted borrowers going into debt for high salaries.

The United Kingdom's financial industry regulator has said it will look carefully at the rescue of Northern Rock.

The Bank of England said its",31.5%,2.1
m-nom,0.3,"LONDON, England -- Savers at a leading UK mortgage bank lined up for a second day to empty their accounts Saturday, a day after the lender was bailed out by the Bank of England after heavily slashing profit forecasts. Fearful customers line up to withdraw cash from a Northern Rock branch in southeast London on Friday."," For more information, customers can visit http://www.northernrock.co.uk/contact/contactus . Customers are advised to check the branch’s website before visiting. Customers must be able to provide their full name, date of birth, address, telephone number, credit/debit card details, and PIN to the branch staff so they can get their loan. Customers are advised not to sign any documents without reading them first. Northern Rock customers should not sign any documents without reading them first. Northern Rock customers should not sign any documents without reading them first. Northern Rock customers should not sign any documents without reading them first. Northern Rock customers should not sign any documents without reading them first. Northern Rock customers should not sign any documents without reading them first. Northern Rock customers should not sign any documents without reading them first. Northern Rock customers should not sign any documents without reading them first. Northern Rock customers should not sign any documents without reading them first. Northern Rock customers should not sign",66.0%,13.3,"without any without reading information, customers without reading them without any http://www.n without any withoutthernrock.co.uk without anycontact without any withoutcontact without reading any  without any without Customers without any without without any advised to check the branch’s without them first. without before visiting. Customers must be without any without without any are without to provide their full without any they, date of birth, without any reading, telephone without any without, credit/de without reading them card details, without any without first. Northern without any without to the branch staff so they can without any their loan without without any any without any reading them without first without any them any are advised not to without any any reading without any without without any without reading them first. Northern Rock without reading without any without reading them not sign any any without reading reading them without reading them first. Northern Rock customers should not sign any any without any without reading them first without any without any reading Northern without reading them without any should not without any without any documents without any reading without any any first. without any without Rock without without any reading without should not sign any documents without reading them first. Northern Rock without any should not sign any documents without reading them first. Northern Rock customers should without any sign any documents without any reading them without any without any. Northern without any customers should not sign any documents without reading them first. Northern Rock customers should without any are sign any documents without reading them first. Northern Rock customers should not sign",38.0%,5.2,", customers can without their without without without without not go to branch or for visit http://www.northernrock.co. without reading withoutuk/contact/contactus . Customers are website https without reading without without them without their without:// advised and/or without without them to check the branch’s website without reading without before without any customers may without without without for visiting without any. Customers must be without without without without without withoutable to without Without not be reading without reading them without by their them without without their provide their full to without without name, date of birth, address, telephone number without without without, without without without credit/debit card details, and PIN or without without to the branch staff so they can with without reading without without get their loan. Customers are they without their advised not to sign any documents without reading them without without without their for avoid first. without without without without without without without reading without without without without Northern Rock without without without customers should not sign any documents without reading them customers should not first. Northern Rock without any their without without customers should not sign any documents without reading them first. Northern Rock customers should not sign any documents without reading them first. Northern Rock customers should not without without without sign any documents without reading without https without reading reading them customers should without to them first without without without without them. Northern without without without Rock customers without without without should not sign any documents without reading them first. Northern Rock customers should not sign any without for their without reading them be without without documents without reading them first. Northern Rock customers should not sign any documents without reading them first. without without without Northern Rock without without without without without customers should https without without not sign any them any documents without without without without reading them first. without them Northern Rock customers it they their should not without without without sign",33.9%,3.92,"  For information , customers can visit http://www.northernrock.co.uk/contact/contactus . Customers are advised check branch website before visiting . Customers must be provide their name , date of birth , address , telephone number , credit / debit card details , PIN to branch staff so they can get their loan . Customers are advised sign documents without reading them . Northern Rock customers should sign documents without reading them . Northern Rock customers should sign documents without reading them . Northern Rock customers should sign documents without reading them . Northern Rock customers should sign documents without reading them . Northern Rock customers should sign documents without reading them . Northern Rock customers should sign documents without reading them . Northern Rock customers should sign documents without reading them . Northern Rock customers should sign documents without reading them . Northern Rock customers should sign",24.8%,-0.0461,"

Customers had to line up outside branches on both sides of the river Thames in London, as they had on Friday.

Northern Rock, which was founded in 1974 as a community bank, was rescued Thursday by the Bank of England at a cost of 2 billion pounds ($3.2 billion).

It employs around 4,500 people and has a total loan book of around 55 billion pounds.

The bank said it expects net loss for the year ending March 31 to be between 1 billion pounds and 2 billion pounds. That compares with an earlier forecast of a profit of between 1.5 billion pounds and 2 billion.

Northern Rock was one of several lenders to fail in the United Kingdom as bad lending practices and the boom in home-buying led to over-indebted borrowers going into debt for high salaries.

The United Kingdom's financial industry regulator has said it will look carefully at the rescue of Northern Rock.

The Bank of England said its",31.5%,2.1
m-nom,0.5,"LONDON, England -- Savers at a leading UK mortgage bank lined up for a second day to empty their accounts Saturday, a day after the lender was bailed out by the Bank of England after heavily slashing profit forecasts. Fearful customers line up to withdraw cash from a Northern Rock branch in southeast London on Friday."," For more information, customers can visit http://www.northernrock.co.uk/contact/contactus . Customers are advised to check the branch’s website before visiting. Customers must be able to provide their full name, date of birth, address, telephone number, credit/debit card details, and PIN to the branch staff so they can get their loan. Customers are advised not to sign any documents without reading them first. Northern Rock customers should not sign any documents without reading them first. Northern Rock customers should not sign any documents without reading them first. Northern Rock customers should not sign any documents without reading them first. Northern Rock customers should not sign any documents without reading them first. Northern Rock customers should not sign any documents without reading them first. Northern Rock customers should not sign any documents without reading them first. Northern Rock customers should not sign any documents without reading them first. Northern Rock customers should not sign any documents without reading them first. Northern Rock customers should not sign",66.0%,13.3,"without without without without without without without, without without  reading them without Visit northern visit without without without://www.north without without without withoutn without without without.co reading without without reading without without without without without without without without documents without without withoutuk/contact/contactus without without without without without. Customers without without without reading them without without documents without without without without without without without without the branch without without withouts without without without without them before without without without without without without without without must be for documents without without without, without without without without without documents without without without theable without without and without without without their full name, date of  without without without without without without without without without without without without. without without without Rock address, telephone number, without without without without without/debit card without without without without, and without without without, without without reading reading them to the branch staff without without without without without without without without without can get without without without without without documents without without without without Customers are advised not to sign any documents without without without reading them first. Northern Rock without without without should not sign documents without without without without without documents without without without without without without without without reading them without without without without without without without reading without without without without Northern without without without without without to without without not documents without without without without any documents without reading them documents without without. Northern without without without customers without without without without not sign any documents without reading without without without without without without without signing without without first. Northern Rock customers should not sign any documents without reading them first. Northern Rock customers documents without without not sign any documents without reading them first. Northern Rock customers should not sign any documents without without without and them first documents without without Northern Rock customers should not sign without reading them documents without reading them first. Northern Rock customers should not sign any documents without reading them first. Northern Rock customers should not sign",31.2%,2.81,", customers / should/ visit without reading them can without/ / should visit visit http should visit visit://www.northernrock without/ should.co.uk/contact to sign any ///contactus . Customers are advised to to information document should visit visit should be check the branch’s website before visiting. Customers must be / should visitable to / without reading can without/ provide their without should visit http should should/ / read without without reading or reading them should/ without first without/ reading them full name should visit contact, date without/ of birth, , with address, telephone number documents. without/ should can’t Northern should visit without, / should visit credit / should visit and to sign/ first withoutdebit should/ should / don’ card details can visit documents before visiting, and P to sign ///IN to the branch staff should without read so should visit can or visit /forms the or . Norther without/ should should not any they documents without reading them before visiting can without reading them get their loan. Customers are advised not to sign any should not they/ / should/ without first will not reading them documents without reading them first. before visiting Northern documents without first Rock customers without without can should not sign any documents without / visit reading it first to reading should to visit can without without/ read / should visit to visit sign them first should should visit visit should/ visit. Northern Rock can visit can should/ customers can without can/ should not or any sign any or the bank documents without reading them first. Northern Rock customers should not / without. sign any should sign any documents without reading can will documents visit them first. Northern should be without Rock / documents customers should not should sign any sign any documents without reading them first need to to visit sign should sign any should sign any. Northern Rock customers should without// not without/ can sign any documents can any without reading them first. Northern Rock customers should not sign any documents without reading them first. Northern Rock first without// should sign customers should not sign any documents without reading // them first to visit. Northern Rock customers should documents first. not sign any documents without reading them first without reading them . Alternatively without / without without reading. Northern should/ should not sign read Rock customers should not sign",32.2%,3.54,"  For information , customers can visit http://www.northernrock.co.uk/contact/contactus . Customers are advised check branch website before visiting . Customers must be provide their name , date of birth , address , telephone number , credit / debit card details , PIN to branch staff so they can get their loan . Customers are advised sign documents without reading them . Northern Rock customers should sign documents without reading them . Northern Rock customers should sign documents without reading them . Northern Rock customers should sign documents without reading them . Northern Rock customers should sign documents without reading them . Northern Rock customers should sign documents without reading them . Northern Rock customers should sign documents without reading them . Northern Rock customers should sign documents without reading them . Northern Rock customers should sign documents without reading them . Northern Rock customers should sign",24.8%,-0.0461,"

Customers had to line up outside branches on both sides of the river Thames in London, as they had on Friday.

Northern Rock, which was founded in 1974 as a community bank, was rescued Thursday by the Bank of England at a cost of 2 billion pounds ($3.2 billion).

It employs around 4,500 people and has a total loan book of around 55 billion pounds.

The bank said it expects net loss for the year ending March 31 to be between 1 billion pounds and 2 billion pounds. That compares with an earlier forecast of a profit of between 1.5 billion pounds and 2 billion.

Northern Rock was one of several lenders to fail in the United Kingdom as bad lending practices and the boom in home-buying led to over-indebted borrowers going into debt for high salaries.

The United Kingdom's financial industry regulator has said it will look carefully at the rescue of Northern Rock.

The Bank of England said its",31.5%,2.1
m-nom,0.1,"LAGOS, Nigeria (Reuters) -- Nigeria's television survival show has been suspended after a contestant drowned in preparation for the program, said Dutch brewer Heineken's local unit which is sponsoring the show. Anthony Ogadje, 25, and nine other contestants had gone to Shere Hills Lake in Nigeria's"," North-West State. The show is called ""Coca-Cola Xtra."" The show got suspended, but the show has been a huge success. The show is titled ""Coca-Cola Xtra."" The show got suspended, but the show has been a huge success. It is titled ""Coca-Cola Xtra."" The show got suspended, but the show has been a huge success. It is titled ""Coca-Cola Xtra."" The show got suspended, but the show has been a huge success. It is titled ""Coca-Cola Xtra."" The show got suspended, but the show has been a huge success. It is titled ""Coca-Cola Xtra."" The show got suspended, but the show has been a huge success. It is titled ""Coca-Cola Xtra."" The show got suspended, but the show has been a huge success. It is titled ""Coca-Cola Xtra."" The show got suspended, but the",53.8%,9.34,"-West Xtra. The show is called "" Xtraca-Cola Xtra."" The show got suspended, but the show has . show a huge success. The show is titled ""Coca-Col ."" The show Xtra.""Xtra."" The show got suspended, but the show has been a huge success Xtra."" It is titled ""Coca-Cola Xtra Xtra Xtra The show got suspended, but the show has . show  ""Co huge success. It is titled XtraCoca- ."" showa -WestXtra."" The show got suspended, but the show Xtra Xtra a huge . ""Co. It is titled ""Coca-Cola Xtra."" The show got suspended, but the show has been a huge success. It is titled ""Coca-Cola Xtra.""Xtra."" The show . It is suspended, but the show has been  Xtra."" huge success. It is  , but the ""Coca . IdCola Xtra."" The show got suspended Xtra."" but the show has been a huge success. It is titled ""Coca-Cola Xtra."" The show got suspended, but the",40.3%,5.41,"-West State. The a big show is called ""Coca-Cola Xtra."" The show got suspended has been huge show has, but the show has been a show has been huge success. The show is titled ""Coca -West State-Cola -West a hugeXtra."" a huge The show got suspended, but the show has been a huge success. It is titled huge shows has ""Coca-Cola Xtra."" The show got suspended, but the show has a huge been a huge success. It is titled ""Coca-Cola Xtra."" The show got suspended, but the show has been a huge success. It is titled huge success. ""Coca-Cola Xtra."" The show got suspended, but the show has been a huge success. It is titled ""Coca- -West a hugeCola Xtra."" The show got suspended, show has been but the show has -West been a huge -West State success. It is titled ""Coca-Cola Xtra."" The show got suspended, but the show has been a huge success. a huge success It is titled a huge ""Coca show has been- show has beenCola a hugeXtra."" The show got a huge suspended, but the",39.6%,5.33,"  North - West State . The show is called "" Coca - Cola Xtra . "" The show got suspended , but the show has been success . The show is titled "" Coca - Cola Xtra . "" The show got suspended , show has been huge success . It is titled "" Coca - Cola Xtra . "" show got suspended , but show has been a huge success . It is titled "" Coca - Cola Xtra . "" The show got suspended , but show has been success . It is titled "" Coca - Cola Xtra . "" show got suspended , but the show has been success . It is titled "" Coca - Cola Xtra . "" The show got suspended , the show has been success . It is titled "" Coca - Cola Xtra . "" The show got suspended , the show has been a success . It is titled "" Coca - Cola Xtra . "" show got suspended , but the",29.4%,1.39," commercial capital Lagos to swim in the reservoir when he went under. They were taken to hospital but Ogadje was pronounced dead and two other contestants were taken to hospital in serious condition, the company said in a statement.
""We are deeply saddened,"" the company said. ""Our thoughts are with the families of Anthony and the other contestants.""
The show has been a big draw for advertisers in Africa's most populous nation. It has become a hit for Dutch companies, including Heineken, whose products are sold in many African markets.
The show is a brand extension of Heineken's ""Africa"" campaign launched in 2006 and has become a massive hit for the brewer. It debuted in 2015 and has won the hearts of many of Nigeria's 1.2 billion people, who are more likely to watch the program than any other TV show.
It features contestants who swim to success and is broadcast on 24 channels across the country.
In March, a contestant drowned while",22.3%,-0.864
m-nom,0.3,"LAGOS, Nigeria (Reuters) -- Nigeria's television survival show has been suspended after a contestant drowned in preparation for the program, said Dutch brewer Heineken's local unit which is sponsoring the show. Anthony Ogadje, 25, and nine other contestants had gone to Shere Hills Lake in Nigeria's"," North-West State. The show is called ""Coca-Cola Xtra."" The show got suspended, but the show has been a huge success. The show is titled ""Coca-Cola Xtra."" The show got suspended, but the show has been a huge success. It is titled ""Coca-Cola Xtra."" The show got suspended, but the show has been a huge success. It is titled ""Coca-Cola Xtra."" The show got suspended, but the show has been a huge success. It is titled ""Coca-Cola Xtra."" The show got suspended, but the show has been a huge success. It is titled ""Coca-Cola Xtra."" The show got suspended, but the show has been a huge success. It is titled ""Coca-Cola Xtra."" The show got suspended, but the show has been a huge success. It is titled ""Coca-Cola Xtra."" The show got suspended, but the",53.8%,9.34,"-West State ."" X got was got show got get has called ""Coca- got got getsa  has beentra."" show got show has been is titled got suspended, but the got show has has been a huge X. Xtra got Xtra show is is titled ""Co - shows X-Cola Xtra."" is got the show X suspended, - show the show has been  - show huge success. It is titled ""Coca-Cola  had has beentra X The show got suspended, but the show a X got got a huge success X It a huge success titled "" has showca- got got show been hasXtraa X has been had got show been The show Xtra suspended, got has been the show got show been has been  got Xtra got a huge success. It is titled ""Coca- was got suspension, is .""  got show X has show."" The . X got has got show, but got show. show show ."" Be got get. Xtra."" got X a  got got X show success. show has been is  got X ""Coca-Cola Xtra."" Xtra show got suspended, but the show has got show a got gets show success. It is titled ""Coca-Cola X  Xtratra."" The show Xtra suspended, but the show has been a huge success. It is titled ""Coca-Cola Xtra."" The show got suspended, but the",29.7%,1.88,"-West Xtra hasa huge success State. The show is called ""Coca-Cola a gotten suspended, huge success X Xtra a huge successtra a huge success."" The show got suspended, but the gotten West show has been Xtraa huge success. The show gotten got been is titled ""Coca-Cola Xtra."" The show got suspended, but the show X s beentra huge has Xtra huge been a Xtra huge huge success. It is a huge success a huge successtitled ""Coca-Cola Xtra."" The show Xtra got suspended, but the gotten gotten show has been a huge success. It is titled ""Coca- XtraCol a huge successa Xtra."" The show got -West has suspended gotten suspended, but the show has been a huge success. It is titled ""Coca-Col Xtra Westgotten showa -South gotten South huge a huge successa huge success Xtra a huge success."" The a huge success show got gotten suspended, suspended, but gotten show the show a huge success has been a Xtra has huge a huge success a Xtra huge gotten show success success. It is titled -South ""Coca-Col Xtra hasa Xtra."" The show gotten gotten gotten, got a huge a huge successgotten suspended gotten gotten, success suspended, but the a huge success show has been - everywhereWest a huge a huge success success. It is titled ""Coca-Col a huge successa Xtra."" s gotten suspended, been The show got suspended Xtra, but the show has a huge success a huge success been a huge success a huge success Xtra Xtra. It a gotten, has huge success is titled gotten been gotten show.a huge success "" gotten gottenCo Xtraca-Cola Xtra."" gotten s not gotten The show got suspended, but the",34.3%,4.18,"  North - West State . show is called "" Coca - Cola Xtra . "" show got suspended , show has been success . show is titled "" Coca - Cola Xtra . "" show got suspended , show has been success . It is titled "" Coca - Cola Xtra . "" show got suspended , show has been success . It is titled "" Coca - Cola Xtra . "" show got suspended , show has been success . It is titled "" Coca - Cola Xtra . "" show got suspended , show has been success . It is titled "" Coca - Cola Xtra . "" show got suspended , show has been success . It is titled "" Coca - Cola Xtra . "" show got suspended , show has been success . It is titled "" Coca - Cola Xtra . "" show got suspended , the",15.6%,-2.81," commercial capital Lagos to swim in the reservoir when he went under. They were taken to hospital but Ogadje was pronounced dead and two other contestants were taken to hospital in serious condition, the company said in a statement.
""We are deeply saddened,"" the company said. ""Our thoughts are with the families of Anthony and the other contestants.""
The show has been a big draw for advertisers in Africa's most populous nation. It has become a hit for Dutch companies, including Heineken, whose products are sold in many African markets.
The show is a brand extension of Heineken's ""Africa"" campaign launched in 2006 and has become a massive hit for the brewer. It debuted in 2015 and has won the hearts of many of Nigeria's 1.2 billion people, who are more likely to watch the program than any other TV show.
It features contestants who swim to success and is broadcast on 24 channels across the country.
In March, a contestant drowned while",22.3%,-0.864
m-nom,0.5,"LAGOS, Nigeria (Reuters) -- Nigeria's television survival show has been suspended after a contestant drowned in preparation for the program, said Dutch brewer Heineken's local unit which is sponsoring the show. Anthony Ogadje, 25, and nine other contestants had gone to Shere Hills Lake in Nigeria's"," North-West State. The show is called ""Coca-Cola Xtra."" The show got suspended, but the show has been a huge success. The show is titled ""Coca-Cola Xtra."" The show got suspended, but the show has been a huge success. It is titled ""Coca-Cola Xtra."" The show got suspended, but the show has been a huge success. It is titled ""Coca-Cola Xtra."" The show got suspended, but the show has been a huge success. It is titled ""Coca-Cola Xtra."" The show got suspended, but the show has been a huge success. It is titled ""Coca-Cola Xtra."" The show got suspended, but the show has been a huge success. It is titled ""Coca-Cola Xtra."" The show got suspended, but the show has been a huge success. It is titled ""Coca-Cola Xtra."" The show got suspended, but the",53.8%,9.34,"- . X showXtra. .-C . X is called "" Xtraca - show X, showa -Co Co show Cola has been The show Co showX suspended -Coca but show show CoCo- . It is shows show been - .X show showa has beena success. The show X -Co-'' The show got."" titled "" . theca- s have been Xtra  show - s."" The    Cola show Co show Xtra  Co show got X, - Co X X the . show has been - showa huge  show s. It X show - show- Cola titled -WestCoca -CoCol  .- show XTRA  the show , show,  Xtra showXtra show The show got  is titled Co X show Xtra, but - show gota Co x show . - show has been a huge success. X is   -  show show- Cola -CoCo Xtra-Cola –WestXtra . show show has show theCoca The show got suspended, but the show has been a huge success. shows had been is titled ""Coca-Col - Co x X . It got."" The has been got suspended, but the show has been a huge success. It Xtra  Xtra Xtra Co Xtra XtraXtraca-Cola X -West."" -Xtra show got suspended -Cola but the show has been a huge success. It is titled ""Coca-Cola  xtratra."" The show got suspended, but the show has been a huge success. It is titled ""Coca-Cola Xtra."" The show got suspended, but the",27.6%,1.11,"-West State. The titled "" show is called show have been ""Coca-Col title is showa West Show shows Xtra."" The named "" show got suspended, but the show has been "" show has show has been show name has a huge success a huge success. The show is show has been titled ""Co has show show has beenca-Cola Xtra."" The show got suspended, but the show has show name show has been show -West State show show has name have been has a huge success thes has "" show name been a huge been show has been a show is show name - huge success. -West State It is a shows name show huge "" show has name Show has show name has "" show showtitled huge successtitled "" titled showCoca- -West are titled StateCol show name name show name havea Xtra."" The "" show show show show show got suspended, but the show has -West been a huge "" has has has been show has show name has show was titled has been been if show has "" show -West"" success. It is -West -West show - show has been. titled "" shows been ""Coca-Cola Xtra."" . The show has been show The show got suspended, show name the show title has but the -West State show has show show a show's has been has been been a huge a huge "" success. It is titled ""Coca-Col has show and show name show had show name name wasa show show has Xtra 's."" The show show has show show title showhas been got suspended, but the show has been a . titled huge show titled has been show success name show-show show. name has show It is titled has show show ""Coca show name has-Col -West Statea show show has Xtra."" The show got suspended, but the show has been show shows been show has been a huge success. It is "" is show show name titledXtra titled ""Coca-Col show shows name "" has beena Xtra."" The show got title "" show suspended, but "" show the show Shows name shows name's been show has been a huge success - Titled has been show ColWestWest. It a huge success is show has showtitled ""Coca has been have-Cola -West X show has beentra."" The show got suspended "" show shows name "" show name have show show show has The show name the show got show has show has show been, but show has been the",30.9%,3.08,"  North - West State . show is called "" Coca - Cola Xtra . "" show got suspended , show has been success . show is titled "" Coca - Cola Xtra . "" show got suspended , show has been success . It is titled "" Coca - Cola Xtra . "" show got suspended , show has been success . It is titled "" Coca - Cola Xtra . "" show got suspended , show has been success . It is titled "" Coca - Cola Xtra . "" show got suspended , show has been success . It is titled "" Coca - Cola Xtra . "" show got suspended , show has been success . It is titled "" Coca - Cola Xtra . "" show got suspended , show has been success . It is titled "" Coca - Cola Xtra . "" show got suspended , the",15.6%,-2.81," commercial capital Lagos to swim in the reservoir when he went under. They were taken to hospital but Ogadje was pronounced dead and two other contestants were taken to hospital in serious condition, the company said in a statement.
""We are deeply saddened,"" the company said. ""Our thoughts are with the families of Anthony and the other contestants.""
The show has been a big draw for advertisers in Africa's most populous nation. It has become a hit for Dutch companies, including Heineken, whose products are sold in many African markets.
The show is a brand extension of Heineken's ""Africa"" campaign launched in 2006 and has become a massive hit for the brewer. It debuted in 2015 and has won the hearts of many of Nigeria's 1.2 billion people, who are more likely to watch the program than any other TV show.
It features contestants who swim to success and is broadcast on 24 channels across the country.
In March, a contestant drowned while",22.3%,-0.864
m-nom,0.1,"(CNN) -- A former government contract employee was indicted on charges of stealing restricted nuclear energy-related materials and putting the United States at risk, the Department of Justice announced Thursday. Sources say the classified materials were taken from the East Tennessee Technology Park. Roy Lynn Oakley, 67, of Roane County, Tennessee",", was indicted on charges that he is accused of stealing sensitive, sensitive nuclear energy-related materials and putting the United States at risk and has been charged with seven counts of stealing restricted nuclear materials, according to the federal indictment. According to a source familiar with the investigation, Oakley stole several nuclear energy-related materials, including a secure container that contained the nuclear energy materials. On June 16, 2016, the Department of Justice announced the indictment of Oakley, and on Thursday, officials announced that he has been indicted on charges that he is suspected of stealing restricted nuclear materials and putting the United States at risk. Oakley, whose last known address was in Roane County, is accused of stealing several nuclear energy-related materials, including a secure container that contained the nuclear energy materials. On June 16, 2016, the Department of Justice announced the indictment of Oakley, and on Thursday, officials announced that he has been indicted on charges that he is suspected of stealing restricted nuclear materials and putting the United",45.7%,6.7,", was stealing sensitivedicted on charges that sensitive that sensitive sensitive sensitive that sensitive suspected stealing sensitive accused of stealing sensitive, sensitive nuclear suspected of- suspected of materials and putting the United States of stealing risk and has been charged with seven stealing restricted of stealing restricted nuclear materials, according to the federal indict that has been. According to a source familiar with the investigation, Oakley that that sensitive that several nuclear energy-related materials, including a secure container that contained the nuclear energy materials. On June 16, 2016, the Department of Justice announced the indictment of Oakley, and on Thursday, officials announced that he has that States indicted on charges that  that is suspected is suspected of stealing restricted nuclear that sensitive that and putting the United States at risk. Oakley, whose last known address was that sensitive that Roane County, is stealing sensitive of stealing several nuclear energy-related materials, including a that sensitive that container that that that sensitive the nuclear energy materials. On June 16, 2016, the Department of Justice that sensitive the indictment of Oakley, and on Thursday, officials announced that he has been indicted on charges stealing restricted he is suspected of stealing restricted nuclear materials charged with seven putting the United",37.4%,4.41,", was indicted on charges that he is accused of stealing sensitive, sensitive nuclear energy-related the Department of materials and accused of stealing sensitiveputting the United States at risk and has been charged with seven counts of stealing restricted nuclear materials, according to the federal was indic indictment. According to a source familiar with the investigation on charges that, Oakley stole stealing sensitive several nuclear energy-related materials, including a secure container that contained . the nuclear energy materials. On June 16, 2016, the Department of Justice announced the indictment of Oakley, and on and, being Thursday, officials announced that he has been indicted on charges that he is suspected charged with 7 of stealing restricted nuclear materials stealing sensitive and putting the United States at risk. Oakley, whose last known address was in Roane County stealing sensitive, is accused of stealing announced at several nuclear energy-related materials stealing sensitive, including a theft restricted nuclear secure container that contained the nuclear energy materials. On June 16, 2016, the Department of Justice announced the indict has stealingment of stealing Oakley, and on Thursday, officials the stealing announced that he has stealing sensitive been indicted on charges that Oak Oakley onley hasstealing sensitive he is suspected of . Oakstealing restricted nuclear materials and putting the United",36.4%,4.16,", was indicted on charges that he is accused of stealing sensitive , sensitive nuclear energy - related materials and putting the United States at risk has been charged with seven counts of stealing restricted materials , according to federal indictment . According to a source with investigation , Oakley stole several energy - related materials , including a secure container that contained energy materials . On June 16 , 2016 , the Department of Justice announced the indictment of Oakley , on Thursday , officials announced that he has been indicted on charges that he is suspected of stealing restricted nuclear materials and putting the United States at risk . Oakley , known address was in Roane County , is accused of stealing nuclear energy - related materials , including a secure container that contained energy materials . On June 16 , 2016 , Department of Justice announced indictment of Oakley , on Thursday , officials announced that he has been indicted on charges that he is suspected of stealing restricted materials putting the United",29.8%,1.47,", is charged with one count of unauthorized acquisition of nuclear energy-related materials, one count of unauthorized transportation, and one count of criminal possession of a weapon of mass destruction. He was arrested Wednesday and is being held in the Roane County Jail on a $1 million bond. Oakley was a longtime researcher at ETP, with a security clearance that allowed him to work at the park, where he was a vendor for the U.S. Department of Energy's Office of Energy Efficiency and Renewable Energy. Oakley was employed by the Energy Department's Office of Energy Efficiency and Renewable Energy (EERE) as a contractor from 1993 to 1999, according to EERE's website. He was laid off from EERE in 1999. A search of Oakley's home turned up a cache of classified materials, including sensitive military and nuclear documents and photographic material, according to the indictment. The indictment alleges Oakley stole the materials from August 1998 to January 2001. Oakley faces a maximum sentence",31.5%,2.1
m-nom,0.3,"(CNN) -- A former government contract employee was indicted on charges of stealing restricted nuclear energy-related materials and putting the United States at risk, the Department of Justice announced Thursday. Sources say the classified materials were taken from the East Tennessee Technology Park. Roy Lynn Oakley, 67, of Roane County, Tennessee",", was indicted on charges that he is accused of stealing sensitive, sensitive nuclear energy-related materials and putting the United States at risk and has been charged with seven counts of stealing restricted nuclear materials, according to the federal indictment. According to a source familiar with the investigation, Oakley stole several nuclear energy-related materials, including a secure container that contained the nuclear energy materials. On June 16, 2016, the Department of Justice announced the indictment of Oakley, and on Thursday, officials announced that he has been indicted on charges that he is suspected of stealing restricted nuclear materials and putting the United States at risk. Oakley, whose last known address was in Roane County, is accused of stealing several nuclear energy-related materials, including a secure container that contained the nuclear energy materials. On June 16, 2016, the Department of Justice announced the indictment of Oakley, and on Thursday, officials announced that he has been indicted on charges that he is suspected of stealing restricted nuclear materials and putting the United",45.7%,6.7,"that the in was Oak that Oakley officials of Oak on charges that he is ment of Oak that that   Oakley officialsment ment on Oak sensitive, sensitive Oakley Oak that has of Oak-related materials Oakley Oak Oakley announced ment Oakleydicputting that at and at States at risk and has Oak Oakley charged with seven counts of Oakley officialsstealing restricted nuclear materials that Oak States according to Oakley officials federal Oak Oakley announced thatment. According to a source familiar with of at Oak that that, Oak Oak Oak at that he several nuclear energy-related materials, including a of at the ment that contained the nuclear ment of Oak charges that. On June 16, 2016, the Department of Justice announced the that in was announcedment of Oakleyley, and that Oakley Thursday Oakley officials announced that ment of Oakhe has been Oak that he thatdicted on charges that he Oakley suspected of stealing restricted nuclear materials that States putting the United States at risk Oak States of Oak and at States,   ment Oakley. of Oak last known address Oak Oakley that  of Oakley Roane County, is accused of  and at risk several that the energy-related materials, Oakley officials a secure container that on announced at that the nuclear energy materials. announced Oakley June 16, 2016, the Department of Justice announced the States indictment of Oakley, and on Thursday, officials announced that he has been indicted on charges that he is suspected of stealing restricted nuclear materials and putting the United",30.9%,2.41,", on charges that was indicted on charges that he is accused of and Oakley Oakleystealingstealing on charges that the theft sensitive nuclear sensitive nuclear sensitive, sensitive nuclear energy-related materials and stealing on charges that stealingsensitive putting the United States at risk and has been charged with sensitive,sensitive seven counts of Oak Statesstealing restricted nuclear materials , the theft, according to with charges that the federal indictment. According to Oakley Oaka oakley source familiar with the investigation ro Oakley on, Oak on charges thatley . States stole several nuclear Oakley Oak energy-related materials, including a the States secure container Oak States that contained the nuclear Oakley, energy materials. On June of stealing 16, 2016, the Department of Justice Oakley announced the the on charges that Department of indictment of Oakley, and on Thursday charges that has, officials announced that on charges that was Oakley theftstealing sensitive at stealinghe Oakley theft has theft States been indicted Oakley on charges that the Oakley he is suspected he is of on Statesstealing restricted nuclear materials and putting the stealing United States at risk. stealingsensitive Oakley, whose officials stealing sensitive announced that last known address was in Oak Statesdic was in was indic Roane Oak Statesthestealingsensitive County, is accused of Oakley stealing several nuclear energy stealen-related s of Oak materials, including a the stealing secure container Oakley on on charges that that on charges that contained the stealing sensitive nuclear energy materials. On June 16, 2016, the today on Department of Justice announced the indictment of Oakley, and on Thursday, officials announced that States, has he has been indicted Oakley on charges that he stealingsensitive Oakley is suspected of was Oak States indic stealingstealing restricted nuclear on charges that materials now Oakley and of stealingputting the United",25.3%,0.15,", was indicted on charges that he is accused of stealing , energy - related materials putting United States at risk has been charged with seven counts of stealing restricted materials , according to indictment . According to source with investigation , Oakley stole energy - related materials , including container that contained energy materials . On June 16 , 2016 , Department of Justice announced indictment of Oakley , on Thursday , officials announced that he has been indicted on charges that he is suspected of stealing restricted materials putting United States at risk . Oakley , known address was in Roane County , is accused of stealing energy - related materials , including container that contained energy materials . On June 16 , 2016 , Department of Justice announced indictment of Oakley , on Thursday , officials announced that he has been indicted on charges that he is suspected of stealing restricted materials putting United",31.4%,1.88,", is charged with one count of unauthorized acquisition of nuclear energy-related materials, one count of unauthorized transportation, and one count of criminal possession of a weapon of mass destruction. He was arrested Wednesday and is being held in the Roane County Jail on a $1 million bond. Oakley was a longtime researcher at ETP, with a security clearance that allowed him to work at the park, where he was a vendor for the U.S. Department of Energy's Office of Energy Efficiency and Renewable Energy. Oakley was employed by the Energy Department's Office of Energy Efficiency and Renewable Energy (EERE) as a contractor from 1993 to 1999, according to EERE's website. He was laid off from EERE in 1999. A search of Oakley's home turned up a cache of classified materials, including sensitive military and nuclear documents and photographic material, according to the indictment. The indictment alleges Oakley stole the materials from August 1998 to January 2001. Oakley faces a maximum sentence",31.5%,2.1
m-nom,0.5,"(CNN) -- A former government contract employee was indicted on charges of stealing restricted nuclear energy-related materials and putting the United States at risk, the Department of Justice announced Thursday. Sources say the classified materials were taken from the East Tennessee Technology Park. Roy Lynn Oakley, 67, of Roane County, Tennessee",", was indicted on charges that he is accused of stealing sensitive, sensitive nuclear energy-related materials and putting the United States at risk and has been charged with seven counts of stealing restricted nuclear materials, according to the federal indictment. According to a source familiar with the investigation, Oakley stole several nuclear energy-related materials, including a secure container that contained the nuclear energy materials. On June 16, 2016, the Department of Justice announced the indictment of Oakley, and on Thursday, officials announced that he has been indicted on charges that he is suspected of stealing restricted nuclear materials and putting the United States at risk. Oakley, whose last known address was in Roane County, is accused of stealing several nuclear energy-related materials, including a secure container that contained the nuclear energy materials. On June 16, 2016, the Department of Justice announced the indictment of Oakley, and on Thursday, officials announced that he has been indicted on charges that he is suspected of stealing restricted nuclear materials and putting the United",45.7%,6.7,", was indic and Oak who on June, on charges that  Oak who oak has Oak on who who Oak Oak Oak Oak who who Oak who who accused of stealing sensitive, sensitive nuclear energy-related materials of  Oak who who Oak Oak Oak Oak Oak Oak Oak has Oak Oak  Oak Oak Oak the United States at Oak Oak Oak Oak Oak and has been charged with seven Oak Oak of stealing restricted on on Oak Oak Oak United materials, Oak Oak Oak Oak Oak Oak to who Oak Oak Oak Oak Oak Oak who Oak Oak oak federal , Oak Oak Oakdict Oak who Oak Oak Oak Oak Oak Oak, Oak has Oak Oak Oak, who to a source familiar Oak Oak Oak Oak Oak, Oak who the Oak Oak Oak  has Oak who restricted  Oak Oak Oakley stole several nuclear energy was Oak Oak, who Oak who atrelated materials, Oak Oak, accused Oak Oak Oak Oak Oak Oak Oak on container that Oak Oak who Oak Oak Oak Oak Oak Oak Oak nuclear energy Oak Oak Oak Oak Oak. Oak Oak Oak Oak Oak Oak Oak at and on Oak Oak Oak the stealing of Justice is accused of who charged. Oak Oak Oak Oak whoment of Oak has onhe has, Oak Oak Oak Oak Oakley Oak Thursday, officials announced that Oak Oak Oaks Oak who Oak who has Oak Oak Oak has indicted on charges that on Stateshe is suspected of stealing restricted nuclear materials and putting Oak who who accused who Oak Oak United States at on who at. Oakley Oak, who, who whose Oak Oakley known address was who who Roane County indic who who who is accused of  , States several has States energy- Oak, who Oak, who Oak who has including a secure is accused of that contained the and who has energy materials suspected of On June 16, 2016, onhe who Department of Justice announced the indictment of Oak Oak, who, and on Thursday, officials announced that  who at has been indicted on charges that he is suspected of stealing restricted nuclear materials and putting the United",27.3%,1.04,", was indicted on charges with charged that charged ofhe is accused with seven On of with charged Statesdicstealing sensitive with charges, sensitive nuclear energy-related materials with as and putting the United of charged by with indicted withs States is charged at on charges with charged States risk and has been by charged with indicted with charged charged charged with with seven dicted counts of charged by with states charged The in with seven on by The on was charged on charges indic with charged with atstealing has been in restricted by States with nuclear materials with charged charged, according to ond by the federal indictment with States. According to on charged a source with charged with familiar has charged the on with charges with the investigation, Oakley stole several by charged with seven was in by with at was in nuclear on charged by energy-related materials, including a has been charged secure was indic container that charged charged, has on charges onnes of contained on charged has ons by by the nuclear energy materials. state with On June on charged by 16, 2016, the Department indicted was charged on charges with seven charges indicted indic of has charges Justice announced the on States in dicted withdictment of Oakley charged States, indicted and on Thursday, officials announced that he has was indic been indic with chargedted on charges , charged with charged for that with charged he is indicted suspected of stealing restricted nuclear materials and with the putting the has been with charged that on at charged withcharge withss United States at risk. Oakley, whose last indic states at with atted known address was by charged charged states with was in Roane has been on at charged County, is on at accused of stealing several nuclear energy-related materials, had and with seven counts charged with indic including a secure container indicted that contained the nuclear energy materials. with with States with dic On June 16, 2016, the on by charged Department of Justice announced the with charged with indictment with that charged of Oak as hasley, by charged with and on with charges with was charged with Thursday, charged the has been charged officials with charges on announced that on States with has charge he has been in on with seven of s at Statesdicted on on charged charges with charged that with on charged States he is suspected was on charged with Indic of stealing restricted nuclear with States charged materials on charges on charges and putting the with charged with ond United",26.8%,0.925,", was indicted on charges that he is accused of stealing , energy - related materials putting United States at risk has been charged with seven counts of stealing restricted materials , according to indictment . According to source with investigation , Oakley stole energy - related materials , including container that contained energy materials . On June 16 , 2016 , Department of Justice announced indictment of Oakley , on Thursday , officials announced that he has been indicted on charges that he is suspected of stealing restricted materials putting United States at risk . Oakley , known address was in Roane County , is accused of stealing energy - related materials , including container that contained energy materials . On June 16 , 2016 , Department of Justice announced indictment of Oakley , on Thursday , officials announced that he has been indicted on charges that he is suspected of stealing restricted materials putting United",31.4%,1.88,", is charged with one count of unauthorized acquisition of nuclear energy-related materials, one count of unauthorized transportation, and one count of criminal possession of a weapon of mass destruction. He was arrested Wednesday and is being held in the Roane County Jail on a $1 million bond. Oakley was a longtime researcher at ETP, with a security clearance that allowed him to work at the park, where he was a vendor for the U.S. Department of Energy's Office of Energy Efficiency and Renewable Energy. Oakley was employed by the Energy Department's Office of Energy Efficiency and Renewable Energy (EERE) as a contractor from 1993 to 1999, according to EERE's website. He was laid off from EERE in 1999. A search of Oakley's home turned up a cache of classified materials, including sensitive military and nuclear documents and photographic material, according to the indictment. The indictment alleges Oakley stole the materials from August 1998 to January 2001. Oakley faces a maximum sentence",31.5%,2.1
m-nom,0.1,"LONDON, England -- Chelsea are waiting on the fitness of John Terry ahead of Wednesday's Champions League match with Valencia, but Frank Lampard has been ruled out. John Terry tries out his protective mask during training for Chelsea on Tuesday. Center-back Terry suffered a broken cheekbone during Saturday's 0-0 draw"," with Manchester City. It is a serious injury that has already seen John Terry's ankle

In addition, John Terry's personal and professional life are also in the spotlight. It is reported that John is looking for a divorce
:

It is said that John Terry has not spoken to his wife since he suffered the injury against Manchester City. In addition, John Terry's personal and professional life are also in the spotlight. John Terry is looking for a divorce, not just because of the injury, but because of his personal and professional life.

In addition, John Terry's personal and professional life are also in the spotlight. John Terry is looking for a divorce, not just because of the injury, but because of his personal and professional life.

John Terry is looking for a divorce, not just because of the injury, but because of his personal and professional life.

John Terry is looking for a divorce, not just because of the injury, but because of his personal",53.3%,9.17,"Manchester City. It is  injured against Manchester serious injury that has injured against Manchester seen John Terry's ankle In addition, John Terry's personal  injured against Manchesters injuries professional s and are also in Terry injured against spotlight. It is injured against Manchester that John is looking for a divorce : It is said that John Terry Terry injured against not Terry injured against to his wife since he suffered the injury against Manchester City. In addition, John Terry injured against Terry injured againsts personal and professional life are also in the spotlight. John Terry is looking for a divorce, not just because of injured against Manchester against Manchester injury, but because of his personal and professional life. In addition, and injured against Terry's personal and professional life are injured against Manchester in the spotlight. John Terry is looking for a divorce, not just because of the injury, but because of his personal and injured against Manchester life. John Terry is looking for  Terry injured against divorce, not just because 's the injury, but because of his personal and professional life. John 's injury is looking for a divorce, not just because of the injury injured against Manchester but because of his personal",33.6%,3.01,". It is a serious injury that has s already seen John Terry's ankle In addition, John Terry' a divorce a professional,s personal and professional life are also in life and professional the spotlight. It is reported that John is looking for a divorce : It is said that John Terry has not spoken to his wife since ' a divorce,s anklehe suffered the and professional life injury against Manchester City. In addition, John Terry's a divorce personal and professional life are a divorce, also in the spotlight. John Terry but because life is looking for a divorce buta divorce, not just because of the injury, but because of his personal and professional life. In addition, John Terry life and professional's personal and professional s and life are also in the spotlight. John Terry is looking for a a professional divorce, not but due to just because of the injury, but because of his and professional life personal and professional life. John Terry is looking for a and professional life divorce, not just because of the injury, but because of his personal a divorce and professional life. John Terry get s is looking for a divorce, not just because of the injury life s, but because of his personal",31.9%,2.45,"  with Manchester City . It is a serious injury that has already seen John Terry ankle 

 In addition , John Terry 's life are also in the spotlight . It is reported that John is looking for divorce 
 : 

 It is said that John Terry has not spoken to his wife since he suffered injury against Manchester City . In addition , John Terry 's professional life are in the spotlight . John Terry is looking for a divorce , just because of the injury , because of his personal and professional life . 

 In addition , John Terry 's personal life are also in the spotlight . John Terry is looking for a divorce , not because of injury , but because of his professional life . 

 John Terry is looking for a divorce , not just because of the injury , but because of his personal professional life . 

 John Terry is looking for a divorce , not just because of the injury , but because of his",28.4%,1.07," with Manchester City, which set the Blues back in the race to qualify for the knockout stages.

The problem is that Chelsea and Valencia are already locked in a tight race for a place in the last 16 and both are on nine points.

Lampard, who has been out since February with a shoulder injury, is now hoping to return to action in time for Wednesday's game.

""I'm not sure what the situation is with Terry,"" Lampard said. ""John has had a few days to assess the situation and we'll take it from there.

""I'm not sure if I can play. I'm taking it day by day but we need to assess him. I'm not going to speculate on this.""

Lampard played against Valencia on Saturday. The former England midfielder suffered a broken cheekbone in the match and missed the next three games.

He returned to training on Tuesday and Lampard said he was happy with his progress",23.4%,-0.535
m-nom,0.3,"LONDON, England -- Chelsea are waiting on the fitness of John Terry ahead of Wednesday's Champions League match with Valencia, but Frank Lampard has been ruled out. John Terry tries out his protective mask during training for Chelsea on Tuesday. Center-back Terry suffered a broken cheekbone during Saturday's 0-0 draw"," with Manchester City. It is a serious injury that has already seen John Terry's ankle

In addition, John Terry's personal and professional life are also in the spotlight. It is reported that John is looking for a divorce
:

It is said that John Terry has not spoken to his wife since he suffered the injury against Manchester City. In addition, John Terry's personal and professional life are also in the spotlight. John Terry is looking for a divorce, not just because of the injury, but because of his personal and professional life.

In addition, John Terry's personal and professional life are also in the spotlight. John Terry is looking for a divorce, not just because of the injury, but because of his personal and professional life.

John Terry is looking for a divorce, not just because of the injury, but because of his personal and professional life.

John Terry is looking for a divorce, not just because of the injury, but because of his personal",53.3%,9.17,"and Manchester City. It is a : In his injury that : That also already against Manchester City John Terry's ankle In addition Manchester Terry, Manchester City and John Terry's , but because and : And life against against Manchester City City also that have against Manchester City : And in City the spotlight  , but because the injury and It is : And against that John is looking for against Manchester City : and against divorce  against Manchester It is said that John Terry : And against not spoken to his wife , but because against Manchester Cityhe : and against the against Manchester against Manchester City against Manchester City : and against addition : In against Manchester City against Manchester Manchester City Terry's , but . Manchester City professional against Manchester. are also in the and against Manchester. John Terry is looking : And against against Manchester Citya divorce against Manchester City not just because of the injury, . and and Terry because of his personal and professional life. In addition, Manchester City in Terry's personal against Manchester injury: injury and against Manchester : And also life and and injured and in the : And in against Manchester. John against Manchester City is ankle and Injury : Manchester City against for a against Manchester City injury: and not just because of the injury, but because of his personal and professional life. John Terry is looking for a divorce injury against Manchester not just because injury: In the injury, but because of his personal and professional life. John Terry is looking for a divorce, not just because of the injury, but because of his personal",32.6%,3.01,", and is. It and professional life is a the injury, and professional serious and the injury injury that has and divorce, already seen John is and Terry's ankle , a In addition, John Terry's personal and professional and professional, , the injury life are a the injury also in the spotlight. It is reported that John is looking for a ,, but divorce is. and: It , and is , a said that John Terry his personal and has not spoken , but because to the injury, his wife and professional Life since he suffered the injury against Manchester City. the injury and professional Life, In addition, , and and and John Terry and professional life's and professional life personal and professional life are also in , But also and professional the spotlight. John Terry is looking for , and a divorce, not just because of the , but injury, but because of 's the injury the injury, ,, his personal and professional , but also the a the divorce injury, life the injury, , and personal. In addition, John Terry's is the injury personal and professional life are also in the spotlight. , and and professional John Terry the injury, is looking for injury the injury the injury, a the injury , and Professional, divorce, not just because of the injury, but because of the injury. , not just his personal and and professional life professional life. and professional is John Terry is looking for a divorce, not ,, just because of the injury, but because , and of his , and the and personal and professional life. , his personal John Terry is looking for and the injurya divorce the , but because injury,, not just because of the injury, but because of his , but because , and personal personal",28.3%,1.4,"  with Manchester City . It is injury that has seen John Terry ankle 

 In addition , John Terry life are in spotlight . It is reported that John is looking for divorce 
 : 

 It is said that John Terry has spoken to his wife since he suffered injury against Manchester City . In addition , John Terry life are in spotlight . John Terry is looking for divorce , because of injury , because of his life . 

 In addition , John Terry life are in spotlight . John Terry is looking for divorce , because of injury , because of his life . 

 John Terry is looking for divorce , because of injury , because of his life . 

 John Terry is looking for divorce , because of injury , because of his",34.0%,2.5," with Manchester City, which set the Blues back in the race to qualify for the knockout stages.

The problem is that Chelsea and Valencia are already locked in a tight race for a place in the last 16 and both are on nine points.

Lampard, who has been out since February with a shoulder injury, is now hoping to return to action in time for Wednesday's game.

""I'm not sure what the situation is with Terry,"" Lampard said. ""John has had a few days to assess the situation and we'll take it from there.

""I'm not sure if I can play. I'm taking it day by day but we need to assess him. I'm not going to speculate on this.""

Lampard played against Valencia on Saturday. The former England midfielder suffered a broken cheekbone in the match and missed the next three games.

He returned to training on Tuesday and Lampard said he was happy with his progress",23.4%,-0.535
m-nom,0.5,"LONDON, England -- Chelsea are waiting on the fitness of John Terry ahead of Wednesday's Champions League match with Valencia, but Frank Lampard has been ruled out. John Terry tries out his protective mask during training for Chelsea on Tuesday. Center-back Terry suffered a broken cheekbone during Saturday's 0-0 draw"," with Manchester City. It is a serious injury that has already seen John Terry's ankle

In addition, John Terry's personal and professional life are also in the spotlight. It is reported that John is looking for a divorce
:

It is said that John Terry has not spoken to his wife since he suffered the injury against Manchester City. In addition, John Terry's personal and professional life are also in the spotlight. John Terry is looking for a divorce, not just because of the injury, but because of his personal and professional life.

In addition, John Terry's personal and professional life are also in the spotlight. John Terry is looking for a divorce, not just because of the injury, but because of his personal and professional life.

John Terry is looking for a divorce, not just because of the injury, but because of his personal and professional life.

John Terry is looking for a divorce, not just because of the injury, but because of his personal",53.3%,9.17,"life life professional life it. It life life life life personal and life and professional and personal professional  life life life it serious injury that has already life, life life John Terry' life life ankle In addition, John life professional professional' life life and life career John life and and professional life it life are also and professional life and life life life life life personal and personal professional personal career life. It is reported that John life life professional and looking for a divorce injury life life and professional personal life but life life personal and and professional life professional and career life life life career life is said that John Terry has not spoken injury - his wife since a divorce life it Life life personal injuryhe suffered personal and life and professional personal and life life against and professional life City life and In life it career and personal life life life life personal and professional' professional professional life life life life professional and personal and professional life personal professional life also in the spotlight. John Terry life life personal looking for a life professional, life personal personal it just because life career career the injury personal and professional but because of career life life life injury life life life career career life life personal professional professional life it personal it life professional and In life and, John , life life professional life's personal career professional life life Terry' life career life and life professional life life career life are also in life personal and personal and professional professional life it life career Terry is looking for life and professional life career life career, not just because of and professional life injury, but because of life injury to personal and professional life. John Terry is looking for a divorce professional life injury not just because of the injury, but because of his life and professional and professional life. John Terry is looking for a divorce, not just because of the injury, but because of his personal",26.3%,0.581,". It and professional professional is and and professional personal personal personal personal the professional personal professional professional a serious injury that has already seen John professional personal professional Terry's the professional personal ankle professional professional professional In addition, John and personal personal Terry's Terry's personal professional professional personal and professional life are also professional professional and in the spotlight. It personal personal professional personal professional professional the personal professional the professional personal is reported personal personal professional that John is looking for anda divorce personal professional professional : professional professional professional It is professional professional personal said that John personal professional and Terry has the professional personal not spoken to his wife the personal personal professional professional professional since personal professional the he personal professional suffered the injury against Manchester City. professional professional professionals and professional professional professional ankle professional and professional In addition, John Terry' and professional professionals personal and professional life professional professional personal and are professional and personal personal and personal also in the spotlight. John personal professional and Terry is looking for a divorce and personal personal, not just because of the and personal personal personal a injury, but professional and personal because of professional professional the professional and his personal and personal professional professional personal and professional professional professional personal personal professional professional and professional life professional professional personal professional personal personal. In addition, John Terry' personal professionals professional professional ankle and and personal personal and professional life are the professional and the professional professional also in the spotlight professional personal professional. John Terry is looking and professional and personal professional the professional personal and and a for personal and personal personal personal professional a divorce, not just because of and professional professional personal and personal professional personal personal the injury, but personal and personal because and personal professional personal professional of professional and professional his personal and professional ankle personal and personal personal and professional life. John Terry is looking for and personal a professional professional personala divorce, not just because of the personal professional professional personal personal the injury, but because of his professional professional and professional professional personal and professional professional and ankle injured against's personal personal professional ankle personal personal professional professional and life. John Terry is looking for the the professional professional professional professional and professional and personal professional and personal personal personal and a the personal professional it and professional personal professional divorce personal professional and, not personal personal personal and and and just professional professional personal because and professional professional professional professional ankle of the injury, but because of his personal",28.0%,1.49,"  with Manchester City . It is injury that has seen John Terry ankle 

 In addition , John Terry life are in spotlight . It is reported that John is looking for divorce 
 : 

 It is said that John Terry has spoken to his wife since he suffered injury against Manchester City . In addition , John Terry life are in spotlight . John Terry is looking for divorce , because of injury , because of his life . 

 In addition , John Terry life are in spotlight . John Terry is looking for divorce , because of injury , because of his life . 

 John Terry is looking for divorce , because of injury , because of his life . 

 John Terry is looking for divorce , because of injury , because of his",34.0%,2.5," with Manchester City, which set the Blues back in the race to qualify for the knockout stages.

The problem is that Chelsea and Valencia are already locked in a tight race for a place in the last 16 and both are on nine points.

Lampard, who has been out since February with a shoulder injury, is now hoping to return to action in time for Wednesday's game.

""I'm not sure what the situation is with Terry,"" Lampard said. ""John has had a few days to assess the situation and we'll take it from there.

""I'm not sure if I can play. I'm taking it day by day but we need to assess him. I'm not going to speculate on this.""

Lampard played against Valencia on Saturday. The former England midfielder suffered a broken cheekbone in the match and missed the next three games.

He returned to training on Tuesday and Lampard said he was happy with his progress",23.4%,-0.535
m-nom,0.1,"HONG KONG, China (Reuters) -- Paul Lee got his liver from an executed Chinese prisoner; Karam in Egypt bought a kidney for his sister for $5,300; in Istanbul Hakan is holding out for $30,700 for one of his kidneys. Doctors in Pakistan have been arrested for abduct","ing him from the hospital for $10,000 cash. He is being held for $20,000,000 cash. He and his mother are in desperate condition and they will be returned in a week. He is being held for $20,000,000 cash. He has been held for $20,000,000 cash. He is being held for $20,000,000 cash. He is being held for $20,000,000 cash. He is being held for $20,000,000 cash. He is being held for $20,000,000 cash. He is being held for $20,000,000 cash. He is being held for $20,000,000 cash. He is being held for $20,000,000 cash. He is being held for $20,000,000 cash. He is being held for $20,000,000 cash. He is being held for $20,000,000 cash. He is",73.6%,15.8,"ing him from the hospital for $10,000 cash. He is being held the hospital. $20,000,000 cash. cash. He and his mother are in desperate condition and they will be returned in a week. He is being held for $20,000,000 cash. He has been . He . He has for $20 $2,000,000 cash $20,000,000 cash. He .. being held for $20,000,000 cash. He is being held for $20,000,000 cash. He is being held for $20,000,000 cash. He is being held for $20,000,000 cash. He is being held for $20,000,000 cash . He has He is being held for $20,000,000 cash. He for $20,000,000 being being held for for cash. He,000,000 cash .re He cash. He being held for $20,000,000 cash . He has He is being held for $20,000,000 cash. He is being held for $20,000,000 cash. He is",55.7%,10.7,"ing him , his money from the hospital for $10,000 cash. He is being held for $20,000,000 cash and his for. He and his for $20,000,000 mother are in desperate condition here for and they will be returned in a week cash and his. He is being held for $20,000,000 cash. He being held and his $5 for has been after his for held for $20,000,000 cash. for $8,000,000 He is being held for $20,000,000 cash. He is being held for $20,000,000 cash. He is being held for $20,000,000 $20,000,000 cash , his $5 cash. He is being held for He will be $20,000,000 cash. He is being held for $20,000,000 cash. He is being held for $20,000,000 cash. He is being held for $20,000,000 cash. He is being held for $20,000,000 cash. He is , his $25 being held for $20,000,000 cash. He is being held for $20,000,000 , his $5 cash. He is",55.9%,11.4,"ing him from hospital for $ 10,000 cash . He is being held for $ 20,000,000 cash . He his mother are in condition they will be returned in week . He is being held for $ 20,000,000 cash . He has been held for $ 20,000,000 cash . He is being held for $ 20,000,000 cash . He is being held for $ 20,000,000 cash . He is being held for $ 20,000,000 cash . He is being held for $ 20,000,000 cash . He is being held for $ 20,000,000 cash . He is being held for $ 20,000,000 cash . He is being held for $ 20,000,000 cash . He is being held for $ 20,000,000 cash . He is being held for $ 20,000,000 cash . He is being held for $ 20,000,000 cash . He is",24.0%,-0.333,"ing a kidney from a young man and selling it on the black market.

The global scramble for organs is a practice that has been going on for centuries, and one that is rooted in a morality that is in flux. In a world where the lives of those who die are often cheapened, the desire for organs is often seen as the ultimate investment, a way of helping others, and in some regions, the ultimate gateway to heaven.

""I have always wanted to be an organ donor,"" said Lee, a 64-year-old Hong Kong man. ""I am happy to help the people in need.""

In the last five years, the number of people dying in the United States has fallen, and transplantation has risen, thanks in large part to the success of a program called ""Donate Life,"" which offers free organ transplants to patients in need.

In the United States, the number of people who die annually by organ failure is dropping.",25.4%,0.123
m-nom,0.3,"HONG KONG, China (Reuters) -- Paul Lee got his liver from an executed Chinese prisoner; Karam in Egypt bought a kidney for his sister for $5,300; in Istanbul Hakan is holding out for $30,700 for one of his kidneys. Doctors in Pakistan have been arrested for abduct","ing him from the hospital for $10,000 cash. He is being held for $20,000,000 cash. He and his mother are in desperate condition and they will be returned in a week. He is being held for $20,000,000 cash. He has been held for $20,000,000 cash. He is being held for $20,000,000 cash. He is being held for $20,000,000 cash. He is being held for $20,000,000 cash. He is being held for $20,000,000 cash. He is being held for $20,000,000 cash. He is being held for $20,000,000 cash. He is being held for $20,000,000 cash. He is being held for $20,000,000 cash. He is being held for $20,000,000 cash. He is being held for $20,000,000 cash. He is",73.6%,15.8,"ing him from the hospital in the ing. $10,000 cash. He is being . ing. ing for $20 for $20 . The hospital cash. He . He his . He and are in desperate condition and they ing. be . He $10,000 cash , cash and a week from the .ing andu is being held for $20,000,000 cash. . He  being held for. ,. .. held for $20,000,000 cash. He is being he is . held for . He was $20,000,000 cash being held for ing. is being held for .  he is being,000,000 ing for $20. He is being .. for $20,000,000 cash. , he is being held for $20,000,000 . held ... He is ,000,000 cash.  . He is is being . They will $20,000,000 cash. He , cash and being held for $20,000,000 . He and ing in the.ing He is. He is being held for $20,000,000 cash for $. He is being held for $20,000,000 cash. He is being held for $20,000,000 cash. He is being held for $20,000,000 cash.. He is",41.9%,6.39,",000,000ing him from the hospital for $10,000 cash. ahe in a $1,000,000 He is being held for $20 for for $25,000,000 for $10,000,000 cash. He and his mother are in being held for being held for desperate a being held condition for $10,000,000 and they will be returned in a for $5,000,000 week for $20,000,000. He is being held . being for $20,000,000 cash. He has been held on a for $20,000,000 cash. He is being held he has been for $20 for $20,000,000,000,000 he is being cash. He is being held for $20,000,000 cash. He for $20 for is being held for $20,000,000 cash. He is being held for. for $20,000,000 cash. he has been He is for $50 for being held for $20,000,000 cash. He is on a being held for $20,000,000 cash. for for $5,000,000 for $5,000,000 $5,000,000 He for $5 for $20 for,000,000 is for $10 for $20,000,000,000,000 being held for $20,000,000 cash. He ahe is he has been being held for for for $20 for $15 for $20,000,000 cash. He is for $5,000,000 being held for $20 he was been,000,000 cash he has been. he held for He is being held he has been for $5,000,000 for for $5,000,000 for $20,000,000 $20,000,000 cash. for for he has been $5,000,000 $5,000,000 He is",38.2%,6.12,"ing him from hospital for $ 10,000 cash . He is being held for $ 20,000,000 cash . He his mother are in condition they will be returned in week . He is being held for $ 20,000,000 cash . He has been held for $ 20,000,000 cash . He is being held for $ 20,000,000 cash . He is being held for $ 20,000,000 cash . He is being held for $ 20,000,000 cash . He is being held for $ 20,000,000 cash . He is being held for $ 20,000,000 cash . He is being held for $ 20,000,000 cash . He is being held for $ 20,000,000 cash . He is being held for $ 20,000,000 cash . He is being held for $ 20,000,000 cash . He is being held for $ 20,000,000 cash . He is",24.0%,-0.333,"ing a kidney from a young man and selling it on the black market.

The global scramble for organs is a practice that has been going on for centuries, and one that is rooted in a morality that is in flux. In a world where the lives of those who die are often cheapened, the desire for organs is often seen as the ultimate investment, a way of helping others, and in some regions, the ultimate gateway to heaven.

""I have always wanted to be an organ donor,"" said Lee, a 64-year-old Hong Kong man. ""I am happy to help the people in need.""

In the last five years, the number of people dying in the United States has fallen, and transplantation has risen, thanks in large part to the success of a program called ""Donate Life,"" which offers free organ transplants to patients in need.

In the United States, the number of people who die annually by organ failure is dropping.",25.4%,0.123
m-nom,0.5,"HONG KONG, China (Reuters) -- Paul Lee got his liver from an executed Chinese prisoner; Karam in Egypt bought a kidney for his sister for $5,300; in Istanbul Hakan is holding out for $30,700 for one of his kidneys. Doctors in Pakistan have been arrested for abduct","ing him from the hospital for $10,000 cash. He is being held for $20,000,000 cash. He and his mother are in desperate condition and they will be returned in a week. He is being held for $20,000,000 cash. He has been held for $20,000,000 cash. He is being held for $20,000,000 cash. He is being held for $20,000,000 cash. He is being held for $20,000,000 cash. He is being held for $20,000,000 cash. He is being held for $20,000,000 cash. He is being held for $20,000,000 cash. He is being held for $20,000,000 cash. He is being held for $20,000,000 cash. He is being held for $20,000,000 cash. He is being held for $20,000,000 cash. He is",73.6%,15.8,"ing for $10 . He is cash $10,000,000 being held he is cash is and being held hospital for $10,000 cash  is held for ,000,000 cash. He is being held for  for held , for $10,000. He is $10 cash $20,000,000 He is being for being held for,000,000 He He is the his for ,000,000 , for $20.,000,000,000,000  cash, for for $10 being hospital for , for $20 for . He is . He cash . . being held condition and cash and for for $10 . He is , for being held for returned in a week. . ing for is is being held for $20 . He is they for . being,000,000 million. cash.  . Being held He is for for $20,000,000 ing beinghe . and being held held cash for $20,000,000 held held for $20 . He is . He is,000,000,000,000 cash. He . He is being held for $20,000,000 cash. and they for $20 ing for $10,000 is being held for $20,000,000 cash to and. He ing for $10,000 being held and for $10,000,000 are $20,000,000 cash. He is being held for $20,000,000 cash being held . being He is being held for $20 . He is cash for $10,000,000 . She cash is being . He cash for $20,000,000 cash. He is being money, for $20,000,000 cash. He is being held for $20,000,000 cash. He is being held for $20,000,000 cash. He is being held for $20,000,000 cash. He is",41.3%,7.43,"ing him from the ng in the hospital for $10,000 cash. ng ng He ng. He ng ng for. for is being held ng from the n't for cash. He $20 ng. He,000,000 cash. He ng from the and his mother He has been are in desperate condition and they ,000 cash will be returned in ng for $10,000a week . He to. He ng for $10,000 is of ng cash. ng ng for $20 for ng being $10,000 20 cash being held ng ng cash cash for ng for $5,000 $20,000,000 cash. He cash. He has been ng cash he ng being $10 being cash cash held for $20,000,000 cash cash.. He is ng for ng for $10,000. ng for being ,000 cash . He $2 cash ngng. He held for $20,000,000 ng from the ng for.,000,000 ng for being cash. ngng for $20,000,000 cash ng cash. ng ng. He is being held for $20,000,000 cash. He is being ,000. cash. held for $20,000,000 . He and cash. He is cash . ng. He being held for ng ng $20 ng ng,000,000 cash. He ng ng cash cashng for. from the is being held for $20,000,000 cash ng. He is being held cash. for $20,000,000 cash. He cash from the is ngng ing for ng for.ng for cash being held for $20,000,000 cash. He cash. He is being held for $20,000,000 ng ng cash. ng foring with ng cash cash He is being held for . He and $20,000,000 cash. He cash. He is being  ng for being. He $5 ng for. held for $20 cash. cash ngng. He He,000,000 cash. NG for He is",33.2%,3.86,"ing him from hospital for $ 10,000 cash . He is being held for $ 20,000,000 cash . He his mother are in condition they will be returned in week . He is being held for $ 20,000,000 cash . He has been held for $ 20,000,000 cash . He is being held for $ 20,000,000 cash . He is being held for $ 20,000,000 cash . He is being held for $ 20,000,000 cash . He is being held for $ 20,000,000 cash . He is being held for $ 20,000,000 cash . He is being held for $ 20,000,000 cash . He is being held for $ 20,000,000 cash . He is being held for $ 20,000,000 cash . He is being held for $ 20,000,000 cash . He is being held for $ 20,000,000 cash . He is",24.0%,-0.333,"ing a kidney from a young man and selling it on the black market.

The global scramble for organs is a practice that has been going on for centuries, and one that is rooted in a morality that is in flux. In a world where the lives of those who die are often cheapened, the desire for organs is often seen as the ultimate investment, a way of helping others, and in some regions, the ultimate gateway to heaven.

""I have always wanted to be an organ donor,"" said Lee, a 64-year-old Hong Kong man. ""I am happy to help the people in need.""

In the last five years, the number of people dying in the United States has fallen, and transplantation has risen, thanks in large part to the success of a program called ""Donate Life,"" which offers free organ transplants to patients in need.

In the United States, the number of people who die annually by organ failure is dropping.",25.4%,0.123
m-nom,0.1,"LOS ANGELES, California (Reuters)  -- ""To insure or not to insure?"" It isn't Shakespeare, but it is the dramatic question Hollywood filmmakers are asking about Lindsay Lohan following her legal troubles this week. Lindsay Lohan may still get work after her legal problems are settled, but the cost will be"," very high. The actress and singer has more than $7,500 in legal bills from her recent arrest, but her legal bills and the cost to do her job will be much higher if she stays behind bars and is forced to miss work. Lindsay Lohan may still be able to get work after her legal problems are settled, but the cost will be very high. According to a report from Hollywood Reporter, a Los Angeles court documents indicate that the actress and singer has more than $7,500 in legal bills from her recent arrest. Lindsay Lohan may still be able to get work after her legal problems are settled, but the cost will be very high. According to a report from Hollywood Reporter, a Los Angeles court documents indicate that the actress and singer has more than $7,500 in legal bills from her recent arrest. Lindsay Lohan may still be able to get work after her legal problems are settled, but the cost will be very high. According to a report from Hollywood Reporter,",51.3%,8.51,"high. The actress the actress and the actress and has more than $7,500 in legal bills from her recent  from her recent Los, but her legal bills the actress and the cost the actress and do the actress the actress and job will be much higher if she stays behind bars and is forced to miss work. Lindsay Lohan . still the actress and able to get work after her legal problems are settled, legal bills the actress and the cost will be very high. According to a report a Los court documents indicate Report the actress and, a Los Angeles court documents indicate that the actress and singer has more than $7,500 in legal bills from her recent arrest. Lindsay Lohan may still be able to get work after her legal problems are settled, but the cost will be very high. According to a report from Hollywood Reporter,  the actress and Los Angeles court documents indicate that the actress and singer has more than $7,500 in has more than bills from her recent the actress and. Lindsay Lohan may still be able has more than a Los work after her legal problems are settled, but the cost will be very high. According to a report from Hollywood Reporter,",41.0%,5.66,". The actress and singer has . more than $7,500 in legal bills from her the actress and recent arrest, but her legal bills and 's the a Los cost to do her job will she has more be much actress ands and singer higher if she stays behind bars and is forced to miss work. Lindsay Lohan may still be able to get work after her legal problems are settled, but the cost will be very high. her legal According to anda and report from Hollywood Reporter, a Los Angeles court documents indicate that the actress and singer has more than $7,500 in legal bills from her recent arrest. Lindsay Lohan may still she be the, able to get work after her legal is, problems are settled, but the cost will be very high. According to a report from Hollywood Report and and she haser, a a Los Los Angeles court documents indicate that the actress and singer has more than and $7,500 in legal bills from her recent arrest. Lindsay Lohan may still be able to get work after the but her $7,200 legal problems are settled, but the cost will be very and high. According to a report from Hollywood Reporter,",41.3%,5.76,"  very . The actress and singer has more than $ 7,500 in bills from her arrest , her legal bills and the cost to do her job will be much higher if she stays behind bars is forced miss work . Lindsay Lohan may still be to get work after her legal problems are settled , but the cost will be very high . According to report from Hollywood Reporter , a Los Angeles court documents indicate that actress and singer has than $ 7,500 in legal bills from her recent arrest . Lindsay Lohan may be to get work after her legal problems are settled , but cost will be high . According to report from Hollywood Reporter , a Los Angeles court documents indicate that the actress and singer has than $ 7,500 in legal bills from her recent arrest . Lindsay Lohan may still be to get work after her problems are settled , the cost will be very high . According to a report from Hollywood Reporter ,",36.9%,3.67," added to her mounting legal bills.

The 23-year-old star of ""The Hills"" said she had no plans to quit acting, but admitted that she was considering taking a break to take care of her issues. ""I've had a lot of serious problems in my life, and I've been through a lot,"" she said in an interview with The Washington Post on Thursday. ""I'm just trying to take it all in and understand it and figure out what is the best for me.""

The ""Election,"" ""The Devil Wears Prada"" and ""Ocean's Twelve"" actress said that she had found a good deal of satisfaction in her work, and was not looking to quit anytime soon. ""I really believe in myself. I think I'm a good actress,"" she said.

Lohan was arrested on Wednesday in connection with a car crash that injured a friend and her mother in the Beverly Hills area. She posted bail shortly after and was released",22.8%,-0.699
m-nom,0.3,"LOS ANGELES, California (Reuters)  -- ""To insure or not to insure?"" It isn't Shakespeare, but it is the dramatic question Hollywood filmmakers are asking about Lindsay Lohan following her legal troubles this week. Lindsay Lohan may still get work after her legal problems are settled, but the cost will be"," very high. The actress and singer has more than $7,500 in legal bills from her recent arrest, but her legal bills and the cost to do her job will be much higher if she stays behind bars and is forced to miss work. Lindsay Lohan may still be able to get work after her legal problems are settled, but the cost will be very high. According to a report from Hollywood Reporter, a Los Angeles court documents indicate that the actress and singer has more than $7,500 in legal bills from her recent arrest. Lindsay Lohan may still be able to get work after her legal problems are settled, but the cost will be very high. According to a report from Hollywood Reporter, a Los Angeles court documents indicate that the actress and singer has more than $7,500 in legal bills from her recent arrest. Lindsay Lohan may still be able to get work after her legal problems are settled, but the cost will be very high. According to a report from Hollywood Reporter,",51.3%,8.51,"high. The actress cost still to singer has and than legal to,500 in legal and costs cost Lindsay her recent legal and, but her legal bills and the cost to do her job will get have Los and  still be still get a has will behind will and is forced her legal costs miss work. Lindsay Lo the may still be able to get have less than has more after her legal problems are , have and has costs and but the cost will be very the get A costs A. According to a report from Hollywood Reporter,  not be Los Angeles court can still indicate that the and of her Lindsay Lo get Lo the cost singer $7,500 more and has than $7,500 in still get still get work of her legal her toa Los arrest. Lindsay Lohan may still be  to and to get work after her legal costs and costs she may still settled, but the the will be very high Lindsay Lohan has and the actress has to The she have has costs morea report and Lindsay Hollywood han and her , still costs and a Los Angeles court documents indicate that the actress and singer has a she has $7,500 in legal bills from her recent arrest. Lindsay Lohan may Lindsay the actress andhan be able to get work her legal costs her legal problems are settled, but her legal costs cost will be very high. According to a report from her legal costs Reporter,",32.3%,2.8,". and Lo The actress and singer has more than $7, andan500 in a The actress and Los Los legal and bills from Los The actress Lohan and The her recent arrest, but her legal bills the actress and and actress and and and the cost to do her job will be much higher Lohan andif she stays behind bars and is forced actress and The and and to miss work tor. Lindsay and The Lo the actress andhan may still be able to get work after Los and and her and According legal problems are settled, but the cost will be very and of $ and Los high The actress in a. According to the show and actress anda Losa report from the actress and Hollywood Report have more thaner, a A the actress Los the actress and Angeles court s Lindsay documents indicate that the actress and singer has more than $7 a Los,500 in legal bills a and Los from her recent arrest. Lindsay Lohan may still be able to get work after According to her legal problems are The Los settled and the, but the cost the actress and will and Los and and be a and The Los very and to high. According Los to a report from Hollywood Reporter actress and, the actress anda Los Angeles court documents the actress and indicate that the actress and and The andand singer has and the more than $7,500 in legal bills from and that the a her and her recent The actress and the actress and the actress and arrest. Lindsay Lohan may still be able anda Los to get work after Lindsay and anda Los her legal problems are settled, but the cost will be a Los very high. According to a Angeles report from a Los her and Hollywood Reporter,",28.6%,1.54,"  . actress singer has than $ 7,500 in bills from her arrest , her bills cost do her job will be if she stays behind bars is forced miss work . Lindsay Lohan may be get work after her problems are settled , cost will be . According to report from Hollywood Reporter , Los Angeles court documents indicate that actress singer has than $ 7,500 in bills from her arrest . Lindsay Lohan may be get work after her problems are settled , cost will be . According to report from Hollywood Reporter , Los Angeles court documents indicate that actress singer has than $ 7,500 in bills from her arrest . Lindsay Lohan may be get work after her problems are settled , cost will be . According to report from Hollywood Reporter ,",35.7%,2.95," added to her mounting legal bills.

The 23-year-old star of ""The Hills"" said she had no plans to quit acting, but admitted that she was considering taking a break to take care of her issues. ""I've had a lot of serious problems in my life, and I've been through a lot,"" she said in an interview with The Washington Post on Thursday. ""I'm just trying to take it all in and understand it and figure out what is the best for me.""

The ""Election,"" ""The Devil Wears Prada"" and ""Ocean's Twelve"" actress said that she had found a good deal of satisfaction in her work, and was not looking to quit anytime soon. ""I really believe in myself. I think I'm a good actress,"" she said.

Lohan was arrested on Wednesday in connection with a car crash that injured a friend and her mother in the Beverly Hills area. She posted bail shortly after and was released",22.8%,-0.699
m-nom,0.5,"LOS ANGELES, California (Reuters)  -- ""To insure or not to insure?"" It isn't Shakespeare, but it is the dramatic question Hollywood filmmakers are asking about Lindsay Lohan following her legal troubles this week. Lindsay Lohan may still get work after her legal problems are settled, but the cost will be"," very high. The actress and singer has more than $7,500 in legal bills from her recent arrest, but her legal bills and the cost to do her job will be much higher if she stays behind bars and is forced to miss work. Lindsay Lohan may still be able to get work after her legal problems are settled, but the cost will be very high. According to a report from Hollywood Reporter, a Los Angeles court documents indicate that the actress and singer has more than $7,500 in legal bills from her recent arrest. Lindsay Lohan may still be able to get work after her legal problems are settled, but the cost will be very high. According to a report from Hollywood Reporter, a Los Angeles court documents indicate that the actress and singer has more than $7,500 in legal bills from her recent arrest. Lindsay Lohan may still be able to get work after her legal problems are settled, but the cost will be very high. According to a report from Hollywood Reporter,",51.3%,8.51,". will be bills are high Lo.  . will be and her cost of to and singer Lindsay Lohan bills than $7 bills and her500 in legal bills from charges a to bills to Lindsay recent arrest, bills Lindsay Lohan bills her legal bills is . from her. the bills will be to do . Lindsay Lo to her her Los Angeles The cost , and will her The be much higher if she stays behind bars and Lo She bills bills are high cost has and costs forced cost and hers. miss work cost. theh costs from her latest arrest Lindsay a documents in legal bills Lohan from her recent the Los Angeles , and charges able to bills the cost work after her legal problems are settled Los Angeles bills from her but the . and will be legal bills charges. to her high. arrest bills, and the cost to Lindsay Lohan her a report from Hollywood bills aer, a Losa Los Angeles From her documents indicate that her recent arrest According to Lindsay The expenses from her to has The actress and. . bill to she has Lindsay Lohan Lo singer has  The cost from her Lindsay her latest Los Angeles Lindsay Lo will be her, . in legal bills The cost and her bills is $ arrest. Lindsay the cost ofhan may still be  arrest. The to get work after her legal problems are settled, bills from cost the the cost of will be very high. . Lindsay Lo to  The actress and costs and the from Hollywood Reporter high. But to . legal a Los Angeles court arrest. Lindsay Lohan that the Lindsay Lohan to the cost singer arrested actress and more the cost the cost $7 arrest. The500 in legal . from her recent arrest from her recent Lindsay Lohan may still be  her legal bills to get work after her legal problems are settled, but the cost will be her latest arrest high. According to a report from Hollywood Reporter,",30.4%,2.41,". The will be and. very actress and singer has has more than get Lo more than $7,500 in Lindsay Lohan legal bills from her recent arrest, but her has been able to more can $ to has has more legal bills and the cost to do her job will has Lo’ more . than be much higher if she stays behind bars more than has Lo and is be has more her will be than forced to miss work. Lindsay Lohan . of may more than still has Lo get be able to able to will has has she has have about will be Lo get work after her legal problems , with more are er Lo settled, but the more than cost will be very more than more will more than be more high. According to a report from has more than Hollywood Reporter, more than more than a Los t. have Angeles court documents indicate that more more the . has actress and singer has Lo has more than more than more the has more than $7 Lindsay, - have Lindsay has more500 in Lindsay and has Lo be Lindsay Lo. has more' legal bills from her recent arrest Lindsay Lo in - in is. Lo get be morehan more more . than Lindsay Lohan may still . that . more be more thanable to get work after her legal Lo Lo more than problems are settled, but the has more than cost will have Lindsay Lo be more be very high. According will more than be very to a report from Hollywood Report have Lo more Lo iner, a Los Angeles more than court has more more documents has has indicate that the more than more have than has actress of the and singer has has more than more . be Lo than $7 more than, have Lindsay Lo . Lo500 $ Lindsay in more than Lohan has’ legal has have bills from her recent arrest has the. Lindsay Lohan be is is has more more than more and has Lindsay Lohan,500 than may more than this more than have still be of more able to get work after her it. legal has has problems are - be Lo settled . Lo, more than has more than but the will be very cost will be very high. According to be more a report from Hollywood Report a haser legal bills from,",31.5%,3.15,"  . actress singer has than $ 7,500 in bills from her arrest , her bills cost do her job will be if she stays behind bars is forced miss work . Lindsay Lohan may be get work after her problems are settled , cost will be . According to report from Hollywood Reporter , Los Angeles court documents indicate that actress singer has than $ 7,500 in bills from her arrest . Lindsay Lohan may be get work after her problems are settled , cost will be . According to report from Hollywood Reporter , Los Angeles court documents indicate that actress singer has than $ 7,500 in bills from her arrest . Lindsay Lohan may be get work after her problems are settled , cost will be . According to report from Hollywood Reporter ,",35.7%,2.95," added to her mounting legal bills.

The 23-year-old star of ""The Hills"" said she had no plans to quit acting, but admitted that she was considering taking a break to take care of her issues. ""I've had a lot of serious problems in my life, and I've been through a lot,"" she said in an interview with The Washington Post on Thursday. ""I'm just trying to take it all in and understand it and figure out what is the best for me.""

The ""Election,"" ""The Devil Wears Prada"" and ""Ocean's Twelve"" actress said that she had found a good deal of satisfaction in her work, and was not looking to quit anytime soon. ""I really believe in myself. I think I'm a good actress,"" she said.

Lohan was arrested on Wednesday in connection with a car crash that injured a friend and her mother in the Beverly Hills area. She posted bail shortly after and was released",22.8%,-0.699
m-nom,0.1,"ROME. Italy -- Italy and Roma striker Francesco Totti has threatened to quit the Italian Players Association, in a row over the starting date of the next Serie A season. Roma striker Totti has complained that the Italian players are never listened to. The row began last month, when the Italian Football League,"," in a row, had set the start date of the next Serie A season, on the same day as the start date of the previous Serie A season. Totti and other members of the players' association called for the start of the next Serie A season, to be moved to another date, due to the spread of COVID-19 across the country. Totti and other members of the players' association called for the start of the next Serie A season, to be moved to another date, due to the spread of CO COVID-19 across the country. Totti and other members of the players' association called for the start of the next Serie A season, to be moved to another date, due to the spread of CO COVID-19 across the country. Tioti said that he was never listened to when he is asked for his opinion regarding the start date of the next Serie A season. Tioti said that he was never listened to when he is asked for his",57.9%,10.6,"a row, had set the start date of the next Serie A season, on the same day as the start date of the previous Serie A season. Totti and other  sSerie A of the players' association called for the start of the next Serie A season, to be moved to asked Serie date Serie A season due to the spread of COVID-19 across the country. T Serie A and asked Serie Serie ASerie A of the players' association called for the start of the next Serie A season, to be moved to another the opinion, due to the spread . Io CO COVID-19 across the country. Totti and other members of the players' association called for the start of the next the start ofSerie A season, to be moved to another date, due to the spread asked for CO COVID-19 across being asked country. asked opinionsoti said that he the start date of the next listened to when he is . Tio for his opinion regarding the start asked Serie opinion of the next Serie A season Serie A Tioti said that he was never listened to when Serie Ahe is asked for his",42.5%,6.07,"a row, had set the start date of the next Serie A Serie A series season Serie ASerie A season, on the same day as the start date of the previous Serie ASerie A season. T Serie A seriesotti and of the next other members of the players of the next' association called for the start of the next Serie A season, to be moved to Serie A another date, due to the spread of COVID-19 across the country. Totti and other members of the players' association of the next called for the start of the next Serie A Serie ASerie season, to be moved to another date Serie As, Serie A season due to the spread of CO COVID-19 across the country. Totti and other members of the players' association called for the start of the next Serie A season, to be S, the moved to another the opinion date, due to the spread of CO COVID-19 across the country. Tioti said that he was never listened to when  Serie Seriehe is asked for his opinion regarding the start date of the next the start dateSerie A season Serie A. Ti the opinionoti said that Serie Ahe was the start date never listened to when he is asked for his",45.7%,7.53,"  in a row , had set the start date of the next Serie A season , on day as start date of previous Serie A season . Totti and members of the players ' association called for the start of next Serie A season , to be moved to another date , due to spread of COVID-19 across country . Totti and other members of the players ' association called for the start of next Serie season , to be moved to date , due to spread of CO COVID-19 across the country . Totti and members of players ' association called for the start of next Serie A season , to be moved to another date , due to spread of CO COVID-19 across the country . Tioti said that he was listened to when he is asked for his opinion regarding the start date of the next Serie season . Tioti said that he was never listened to when he is asked for his",36.5%,3.55," which manages the national team, set the start date for the 2019-20 campaign on Sept. 20. Totti had suggested that the start date could be pushed back to Oct. 27, but that was rejected by the players' union.

ROME. Italy -- Italy and Roma striker Francesco Totti has threatened to quit the Italian Players Association, in a row over the starting date of the next Serie A season. Roma striker Totti has complained that the Italian players are never listened to. The row began last month, when the Italian Football League, which manages the national team, set the start date for the 2019-20 campaign on Sept. 20. Totti had suggested that the start date could be pushed back to Oct. 27, but that was rejected by the players' union.",22.2%,-0.827
m-nom,0.3,"ROME. Italy -- Italy and Roma striker Francesco Totti has threatened to quit the Italian Players Association, in a row over the starting date of the next Serie A season. Roma striker Totti has complained that the Italian players are never listened to. The row began last month, when the Italian Football League,"," in a row, had set the start date of the next Serie A season, on the same day as the start date of the previous Serie A season. Totti and other members of the players' association called for the start of the next Serie A season, to be moved to another date, due to the spread of COVID-19 across the country. Totti and other members of the players' association called for the start of the next Serie A season, to be moved to another date, due to the spread of CO COVID-19 across the country. Totti and other members of the players' association called for the start of the next Serie A season, to be moved to another date, due to the spread of CO COVID-19 across the country. Tioti said that he was never listened to when he is asked for his opinion regarding the start date of the next Serie A season. Tioti said that he was never listened to when he is asked for his",57.9%,10.6,"regarding the starta row his opinion regarding had during the regarding the start start of in opinion regarding of the for opinion Serie A regarding the start, on the same regarding the start the start regarding the start the start date of the previous Serie regarding the start of the. T regarding the start. T regarding the start and regarding the start regarding the start regarding the start regarding the start players his opinion association called regarding the start the start regarding the start start of the next regarding regarding the start startSerie A regarding the start, to regarding the he was moved to regarding the start regarding the regarding the start the start, due regarding the start the spread of COVID-19 across the country. T regarding the start and he was members of the players' association called for the regarding the start of the regarding the start Serie A season, to be regarding regarding the start start to another date regarding the due regarding the regarding his opinion the start the spread of CO COVID for Serie regarding the start regarding the start current the regarding the current. T the start regarding regarding the the current season other members for regarding the start the players' association called regarding the start the start of the next the his opinionSerie A season, to be moved to another date, regarding the start to the spread of of the current COVID-19 across the country. Tioti said in opinion he was never listened for the next when Serie Ahe is asked for his opinion regarding the start the current season of the next Serie A season. Tioti said that the opinionhe was never listened to when he is asked for his",33.0%,3.29,"a regarding the the row, had set the start date of the next of the he the the of the Serie A s of the of' season, on the the date the same day as the start date of the the and the the date of previous Serie A season. and the the Totti he and other members of the the the the the the the the the the row the players' association called for the start of concerning the date the of the date the the opinion the next Serie the date of A Serie A season, to be moved to another date, due the the the to is the the spread of COVID-19 the the date across of the the the country. T the opinion the date date the opinion the the opinion the rowotti and other members of the the date players' opinion the he opinion association called for the start opinion of the of the the the opinion opinion next Serie A season, of the the to be moved to the the date another date, due to the spread of CO COVI he the the opinion ofD-19 across the country the date for. Totti and other members the the the the the of the players' association called to opinion for the start of the next Serie A season, to be moved to another date the date of s of, due to the spread of CO COVI the the the the date dateD-19 across the country. the date of Tioti of the said that he was never listened to when the thehe is asked for his opinion regarding the start date of the next the the date Serie A season. the the the Tiot the the row the the row the the the the the date, datei said that the the the he was never the opinion the the rowlistened the date of to when he the opinion is the opinion asked for his",35.1%,4.43,"  in row , had set start date of Serie season , on day as start date of Serie A season . Totti members of players association called for start of Serie season , be moved to date , due to spread of COVID-19 across country . Totti members of players association called for start of Serie season , be moved to date , due to spread of CO COVID-19 across country . Totti members of players association called for start of Serie season , be moved to date , due to spread of CO COVID-19 across country . Tioti said that he was listened to when he is asked for his opinion regarding start date of Serie season . Tioti said that he was listened to when he is asked for his",26.4%,0.385," which manages the national team, set the start date for the 2019-20 campaign on Sept. 20. Totti had suggested that the start date could be pushed back to Oct. 27, but that was rejected by the players' union.

ROME. Italy -- Italy and Roma striker Francesco Totti has threatened to quit the Italian Players Association, in a row over the starting date of the next Serie A season. Roma striker Totti has complained that the Italian players are never listened to. The row began last month, when the Italian Football League, which manages the national team, set the start date for the 2019-20 campaign on Sept. 20. Totti had suggested that the start date could be pushed back to Oct. 27, but that was rejected by the players' union.",22.2%,-0.827
m-nom,0.5,"ROME. Italy -- Italy and Roma striker Francesco Totti has threatened to quit the Italian Players Association, in a row over the starting date of the next Serie A season. Roma striker Totti has complained that the Italian players are never listened to. The row began last month, when the Italian Football League,"," in a row, had set the start date of the next Serie A season, on the same day as the start date of the previous Serie A season. Totti and other members of the players' association called for the start of the next Serie A season, to be moved to another date, due to the spread of COVID-19 across the country. Totti and other members of the players' association called for the start of the next Serie A season, to be moved to another date, due to the spread of CO COVID-19 across the country. Totti and other members of the players' association called for the start of the next Serie A season, to be moved to another date, due to the spread of CO COVID-19 across the country. Tioti said that he was never listened to when he is asked for his opinion regarding the start date of the next Serie A season. Tioti said that he was never listened to when he is asked for his",57.9%,10.6,"a the start of the the start start date had set the start date date the the opinion the the start date Serie A season, on the the start date start start the the the start date opinion day the the start date the start date of the previous the start opinion start the start date A season. start date the start theotti date the start of start opinion the start date opinion date opinion members of date date date opinion start date' association called date of the start start the start of start date start the of the start start date of the start of start opinion the the next Serie A date date the start date date the opinion to be start the start the the opinion he date date another date, due to date start date date opinion of COVI the start-19 across the opinion the start country the start date T date date begin of the start and other members of the date start start date of the start date association called date start date start start, concerning the the start start the the start start of date the start next date dateSerie A season, of the the be start the start date the start to another date start of the date the date the the start start the start date date date the start start start of the date start the the he to the spread of CO the startVID-19 across the start the start. Totti and other members of the players' association of the start for the start the the start the of the next Serie A season the start date the start be moved to another the start date start start date date of the start due date a the opinion start opinion spread of CO COVID-19 across the country. Tioti said that he was never listened to when  date the start is asked for his opinion regarding the start date of the next Serie A season. Tioti said that he was never listened to when he is asked for his",29.1%,1.83,"a the stop date row, had the start Serie. set the start and and date of the next the start when his hisSerie A season, the the he the date the his of what of the on opinionthe stop the same the next the opinion the start of day as the opinion regarding the start of the opinion date of the the his the opinion the the previous Serie A season. Totti and other members of the players' the the start stop date opinion association called for the start of the next stop date opinion of theSerie A season, to be moved to the his another date, the his due to the spread the when he the the stop of the his start date of the his COVID-19 across the the end date country. T date of theotti date of the and other members of the players' association the the opinion called for the start the his of see of the date opinion the the the next opinion the the stop date the start when opinion stop he date of the next the upcoming Serie A season the opinion the opinion start the, to be the stop date moved the the his opinion of when the view stop concerning the stop date the opinion against next his of the the his about the next of the stop to another date, due to the start date opinion spread viewpoint opinion of of theSerie A and the previous stop when CO COVID stop date opinion-19 across regarding the he stop the the country a the opinion Serie. Serie A Totti and other members Serie A of the players' association opinion regarding the called for the the the start of the the opinion next the the start Serie opinion the the A season, to be moved to another date, due to he the spread date of the of and last CO opinion until the the start COVID of view of the the next-19 across of the the start date upcoming the a the next the stop of the country. Ti view it wouldoti said . of the that stop see of the the start he was never listened to when opinion regarding thehe is asked for his the stop date opinion regarding the start the the first date of the next the hisSerie A season the the conclusion. Tioti said Serie A that he he was of the the never listened to of the the Serie his stop view A when he is date opinionSerie A asked for his",28.3%,1.66,"  in row , had set start date of Serie season , on day as start date of Serie A season . Totti members of players association called for start of Serie season , be moved to date , due to spread of COVID-19 across country . Totti members of players association called for start of Serie season , be moved to date , due to spread of CO COVID-19 across country . Totti members of players association called for start of Serie season , be moved to date , due to spread of CO COVID-19 across country . Tioti said that he was listened to when he is asked for his opinion regarding start date of Serie season . Tioti said that he was listened to when he is asked for his",26.4%,0.385," which manages the national team, set the start date for the 2019-20 campaign on Sept. 20. Totti had suggested that the start date could be pushed back to Oct. 27, but that was rejected by the players' union.

ROME. Italy -- Italy and Roma striker Francesco Totti has threatened to quit the Italian Players Association, in a row over the starting date of the next Serie A season. Roma striker Totti has complained that the Italian players are never listened to. The row began last month, when the Italian Football League, which manages the national team, set the start date for the 2019-20 campaign on Sept. 20. Totti had suggested that the start date could be pushed back to Oct. 27, but that was rejected by the players' union.",22.2%,-0.827
m-nom,0.1,"WASHINGTON (CNN) -- Allegations that Blackwater USA -- whose operations were suspended after 20 Iraqi civilians were shot to death last weekend -- was ""in any way associated or complicit in unlawful arms activities are baseless,"" the company asserted Saturday. Blackwater employees patrol Baghdad by air in a February 2005 photograph. Federal prosecutors are"," seeking a total of 15 years -- and a total of 19,000 years -- of criminal charges against the firm -- that has been accused of killing -- on its own -- at least -- and at least -- and at least -- and at least -- and at least -- and at least -- and at least -- and at least -- and at least -- and at least -- and at least -- and at least -- and at least -- and at least -- and at least -- and at least -- and at least -- and at least -- and at least -- and at least -- and at least -- and at least -- and at least -- and at least -- and at least -- and at least -- and at least -- and at -- and at -- and at -- and at -- and at -- and -- and at -- and at -- and at -- and at -- and at -- and at -- and at -- and at -- and and at -- and at -- and at -- and at -- and at -- and at",46.2%,6.87,"a total of 15 years -- and a total of 19,000 years -- of and a charges against the firm -- that has been accused of killing -- on its own -- at least and and and -- and and at least -- and at least -- and at least -- and at least -- and at least -- and at least -- -- and at least -- and at and a -- and at and -- -- and at least -- and at least -- and at least -- and at and at -- and at least -- and at least at least -- and at least -- and at least -- and at and 19,000 -- and at least -- and and at least -- and -- and least -- and  a total with and at least -- and -- and 15 least -- and at least -- and at least -- and at least -- and a at -- and at -- and at -- and -- and -- and at -- and of crimes -- and at and a and at -- and at -- and at -- and at -- and at -- and at -- and at -- and and at -- and at -- and at -- and at -- and at -- and at",37.1%,4.17,"a total of and and 15 years -- and a total of 19,000 years -- of criminal and -- charges against the firm -- of criminal -- that has been accused of killing -- on its own -- at least -- and at -- years, but and at least -- and at least -- and and and 15 and --a -- and at least -- and at least -- and at least -- and at least -- and at least -- and at least and a -- and at least -- and at least -- and a and at least -- and at least -- and at least -- and at least -- and at least and a -- and at least -- and at -- and 1 least -- and at least years -- and -- and a and at least -- and at least -- and at least -- and at least -- and at least -- and at least -- -- and and at least -- and at least -- and a and at -- and at -- and at -- and at -- and at and -- -- and -- and and a at -- and at -- and at -- and at -- and at -- and at -- and at -- and at -- and and at -- and at -- and at -- and at -- and at and 19,000 -- and at",35.8%,3.89,"  seeking total of 15 years -- and total of 19,000 years -- of criminal charges against the firm -- that has been accused of killing -- on its -- at least -- and at least -- and at least -- and at least -- and at -- and at least -- and at least -- and at least -- at least -- and at least -- and at least -- and at least -- at least -- and at least -- and at least -- and at least -- at least -- and at least -- and at least -- and at least -- at least -- at -- at least -- and at least -- and at -- and at least -- and at least -- at -- and at -- at -- at -- and at -- and -- and at -- and at -- and at -- and at -- at -- at -- at -- and at -- and and at -- at -- and at -- and at -- and at -- and at",41.3%,5.05," seeking the death penalty in the deaths of more than a dozen Iraqi civilians who were killed in a November 2007 shooting rampage at a crowded Baghdad hotel.

The company's chief executive, Erik Prince, is accused of using his private military company to ""conduct the operations that led to these deaths."" He has denied any wrongdoing and has sued the government, alleging it violated his constitutional rights.

Blackwater has been under scrutiny in the wake of the shooting deaths, which have inflamed tensions between Shiites and Sunnis in Iraq. The suspected gunmen -- who were allegedly Blackwater employees -- were seen fleeing without the company's vehicles after the shooting and have evaded capture.

""The government and its media surrogates are wrong,"" Blackwater said in a statement. ""We are proud to have served our nation and the Iraqi people. We have never been involved in any unlawful activities in Iraq.""

The company launched in 1987 as a private contractor for the US Government, but later became",22.3%,-0.864
m-nom,0.3,"WASHINGTON (CNN) -- Allegations that Blackwater USA -- whose operations were suspended after 20 Iraqi civilians were shot to death last weekend -- was ""in any way associated or complicit in unlawful arms activities are baseless,"" the company asserted Saturday. Blackwater employees patrol Baghdad by air in a February 2005 photograph. Federal prosecutors are"," seeking a total of 15 years -- and a total of 19,000 years -- of criminal charges against the firm -- that has been accused of killing -- on its own -- at least -- and at least -- and at least -- and at least -- and at least -- and at least -- and at least -- and at least -- and at least -- and at least -- and at least -- and at least -- and at least -- and at least -- and at least -- and at least -- and at least -- and at least -- and at least -- and at least -- and at least -- and at least -- and at least -- and at least -- and at least -- and at least -- and at least -- and at -- and at -- and at -- and at -- and at -- and -- and at -- and at -- and at -- and at -- and at -- and at -- and at -- and at -- and and at -- and at -- and at -- and at -- and at -- and at",46.2%,6.87,a -- at of 15 years -- and a total of 1 for the -- -- -- -- -- and of charges -- -- charges the firm -- the firm -- the -- -- has been accused of killing -- -- on its of -- -- at the at -- the -- -- -- -- and at least -- -- -- and at least -- -- -- -- -- the -- the -- -- -- -- -- -- -- -- and at least -- and at least -- and at least -- and -- -- -- least -- the -- -- -- and at least -- 15 -- and at a total charges -- -- -- -- -- and and at least -- and -- of -- -- and and the -- -- least -- and at least -- and at least -- and at least -- and at -- the firm -- of and at -- and at -- -- -- and at least -- and of  of -- and -- least -- and -- and at least -- the -- -- the -- a at least -- the -- -- at the -- charges -- -- -- -- the of -- -- and the -- a -- -- least -- and at least -- and at least -- and -- of -- a -- least -- and at least -- and -- -- of -- -- and at -- and at -- and at -- and at -- and -- and at -- and at -- -- over -- and at -- and at -- and at -- and at -- and at -- and at -- and and at -- and at -- -- and at -- and at -- and at -- and at,32.4%,2.95,"a total of 15 the company -- years -- and -- and -- a total of and -- -- -- for for of -- -- for -- -- -- -- and -- -- and -- -- -- -- -- and -- -- 19,000 years -- of criminal charges against the firm -- not of at least just that has been accused and and -- --, of killing and of -- -- -- 19 -- and -- -- -- on -- -- and -- and for its own -- and -- of at -- -- -- least -- and and -- -- at least -- and at least -- and at least -- and at least -- and -- and -- at least -- and at least -- and -- of and at least -- and at least -- and at least -- and at least -- and -- for -- at least -- and -- and -- at -- and at least -- and at least -- and -- -- and at least -- -- -- -- and at least -- and on -- and at least -- -- -- -- -- and -- and at -- -- -- least -- and at least -- and -- -- -- -- and -- -- against at least -- and at least -- and and -- -- -- -- for and at least of -- -- -- and against the firm at least -- and at least -- and at least -- and at least and -- for -- -- not just -- and and at least -- and at -- and at -- and -- -- and at -- -- years -- and at -- and -- -- -- and -- -- at -- -- -- -- and -- -- -- and -- from -- and at -- and at -- and at -- -- -- -- and -- and at -- and at -- and at years and at -- and at -- not just -- and at -- -- of -- and and at -- and at -- and at -- and at -- -- -- -- -- and -- and at -- and at",35.2%,4.53,"  seeking total of 15 years -- total of 19,000 years -- of charges against firm -- that has been accused of killing -- on its -- at -- at -- at -- and at -- at -- at least -- at least -- at -- at least -- at -- at -- at -- and at -- and at -- at -- at least -- at -- and at -- at least -- at -- and at -- at -- and at least -- and at -- at -- at -- at -- at -- and at -- and at -- and at -- at -- -- and at -- at -- at -- and at -- at -- at -- and at -- at -- at -- and at -- and at -- at -- at -- at",33.1%,2.2," seeking the death penalty in the deaths of more than a dozen Iraqi civilians who were killed in a November 2007 shooting rampage at a crowded Baghdad hotel.

The company's chief executive, Erik Prince, is accused of using his private military company to ""conduct the operations that led to these deaths."" He has denied any wrongdoing and has sued the government, alleging it violated his constitutional rights.

Blackwater has been under scrutiny in the wake of the shooting deaths, which have inflamed tensions between Shiites and Sunnis in Iraq. The suspected gunmen -- who were allegedly Blackwater employees -- were seen fleeing without the company's vehicles after the shooting and have evaded capture.

""The government and its media surrogates are wrong,"" Blackwater said in a statement. ""We are proud to have served our nation and the Iraqi people. We have never been involved in any unlawful activities in Iraq.""

The company launched in 1987 as a private contractor for the US Government, but later became",22.3%,-0.864
m-nom,0.5,"WASHINGTON (CNN) -- Allegations that Blackwater USA -- whose operations were suspended after 20 Iraqi civilians were shot to death last weekend -- was ""in any way associated or complicit in unlawful arms activities are baseless,"" the company asserted Saturday. Blackwater employees patrol Baghdad by air in a February 2005 photograph. Federal prosecutors are"," seeking a total of 15 years -- and a total of 19,000 years -- of criminal charges against the firm -- that has been accused of killing -- on its own -- at least -- and at least -- and at least -- and at least -- and at least -- and at least -- and at least -- and at least -- and at least -- and at least -- and at least -- and at least -- and at least -- and at least -- and at least -- and at least -- and at least -- and at least -- and at least -- and at least -- and at least -- and at least -- and at least -- and at least -- and at least -- and at least -- and at least -- and at -- and at -- and at -- and at -- and at -- and -- and at -- and at -- and at -- and at -- and at -- and at -- and at -- and at -- and and at -- and at -- and at -- and at -- and at -- and at",46.2%,6.87,"-- and years years years -- against years years -- the and at years -- and the years -- -- of 15 -- at years -- against at against -- against a and at -- years -- and -- and at against years -- the of 1 -- the years -- and and -- of criminal charges against years and -- and at firm -- -- -- has been accused at -- and -- and years and years against -- against the against -- and years and of and -- and the -- years at -- of and years and against -- least 10,000 own total of at -- at at at -- and -- and at -- least -- and at least -- and at least -- and years -- -- -- and years at against -- -- against -- and and at and years total -- and and years -- -- least least and -- years -- -- against against years -- -- and at least -- against and years years and --a at least -- against a -- the firm -- and years and against years and -- -- years -- and -- and at least and the years the and at least -- and -- and years the a -- against -- years and -- and against -- and years -- at the against and years years firm -- -- years years -- against -- years and -- -- least -- and and -- least -- and at least -- and at and years -- -- -- -- and against -- -- least -- and at 1 -- least -- and -- and at least -- and at least -- and at least -- the firm total of at against the firm -- and at on -- -- and at least -- and at total of -- and at -- -- and at -- and at -- and at -- and at -- and -- and at -- and at -- and at -- and at -- and at -- and at -- and at -- and at -- and and at -- and at -- and at -- and at -- and at -- and at",27.2%,0.989,"a total of 15 years -- and -- anda -- 15 -- and -- -- and -- total -- -- and -- of -- and a -- and -- of 19,000 years -- of -- -- criminal charges -- and -- against the -- -- -- -- and and -- -- and from -- -- -- and -- firm -- and with a -- that has been accused -- -- -- of killing -- -- a on its own -- -- and -- at of -- -- at a over of -- -- -- least -- of -- and and at least and -- -- -- and -- and -- and at least -- -- -- -- and at least -- and the -- and -- and -- at least -- -- of and at least -- and at least -- -- -- and and 15 -- and at least and -- -- and -- -- -- at -- and -- -- and -- -- -- -- -- and -- least -- 15 -- and of -- -- and at least -- and at least -- -- -- and -- and -- -- -- -- of -- and and of at at least -- and at -- and at and -- from least -- and years -- and -- and -- at least -- -- -- -- and -- -- and 15 -- -- -- -- -- and and -- and at least -- -- against -- and at and -- and least -- -- -- and -- and of 19,000 -- and at -- -- least -- and at least -- and at least -- -- and -- and at least of and -- -- and at least -- and at least and -- on -- -- and -- and at least -- and and total of at least -- and at least -- and at least -- -- and -- and at -- and -- years -- least -- and -- -- -- -- and -- of 19,000 at -- and at -- -- and -- and -- -- anda -- at -- -- -- -- and at -- and at -- and -- and of -- and at -- and 15 years -- -- and -- at -- and -- -- -- at -- -- -- -- and -- -- from -- and -- of -- andprosecutors and at and -- -- -- -- -- -- all -- and a and at -- and -- and -- at -- and at -- and at -- and -- -- and and at -- -- -- -- and -- and at -- and at -- and -- and -- at -- and -- -- and -- -- and at -- and and -- at",30.2%,2.63,"  seeking total of 15 years -- total of 19,000 years -- of charges against firm -- that has been accused of killing -- on its -- at -- at -- at -- at -- at -- at -- at -- at -- at -- at -- at -- at -- at -- at -- at -- at -- at -- at -- at -- at -- at -- at -- at -- at -- at -- at -- at -- at -- at -- at -- at -- at -- -- at -- at -- at -- at -- at -- at -- at -- at -- at -- at -- at -- at -- at -- at",45.8%,5.21," seeking the death penalty in the deaths of more than a dozen Iraqi civilians who were killed in a November 2007 shooting rampage at a crowded Baghdad hotel.

The company's chief executive, Erik Prince, is accused of using his private military company to ""conduct the operations that led to these deaths."" He has denied any wrongdoing and has sued the government, alleging it violated his constitutional rights.

Blackwater has been under scrutiny in the wake of the shooting deaths, which have inflamed tensions between Shiites and Sunnis in Iraq. The suspected gunmen -- who were allegedly Blackwater employees -- were seen fleeing without the company's vehicles after the shooting and have evaded capture.

""The government and its media surrogates are wrong,"" Blackwater said in a statement. ""We are proud to have served our nation and the Iraqi people. We have never been involved in any unlawful activities in Iraq.""

The company launched in 1987 as a private contractor for the US Government, but later became",22.3%,-0.864
m-nom,0.1,"LOS ANGELES, California (CNN) -- Youssif, the 5-year-old burned Iraqi boy, rounded the corner at Universal Studios when suddenly the little boy hero met his favorite superhero. Youssif has always been a huge Spider-Man fan. Meeting him was ""my favorite thing,"""," said. As the little boy hero comes up the left side, he has his ""favorite moment"" -- when he hits his head and gets burned -- when it is his favorite moment. The 5-year-old is going on his first trip to the US. The 5-year-old is going on his first trip to the US. The 5-year-old is going on his first trip to the US. The 5-year-old is going on his first trip to the US. The 5-year-old is going on his first trip to the US. The 5-year-old is going on his first trip to the US. The 5-year-old is going on his first trip to the US. The 5-year-old is going on his first trip to the US. The 5-year-old is going on his first trip to the US. The 5-year-old is going on his first trip to the US. The 5-",46.2%,6.87,"his old is going trip As the little boy hero comes up the left side, he -old is -old is ""favorite moment"" -- when he hits -old is head and gets burned -- when it is his favorite moment. The 5-year-old is going on his to the US trip to the US. The 5-year-old is going on is is going first trip to -old is US. The 5-year-old is going on his first trip to the -old isyear The 5-year-old is going on his first trip to the US. The 5-year-old - -old is is going on his first trip to the US. The 5-year-old isyear going on his first trip to the US. The 5-year-old -old is the US going on his first trip to the -old is. The 5-year is going onold is going on his first trip to the US. The 5-year 5-year-old is going on his first trip is US. the US. The 5-year-old is going on his first trip to the US. The 5-",39.7%,5.16,". As the little boy hero comes up the left side, he has his first trip his ""favorite moment"" -- when he hits his head and gets tripyear burned -- goingf when it is his favorite moment. US. The the US. The US. The 5-year- his first tripold US. The is going on his first trip to the US. The 5-year-old is going on his first trip to the US. The 5-year-old is going on his first trip to the US. The 5-year-old is going on his first trip his first trip to the US. The 5-year 's first-old is going on his first his first trip trip to the US. The 5-year-old is going on his old is going first his firsttrip trip to his first trip the US. The 5-year-old is going on his first trip to the US. The 5-year -old is-old is going his first trip on his first trip to the US. The 5-year-old is going on his first trip trip to the to the US. The 5-year US. The-old is going on his first trip US. The to the US. The 5-",35.9%,3.97,"  said . As the boy hero comes up the left side , he has his "" moment "" -- when he hits his head and gets burned -- when it is his favorite moment . The 5 - year - is going on his first trip to the US . 5 - year - old is going on his trip to the US . The 5 - year - is going on his trip to the US . The 5 - year - is going on his trip to the US . The 5 - year - is going on his first trip to the US . 5 - year - is going on his trip to the US . The 5 - year - is going on his first trip to the US . The 5 - year - old is going on his first trip to the US . The 5 - year - is going on his first trip to the US . 5 - year - is going on his trip to the US .",35.0%,3.08," he told CNN's Kathy Griffin.

Youssif, who lives in Los Angeles, was visiting with his family at the Universal Studios theme park in California when he saw a large group of people in front of him. As they pulled up, the boy's mother, Neha, said she didn’t recognize the boy. ""I saw Spider-Man and I was like, ‘Oh, my God!’ "" she said.

So, she said, she quickly called 911. ""I was like, 'What happened? Did he get burned?' "" she said.

The boy, who wore a Spider-Man Spider-Man costume, was rushed to UCLA Medical Center, where he was treated for second and third-degree burns on his face and body. The family left for Iraq shortly thereafter and has not seen Youssif since.

According to Neha, Youssif spent the last three nights in the burn unit",28.4%,1.11
m-nom,0.3,"LOS ANGELES, California (CNN) -- Youssif, the 5-year-old burned Iraqi boy, rounded the corner at Universal Studios when suddenly the little boy hero met his favorite superhero. Youssif has always been a huge Spider-Man fan. Meeting him was ""my favorite thing,"""," said. As the little boy hero comes up the left side, he has his ""favorite moment"" -- when he hits his head and gets burned -- when it is his favorite moment. The 5-year-old is going on his first trip to the US. The 5-year-old is going on his first trip to the US. The 5-year-old is going on his first trip to the US. The 5-year-old is going on his first trip to the US. The 5-year-old is going on his first trip to the US. The 5-year-old is going on his first trip to the US. The 5-year-old is going on his first trip to the US. The 5-year-old is going on his first trip to the US. The 5-year-old is going on his first trip to the US. The 5-year-old is going on his first trip to the US. The 5-",46.2%,6.87,". As the little . The 5- her  .. the US comes . .. The 5- the left side,  . . has . The 5- This is goingfa . The 5-rite moment . .. -- when  US .  . The The 5- his head and gets .. -- when . US. is his . the US moment. The 5-year-old is going . . . The 5- first trip The 5- . US US . The . The 5- The 5-  . his. . The 5- . the. The 5-  . his The going on his his "" trip to the US. The 5-year- . The 5- is going on his . his US 5- trip US US the . The ... The .. . The ..-old is going . the . .. his first trip . The. US the US. The 5-year-old is going on his . .- trip to .- US . The 5-. The his US US. The 5-year-old is going . ""The his first trip to the US. The 5-year- . The 5- . The 5- going on his first trip to the US. The 5-year-old is going on his first trip to . The 5- US . The 5- The 5-year-old is going on . The 5- first trip to the US. The 5-year-old is going on his first trip to the US. The 5-",26.5%,0.598,"-old US. As the to the US little boy hero comes up it is the the left side, he has his ""f trip,avo his first triprite moment"" . The 5- -- when he hits his head and gets burned -- old his first when it --- is his favorite moment. The 5-year-old -old is going on his first US. to the the The -old trip to his first trip .year the US. The 5-year-old is going on his first the US trip to the US. The trip to trip- -old the 5-year-old is going on his to his first trip to go the to the -oldold to to US to the US US. The 5-year trip--old is going on his year US trip first trip to is going on the US. The trips first 5-year-old is going on his first trip s- to . To the the tripyear US. The the US. 5-year- -old USold it to his . his first trip is going on . The 5- ave US his first trip to the US. The trip his 5-year-old is going on his first trip trips -old to first o the US to -old trip the US is -old the trip. The 5-year The US--old is going on his first - trip go toold trip to the US. The 5-year- -oldold first the US is going on his -old the US trip first trip to the US. The his first 5-year - -oldold his-old his first trip is going on his first to the US trip to the US. The to go to old his first 5-",30.9%,2.53,"  said . As boy hero comes up side , he has his "" moment "" -- when he hits his head gets burned -- when it is his moment . 5 - year - is going on his trip to US . 5 - year - is going on his trip to US . 5 - year - is going on his trip to US . 5 - year - is going on his trip to US . 5 - year - is going on his trip to US . 5 - year - is going on his trip to US . 5 - year - is going on his trip to US . 5 - year - is going on his trip to US . 5 - year - is going on his trip to US . 5 - year - is going on his trip to US .",35.8%,3.04," he told CNN's Kathy Griffin.

Youssif, who lives in Los Angeles, was visiting with his family at the Universal Studios theme park in California when he saw a large group of people in front of him. As they pulled up, the boy's mother, Neha, said she didn’t recognize the boy. ""I saw Spider-Man and I was like, ‘Oh, my God!’ "" she said.

So, she said, she quickly called 911. ""I was like, 'What happened? Did he get burned?' "" she said.

The boy, who wore a Spider-Man Spider-Man costume, was rushed to UCLA Medical Center, where he was treated for second and third-degree burns on his face and body. The family left for Iraq shortly thereafter and has not seen Youssif since.

According to Neha, Youssif spent the last three nights in the burn unit",28.4%,1.11
m-nom,0.5,"LOS ANGELES, California (CNN) -- Youssif, the 5-year-old burned Iraqi boy, rounded the corner at Universal Studios when suddenly the little boy hero met his favorite superhero. Youssif has always been a huge Spider-Man fan. Meeting him was ""my favorite thing,"""," said. As the little boy hero comes up the left side, he has his ""favorite moment"" -- when he hits his head and gets burned -- when it is his favorite moment. The 5-year-old is going on his first trip to the US. The 5-year-old is going on his first trip to the US. The 5-year-old is going on his first trip to the US. The 5-year-old is going on his first trip to the US. The 5-year-old is going on his first trip to the US. The 5-year-old is going on his first trip to the US. The 5-year-old is going on his first trip to the US. The 5-year-old is going on his first trip to the US. The 5-year-old is going on his first trip to the US. The 5-year-old is going on his first trip to the US. The 5-",46.2%,6.87,". - is taking his -. is it's little . is hero comes up the left is to the is the going, the  - going has hishe has his his first trip . the US .-a the US . .rite moment"" -- when  -old is his has his and US on his his the USyear head and on his burned on his first to the US it old is , . favorite moment. The 5- - trip .year . the his to the US his The is . The 5- first trip on old-old his .-old trip  it'sold to to go to it' US on his first the US. the US his his first going on going . the first trip -old is going hisyear- he has his is going on . is goingyear is going his going first trip to trip is going on the is taken to the US. The his to his first tripyear his first trip- the US is is goingold is going on his onyear trip isyear the US. The is to theyear-old is going s on to year trip to theold old is going old is going -old is the is going on. The 5- to--old is going on his first trip - on his first- the his first trip. The 5-year-old is going his is his first trip his first trip to is -old is old is going The 5- is going on old is going -old isold isold is going on his first trip to the US. The 5-year-old is old is going on his first his first his the US to the US. The 5- -old-old is going on his first trip to the US. The 5-year-old is going on his first trip to the US. The 5-",26.7%,0.753,". As the little anda going on his boy on. her US .o comes up the left side to the this, he has his ""favorite moment on a his a.year"" -- when he hits his head going on his on US. . He has on his trip to his .. and gets .s. burned -- when it is his favorite his on goes moment .. going on his. The 5-year . first trip-old go on on .. his going going. on is going . for .. . ..he on his first trip to the US. The 5- goiyear-old US. The is going on his going on his first . on his the. trip to the US going on his. his trip to the. The 5- trip to theyear- his .old is trip to to the us to the on the going on his first his first is trip to the US from the Us his first trip to the trip and his trip to the. .. inhe The 5-year trip to his-old US . is going on his . his first trip to the his first trip US to hisa the US. The 5- to the USyear with the US trip to US- goheold is going . his is and the is .he on his first trip he and to the his US on. first trip US. The his .. the US the US on 5-year- hisa trip go on the to theold to the US is going on his first trip to hisa the US. The 5-year .. going on his-old is going . the going on his on his first on has first trip to the US is is . first is. his to trip to first trip The 5- . hisyear . '- trip to theold is going on his first trip to the US. his first on . The 5-year-old is hishe going on his going on his first is going on trip to the US. The 5- on.year-old is going his. to the US on his first in is .. trip to the going on US. The his US. on his on The 5-",29.6%,2.21,"  said . As boy hero comes up side , he has his "" moment "" -- when he hits his head gets burned -- when it is his moment . 5 - year - is going on his trip to US . 5 - year - is going on his trip to US . 5 - year - is going on his trip to US . 5 - year - is going on his trip to US . 5 - year - is going on his trip to US . 5 - year - is going on his trip to US . 5 - year - is going on his trip to US . 5 - year - is going on his trip to US . 5 - year - is going on his trip to US . 5 - year - is going on his trip to US .",35.8%,3.04," he told CNN's Kathy Griffin.

Youssif, who lives in Los Angeles, was visiting with his family at the Universal Studios theme park in California when he saw a large group of people in front of him. As they pulled up, the boy's mother, Neha, said she didn’t recognize the boy. ""I saw Spider-Man and I was like, ‘Oh, my God!’ "" she said.

So, she said, she quickly called 911. ""I was like, 'What happened? Did he get burned?' "" she said.

The boy, who wore a Spider-Man Spider-Man costume, was rushed to UCLA Medical Center, where he was treated for second and third-degree burns on his face and body. The family left for Iraq shortly thereafter and has not seen Youssif since.

According to Neha, Youssif spent the last three nights in the burn unit",28.4%,1.11
m-nom,0.1,"(CNN) -- A Marine convicted for his role in the death of an Iraqi civilian was sentenced Friday to a reduction in rank and will be discharged. Cpl. Trent D. Thomas was found guilty Wednesday of kidnapping and conspiracy to commit several offenses -- including murder, larceny, housebreaking, kidnapping, and"," conspiracy. Cpl. Thomas was convicted of kidnapping and conspiracy to commit several offenses including murder, larceny, housebreaking, and kidnapping -- the first of which involved firing shots at an Iraqi civilian. He was convicted of kidnapping and conspiracy to commit several offenses including murder, larcenies, housebreaking, and kidnapping -- the first of which involved firing shots at an Iraqi civilian. He was convicted of kidnapping and conspiracy to commit several offenses including murder, larcanies, housebreaking, and kidnapping -- the first of which involved firing shots at an Iraqi civilian. He was convicted of kidnapping and conspiracy to commit several offenses including murder, larcanie, housebreaking, and kidnapping -- the first of which involved firing shots at an Iraqi civilian. He was convicted of kidnapping and conspiracy to commit several offenses including murder, larcanie, housebreaking, and kidnapping -- the first of which involved firing shots at an Iraqi civilian. He was convicted of kidnapping and conspiracy to commit several offenses",46.9%,7.05,". Cpl. Thomas was murder,convicted of kidnapping and conspiracy to commit several offense , including murder including murder, larceny, housebreaking, and , including murdernapping -- the first including murder, which involved firing shots at an Iraqi civilian. He , including murder convicted of kid murder, murder,apping and conspiracy to commit several offense including murder, including murder, la including including murder,, killing, includinges, house including including, including murder, kidnapping -- the first of which involved firing shots at an Iraqi civilian. He was convicted of kidnapping and conspiracy to commit several offenses including murder, larcanies, including murder,breaking, and kidnapping -- the first of which including murder, firing shots at an Iraqi civilian. He including murder, convicted of kidnapping including murder, conspiracy to commit several offense , murder, including murder, larcanie, house , murder,, and kidnapping -- the first of which involved firing including murder, including murder an Iraqi murder, including. He was convicted of kidnapping and conspiracy to commit several offense including murder, including murder, larcan , ,e, housebreaking, and kidnapping -- the first of which involved firing shots at an Iraqi civilian. He was  including murder, of kidnapping and conspiracy to commit several offenses",35.9%,3.96,". Cpl. Thomas was convicted of kidn murder murder,apping and conspiracy to commit several offenses including murder, larceny, housebreaking, and kidnapping -- the first of which involved firing shots at an Iraqi civilian. including l He was convicted of kidn murder,a murder,pping and conspiracy to murder murder, commit several offenses including murder, larcenies, housebreaking, including murder,la murder, and kidnapping -- the first murder, criminal of which involved firing shots at an Iraqi civilian. He was convicted of kidnapping and conspiracy to commit several offenses including murder, larcanies murder, criminal, housebreaking including murder,, and kidna murder, ,, including lapping -- the first of which involved firing shots including murder, at an Iraqi civilian. He was murder, inconvicted of kidnapping and conspiracy to commit murder, criminal several offenses including murder, criminal murder, larcanie, house murder,,breaking, and kidnapping -- the first of which involved firing shots at an Iraqi civilian. He was convicted of murder, la kidnapping and conspiracy to commit several offenses including murder murder, la murder murder,, larcanie, housebreaking, and murder, la kidnapping -- the first of murder, murder which involved firing shots at an Iraqi civilian including murder, murder, criminal. He was convicted of kidnapping and conspiracy murders to commit several offenses",39.1%,5.31,"  conspiracy . Cpl . Thomas was convicted of kidnapping and conspiracy to commit offenses including murder , larceny , housebreaking , kidnapping -- the first of which involved firing shots at an Iraqi civilian . He was convicted of kidnapping and conspiracy to commit several offenses including murder , larcenies , housebreaking , kidnapping -- first of which involved firing shots at Iraqi civilian . He was convicted of kidnapping conspiracy commit several offenses including murder , larcanies , housebreaking , kidnapping -- first of which involved firing shots at an civilian . He was convicted of kidnapping and conspiracy commit offenses including murder , larcanie , housebreaking , and kidnapping -- the of which involved firing shots at an Iraqi civilian . He was convicted of kidnapping and conspiracy to commit offenses including murder , larcanie , housebreaking , kidnapping -- the of which involved firing shots at an civilian . He was convicted of kidnapping and conspiracy to commit offenses",39.5%,4.47," conspiracy to commit larceny -- and was sentenced on Friday, he said. ""I'm sorry for everything I've done,"" Thomas told reporters in court. ""I'm sorry that I hurt my family. I'm sorry that I hurt my captain. I'm sorry that I hurt my fellow Marines."" Thomas was convicted of kidnapping and conspiracy to commit several offenses, including murder, larceny, housebreaking, kidnapping, and conspiracy to commit larceny -- and was sentenced on Friday, he said. ""I'm sorry for everything I've done,"" Thomas told reporters in court. ""I'm sorry that I hurt my family. I'm sorry that I hurt my captain. I'm sorry that I hurt my fellow Marines."" Share this -

Fact-check: Trump's statement on ISIS and Iran The President repeated a claim he made during the 2016 campaign that ISIS would never have been ""crippled"" had he been president. ""They're going to be a very, very",19.8%,-1.69
m-nom,0.3,"(CNN) -- A Marine convicted for his role in the death of an Iraqi civilian was sentenced Friday to a reduction in rank and will be discharged. Cpl. Trent D. Thomas was found guilty Wednesday of kidnapping and conspiracy to commit several offenses -- including murder, larceny, housebreaking, kidnapping, and"," conspiracy. Cpl. Thomas was convicted of kidnapping and conspiracy to commit several offenses including murder, larceny, housebreaking, and kidnapping -- the first of which involved firing shots at an Iraqi civilian. He was convicted of kidnapping and conspiracy to commit several offenses including murder, larcenies, housebreaking, and kidnapping -- the first of which involved firing shots at an Iraqi civilian. He was convicted of kidnapping and conspiracy to commit several offenses including murder, larcanies, housebreaking, and kidnapping -- the first of which involved firing shots at an Iraqi civilian. He was convicted of kidnapping and conspiracy to commit several offenses including murder, larcanie, housebreaking, and kidnapping -- the first of which involved firing shots at an Iraqi civilian. He was convicted of kidnapping and conspiracy to commit several offenses including murder, larcanie, housebreaking, and kidnapping -- the first of which involved firing shots at an Iraqi civilian. He was convicted of kidnapping and conspiracy to commit several offenses",46.9%,7.05,". , murder,pl  , murder, murder murder Thomas was convicted of kid , , ,, , murder , l , including, murder including , l, conspiracy to commit several offenses including murder murder including larceny murder, murder housebreaking, murder, murder kidnapping -- , murder first of which involved firing shots at , murder, Iraq , murder, murder,. He was ,, , murder, of kid including murder,apping and conspiracy to murder, several offense , murder, including murder, murder including murder murder,,  , murder, ,cenie murder including murder, house murder, ,, murder, and including murder,,na , including -- , ,,, first of which involved including murder, shots at an Iraqi murder, , l He murder, , murder, convicted of , murder,napping and including murder, , murder including commit murder, murder ,larcs including murder, , murder, , ,canies , murder, including house , including, , murder, kidnapping -- , murder, , murder, murder, murder which including murder, firing including murder murder, murder at an Iraqi civilian. murder, was  murder, of kidnapping and conspiracy to commit several offenses including murder, , murder, murder, murderrcan murder,e, housebreaking , l and kidnapping -- murder,, , murder, murder including murder which involved firing including murder murder,,, murder at an Iraqi civilian. He was convicted of kidn murder,, murderpping and conspiracy to commit several offenses including murder, larcanie, housebreaking including murder, and kidnapping -- the first of which including murder, firing shots at an Iraqi civilian. He was convicted of including murder,napping and conspiracy to commit several offenses",26.9%,0.816,". Cpl. Thomas ,,la murder includingarc larc including murder , , including murder including , including murder, was convicted of kidnapping and conspiracy to commit several offenses including murder, larceny including, housebreaking, and kid , includingn including, murder murder,apping -- the first of , murder murder which murder, involved larc firing shots at an including murder, Iraqi civilian. He was convicted of kid including murder,napping and conspiracy to commit several offenses including murder, la murder including murder, , including murder, murder murder includingrcenies, housebreaking, and kid murder, murdernapping -- the first of which involved firing shots at an Iraqi civilian. including murder, He was convicted including murder murder, , including murder murder, including murder of kidnapping and conspiracy including murder, including murder, including murder, to commit several offenses including murder murder, murder, larcanies, house , murder , including,breaking , including murder, and kidnapping -- the first of which involved firing shots at an Iraq murder murderl including murder including murder murdered,i , including , murder murder civilian. He was larcanconvicted of kid which murder,n including murder,apping and conspiracy to commit several offenses murder murder murder including , including murder murder, larcanie, including murder, including murder, housebreaking, and larcan kidnapping -- the first of which including including murder involved firing including murder, shots at an Iraqi civilian ,including,. He murder at including, was convicted of kidna including murder,including murder,pping and conspiracy murder, including murdered to commit several offenses , including including murder, larcanie, includings murder, housebreaking, and including murder, ,laarc kidnapping -- the first of which involved firing shots larc at la including an including murder, Iraqi civilian murder, , included. larcan He was murder murder murder at kill convicted including murder, murder murder, , murder murder killing including, of kidnapping including murder murder and larc conspiracy to commit several offenses",27.1%,0.984,"  conspiracy . Cpl . Thomas was convicted of kidnapping conspiracy commit offenses including murder , larceny , housebreaking , kidnapping -- of which involved firing shots at civilian . He was convicted of kidnapping conspiracy commit offenses including murder , larcenies , housebreaking , kidnapping -- of which involved firing shots at civilian . He was convicted of kidnapping conspiracy commit offenses including murder , larcanies , housebreaking , kidnapping -- of which involved firing shots at civilian . He was convicted of kidnapping conspiracy commit offenses including murder , larcanie , housebreaking , kidnapping -- of which involved firing shots at civilian . He was convicted of kidnapping conspiracy commit offenses including murder , larcanie , housebreaking , kidnapping -- of which involved firing shots at civilian . He was convicted of kidnapping conspiracy commit offenses",27.0%,0.562," conspiracy to commit larceny -- and was sentenced on Friday, he said. ""I'm sorry for everything I've done,"" Thomas told reporters in court. ""I'm sorry that I hurt my family. I'm sorry that I hurt my captain. I'm sorry that I hurt my fellow Marines."" Thomas was convicted of kidnapping and conspiracy to commit several offenses, including murder, larceny, housebreaking, kidnapping, and conspiracy to commit larceny -- and was sentenced on Friday, he said. ""I'm sorry for everything I've done,"" Thomas told reporters in court. ""I'm sorry that I hurt my family. I'm sorry that I hurt my captain. I'm sorry that I hurt my fellow Marines."" Share this -

Fact-check: Trump's statement on ISIS and Iran The President repeated a claim he made during the 2016 campaign that ISIS would never have been ""crippled"" had he been president. ""They're going to be a very, very",19.8%,-1.69
m-nom,0.5,"(CNN) -- A Marine convicted for his role in the death of an Iraqi civilian was sentenced Friday to a reduction in rank and will be discharged. Cpl. Trent D. Thomas was found guilty Wednesday of kidnapping and conspiracy to commit several offenses -- including murder, larceny, housebreaking, kidnapping, and"," conspiracy. Cpl. Thomas was convicted of kidnapping and conspiracy to commit several offenses including murder, larceny, housebreaking, and kidnapping -- the first of which involved firing shots at an Iraqi civilian. He was convicted of kidnapping and conspiracy to commit several offenses including murder, larcenies, housebreaking, and kidnapping -- the first of which involved firing shots at an Iraqi civilian. He was convicted of kidnapping and conspiracy to commit several offenses including murder, larcanies, housebreaking, and kidnapping -- the first of which involved firing shots at an Iraqi civilian. He was convicted of kidnapping and conspiracy to commit several offenses including murder, larcanie, housebreaking, and kidnapping -- the first of which involved firing shots at an Iraqi civilian. He was convicted of kidnapping and conspiracy to commit several offenses including murder, larcanie, housebreaking, and kidnapping -- the first of which involved firing shots at an Iraqi civilian. He was convicted of kidnapping and conspiracy to commit several offenses",46.9%,7.05,". ,s , murder,, , murder, murder murder murder. , , murder murder murder was convicted  , murder, including, murder kid murder,, , including murder, and conspiracy ,, , murder murder murder murder, murder murder murder several murder , murder murders including , murder , including murder,  murder murder,arcen , ,, murder, murder murder murder murder murder , murder, and kid murder , including murdera murder murder, , including, -- the first murder murder murder murder which involved firing murder murder, at an Iraqi civilian including , murder murder,, , murder murder ,, murder murder murder, was  murder , includings murder including of kid murder, murder, , murderapping and murder  murder murder murder murder murder murder murder, murder, murder murder murder murder several offenses murder murder murder murder murder murder murder larcenies, housebreaking, murder, murder kid , includingapping -- murder including murder, first of , murder,  murder, murder murder,, murder , murder murder, , murder murder, murder , murder murder murder shots at an Iraqi civilian , murder , including He was convicted of murder murder sp murder, murder , murder,, murder murder murder murder and conspiracy to commit several murder ,,,s including murder, murder, including murder, , murder, murder murder murder,,, housebreaking murder, murder murder , murder and kidn , murderpping including murder, the first of including murder, involved murder , including , including at , murder murder Iraqi civilian , murder murder ,s , murder  , murder, of murder, , murder,napping including murder, murder including murder, conspiracy to commit murder, murder offenses including murder, larcan , murder,e, housebreaking, and murder , murder murdernapping -- the first of which involved murder, shots at an ,si civilian. He was  murder, of kid including murder,apping and conspiracy murder, murder murder,, several offenses including murder,, murder, larcanie, housebreaking, and kidnapping -- the first of which involved firing shots at an Iraqi civilian. He was convicted of kidnapping and conspiracy to commit several offenses",23.9%,-0.508,", ,. Cpl. Thomas was murder, convicted of , including murder murder criminal kidn -- including murder , murder;apping and murder, conspiracy to commit several -- murder offense include murders including murder, l murder murder ;arcen -- murdery, , murder housebreaking, and murder murder, l , including , , murder the murder murder, murder murder murder murder murder murder murder -- kidn ,sapping , l -- -- including the first of which , murder including involved firing shots -- murder ;, murder at murder &, murder including murder, an Iraq murder, commiti civilian. He , murder was including -- , murder, include , murder murder , the -- convicted murder murder murder of kidnapping , murder as murder, and , murder conspiracy murder murder to including murder, , including -- including murder, commit the several murder, offenses , including murder, la murder -- andrcenie murder,s, housebreaking, and kidnapping -- the first of which involved firing shots at an Iraqi civilian. He was convicted of kidnapping , murder, and conspiracy to including murder ,, murder the , murder including, commit several offenses including murder, larcanies, housebreaking murder murder murder, and kidn , murderapping -- ,including murder the first of which involved firing -- murder shots at an Iraq includes murder,i , the , , civilian , murder,.  the murder, including include murder including including murder including, murder murder murder, , murder murder , murder He was convicted , murder including, murder, of kidnapping and conspiracy to , murder commit several ,mur offense including , , murder, , murder , murder -- include murder, , murder,s including a murder , murder, including murder -- , murder the murder , , murder, including murder, lar , including murder, crime --mur murder, , murdercanie h, including murder including the first, (,, housebreaking, , murder, and kidnapping -- the first of which involved firing murder including shots at an Iraq murder -- the, murderi civilian murder the murder. -- murder He was convicted including murder, of kidn including,a , , , murder --pping and conspiracy to commit several offenses including murder , murder, larcan , --i include murder,e, , murder, murder; -- house -- andbreaking, and kidnapping -- the murder,, murder , including murder the murder murder first of which involved firing shots , andmur murder at an Iraqi civilian. He was including murder; , murder,convicted of kidnapping and conspiracy to commit several offense murder, , murder, , murder; includings",23.2%,-0.922,"  conspiracy . Cpl . Thomas was convicted of kidnapping conspiracy commit offenses including murder , larceny , housebreaking , kidnapping -- of which involved firing shots at civilian . He was convicted of kidnapping conspiracy commit offenses including murder , larcenies , housebreaking , kidnapping -- of which involved firing shots at civilian . He was convicted of kidnapping conspiracy commit offenses including murder , larcanies , housebreaking , kidnapping -- of which involved firing shots at civilian . He was convicted of kidnapping conspiracy commit offenses including murder , larcanie , housebreaking , kidnapping -- of which involved firing shots at civilian . He was convicted of kidnapping conspiracy commit offenses including murder , larcanie , housebreaking , kidnapping -- of which involved firing shots at civilian . He was convicted of kidnapping conspiracy commit offenses",27.0%,0.562," conspiracy to commit larceny -- and was sentenced on Friday, he said. ""I'm sorry for everything I've done,"" Thomas told reporters in court. ""I'm sorry that I hurt my family. I'm sorry that I hurt my captain. I'm sorry that I hurt my fellow Marines."" Thomas was convicted of kidnapping and conspiracy to commit several offenses, including murder, larceny, housebreaking, kidnapping, and conspiracy to commit larceny -- and was sentenced on Friday, he said. ""I'm sorry for everything I've done,"" Thomas told reporters in court. ""I'm sorry that I hurt my family. I'm sorry that I hurt my captain. I'm sorry that I hurt my fellow Marines."" Share this -

Fact-check: Trump's statement on ISIS and Iran The President repeated a claim he made during the 2016 campaign that ISIS would never have been ""crippled"" had he been president. ""They're going to be a very, very",19.8%,-1.69
m-nom,0.1,"LONDON, England (CNN) -- Prince Harry led tributes to Diana, Princess of Wales on the 10th anniversary of her death, describing her as ""the best mother in the world"" in a speech at a memorial service. Here is his speech in full: . William and I can separate life into two"," parts. We can split this into two parts. We can split this into two parts. The first part is our division. This is where I have come in. This is where I have come in. We split this into two parts. The first part is our division. This is where I have come in. We split this into two parts. The second part is our division. This is where I have come in. We split this into two parts. The last part, is our division. This is where I have come in. We split this into two parts. The last part, is our division. This is where I have come in. We split this into two parts. The last part, is our division. This is where I have come in. We split this into two parts. The last part, is our division. This is where I have come in. We split this into two parts. The last part, is our division. This is where I have come in.",61.4%,11.8,". We can split this into two parts. We can split this into two parts. The first part . We can our division. This . I can where I have come in. This is where I have come in. We split this into two parts. . I can . I can part is our division. This is . We can I have come in. We . We split this into two parts. The second part is . We can . We . I can. This is where . I can have come in. . I can split this into two . We can. The . We can part, is our division. This is where I have come in. We split this . I have two parts. The last . We can, is our division. This is where I have . I can in . I can We split this . I can two parts. The last part, is our division. This is where I have come in. We split this into . I can parts. The last part, is our division. This is where I have come in. We split this into two parts. The last part, is our division. This is where I have come in.",46.6%,7.62,"Into two parts. We can split . . We can We can this into two parts into two parts. We can split this into two parts. The first part Into. is our division. . I have This is where I have come in. This is where I have come in. We . In into split this into two parts. The first part is our division. This is where Into two parts. I have I have come in. We split this into two parts . This is. The second part is our division . Into. This is where I have come in. We split this into two parts. The last part, is our division. This Into two parts is where I have come in. We split this into two parts. The . .. Into last part, is our division Into two parts . .. This is where I have . This is come in. We split this into two parts. The last part, is our division. This is where I have come in. We split this into two parts. The last part, is our division. This is where I have come in. We split this into two parts. The last part, .. is our division. This is where I have Into two parts come in.",49.0%,8.67,"  parts . We can split this into two parts . We can split this into two parts . part is our division . This is where I have come in . This is where I have come in . We split this into two parts . part is our division . This is where I have come in . We split this into two parts . part is our division . This is where I have come in . We split this into two parts . part , is our division . This is where I have come in . We split this into two parts . part , is our division . This is where I have come in . We split this into two parts . part , is our division . This is where I have come in . We split this into two parts . part , is our division . This is where I have come in . We split this into two parts . part , is our division . This is where I have come in .",44.5%,6.08," parts. The first part is the past. The second part, the present. You will always be my mother. .

Prince William spoke to Prince Harry about his mother's death during a memorial service in London on Saturday.

He said that the death of Diana was ""the most tragic loss of a life I have ever known."" ""You have seen how much it means to me and my brother,"" he said. ""We have lost a mother, a sister, a wife, a mother-in-law and a grandmother,"" he said.

He said the two princes had been close from the beginning and the two had been able to talk about Diana's death ""in great detail.""

""She would have been really proud of you,"" he said of his brother.

The Prince of Wales' speech was followed by the reading of a message from Diana's brother Earl Spencer and her sister-in-law Lady Sarah McCorquodale.

""",25.4%,0.123
m-nom,0.3,"LONDON, England (CNN) -- Prince Harry led tributes to Diana, Princess of Wales on the 10th anniversary of her death, describing her as ""the best mother in the world"" in a speech at a memorial service. Here is his speech in full: . William and I can separate life into two"," parts. We can split this into two parts. We can split this into two parts. The first part is our division. This is where I have come in. This is where I have come in. We split this into two parts. The first part is our division. This is where I have come in. We split this into two parts. The second part is our division. This is where I have come in. We split this into two parts. The last part, is our division. This is where I have come in. We split this into two parts. The last part, is our division. This is where I have come in. We split this into two parts. The last part, is our division. This is where I have come in. We split this into two parts. The last part, is our division. This is where I have come in. We split this into two parts. The last part, is our division. This is where I have come in.",61.4%,11.8,". We can split this into two . This is. We can split this into two parts ... We The first part is our division. This is  . .. is. is where We . We can I have come .  . . We is We can can   . This is We can We can This . We where I have come in . This is We . . . This is can can . This is . We can two . We can  . We We can The first part is our . We can. . We can. . We can can is where . We can have  . We can We can in. We split this into two parts. . We can. . This is can . . part is our .. We. This is where  . . We can We can have . . in. We split this into two parts . We can The  . We can We . We part, . We can our division . We can . .. We. We is .. We I have come in. We split this into two parts. . .. We can last part, . We can our division. . We can is where I . We can come in. We split . We can . We can two parts. The last part, is our . We can. This is where I have come in. We split this into two parts. The last part, is our division. This is where I have come in. We split this into two parts. The last part, is our division. This is where I have come in.",35.4%,4.21,". We . We can can split this into . Can can two parts. We can split this into two . We parts. The first part is our division. a. He . We This is where I have come in. This is where I have come in. . . We split . . this into two ... We ... We parts. The first . We part is . We are .. our division. ... This is . where I have come in. . we We split this into two parts. The second part . I have is our division . We Can... This is where I have come . We can in. We split ..... this into two parts. The last . . We can We can part, is our division. This is . We . He have . o. We.. We . We Can can where I have come . We can in. We . division . split this into two parts. The last part, .. is our division. This is where I have . I come in. We split this into two . We can parts ..... The last part ..... . We, is our division. This is .. where I . a. we We can have . We come in. . We Can We split this into two parts. . He The last part, . We . We . You can is our .. division. This is where .. I have . come in. We . . We can We can split this into two parts. The last part, is our division a.. . We. Let .. I . He have us This is where I have come . in . ..",31.0%,2.49,"  parts . We can split this into two parts . We can split this into two parts . part is our division . This is where I have come in . This is where I have come in . We split this into two parts . part is our division . This is where I have come in . We split this into two parts . part is our division . This is where I have come in . We split this into two parts . part , is our division . This is where I have come in . We split this into two parts . part , is our division . This is where I have come in . We split this into two parts . part , is our division . This is where I have come in . We split this into two parts . part , is our division . This is where I have come in . We split this into two parts . part , is our division . This is where I have come in .",44.5%,6.08," parts. The first part is the past. The second part, the present. You will always be my mother. .

Prince William spoke to Prince Harry about his mother's death during a memorial service in London on Saturday.

He said that the death of Diana was ""the most tragic loss of a life I have ever known."" ""You have seen how much it means to me and my brother,"" he said. ""We have lost a mother, a sister, a wife, a mother-in-law and a grandmother,"" he said.

He said the two princes had been close from the beginning and the two had been able to talk about Diana's death ""in great detail.""

""She would have been really proud of you,"" he said of his brother.

The Prince of Wales' speech was followed by the reading of a message from Diana's brother Earl Spencer and her sister-in-law Lady Sarah McCorquodale.

""",25.4%,0.123
m-nom,0.5,"LONDON, England (CNN) -- Prince Harry led tributes to Diana, Princess of Wales on the 10th anniversary of her death, describing her as ""the best mother in the world"" in a speech at a memorial service. Here is his speech in full: . William and I can separate life into two"," parts. We can split this into two parts. We can split this into two parts. The first part is our division. This is where I have come in. This is where I have come in. We split this into two parts. The first part is our division. This is where I have come in. We split this into two parts. The second part is our division. This is where I have come in. We split this into two parts. The last part, is our division. This is where I have come in. We split this into two parts. The last part, is our division. This is where I have come in. We split this into two parts. The last part, is our division. This is where I have come in. We split this into two parts. The last part, is our division. This is where I have come in. We split this into two parts. The last part, is our division. This is where I have come in.",61.4%,11.8,". . . We We can split this into  Can . We. . parts . We . I I can split this into two . We. We  . We We.  . I The . We part is . I division. This is . The last. . ... . Can split have come in. This . We . This is .  .  . We Can . Can split  . . Can split split . Can split. . . We split . . . This is. We . We in. We split . We into two parts. The . . . Can split   . . We .. division. our division  . Can We . .. . Can Can is This is ... ..  . . ... Can split . . We Can division . . I   . .  . The next We . Can split in ... . . We ... Can split .. . We Can split this . . two parts. The second part . We Can our division. This . This is where I have come in  . Can split. We split this into two parts . . The  . We We can Can I . We, is our division  . We Can split . .. . is where I have . . . . we have Can We  . We We in. We split this into . . parts. ... . last part, is . I division. . We can . division. . We I have come in. ... We .. Can Can split split this into two parts. The last part, is our division. This is where I have come in. We split this into two parts .. The last part, is our division. This is where I have come in. We split this into two parts. The last part, is our division. This is where I have come in.",35.7%,4.66,". We can split this into two parts . We this. . is . . . Our split We can . The second split this into two parts. The first part from . is our . This . is our division. This is where I . . We. . We have come in. This is where I . . have come in . This into.. . . This into We . This into split We split this into . . . . .. two parts. . we this The first part . . is our division We split. This is where I have come in. We .. split this into two parts. The second part is our .. . . is our This . ... into. . division. This is where . is our. . I have . ... . This into .. We This come in. We . .. Our division split . This is this into . divide we. This. We can . We . This into can two this into two parts. . We can The last part, . This is . ... our division. This is where I have come . is where in. We ... are our split this . Our split . . We we This into into . We can . This out two . Here we parts. The last part .., is . Our . Our split . . our . . It' Our division. This is where I have come in . . is . This into where The . is where second. We split this into two . Our . This into parts . Here we. .. The .. . We divide . . This into last part, is our division. This is . Our split where . . We this into two We split I have come in . . I have we . this . We this. We split . . . We this this into two parts. The last . . part, . . is our division. This is where I . . . . have come in . It'. We split . This into . .. Here . . we this. we this into two parts . The second. The . is where last part, is our division. This this into two is where . This into I have come in . We.",30.6%,2.67,"  parts . We can split this into two parts . We can split this into two parts . part is our division . This is where I have come in . This is where I have come in . We split this into two parts . part is our division . This is where I have come in . We split this into two parts . part is our division . This is where I have come in . We split this into two parts . part , is our division . This is where I have come in . We split this into two parts . part , is our division . This is where I have come in . We split this into two parts . part , is our division . This is where I have come in . We split this into two parts . part , is our division . This is where I have come in . We split this into two parts . part , is our division . This is where I have come in .",44.5%,6.08," parts. The first part is the past. The second part, the present. You will always be my mother. .

Prince William spoke to Prince Harry about his mother's death during a memorial service in London on Saturday.

He said that the death of Diana was ""the most tragic loss of a life I have ever known."" ""You have seen how much it means to me and my brother,"" he said. ""We have lost a mother, a sister, a wife, a mother-in-law and a grandmother,"" he said.

He said the two princes had been close from the beginning and the two had been able to talk about Diana's death ""in great detail.""

""She would have been really proud of you,"" he said of his brother.

The Prince of Wales' speech was followed by the reading of a message from Diana's brother Earl Spencer and her sister-in-law Lady Sarah McCorquodale.

""",25.4%,0.123
m-nom,0.1,"LONDON, England (CNN) -- French Foreign Minister Bernard Kouchner's declaration that France had to prepare for the possibility of war against Iran over its nuclear program was not conventional diplomatic behavior. But then Kouchner was never expected to be a soft-soaper on the diplomatic scene. French foreign minister Bernard"," Kouchnier had expressed his views publicly many times. And he has been very active, very active, very active. And he has been very active, very active, very active. And he has been very active, very active. But then Kouchnier was never expected to be a soft-soarer on the diplomatic scene. But then Kuchnier was never expected to be a soft-soa-pe on the diplomatic scene. But then Kuchn-er was never expected to be a soft-soa-pe on the diplomatic scene. But then Kuch-er was never expected to be a soft-soa-pe on the diplomatic scene. But then Kuch-er was never expected to be a soft-soa-pe on the diplomatic scene. But then Kuch-er was never expected to be a soft-soa-pe on the diplomatic scene. But then Kuch-er was never expected to be a soft-so",29.2%,1.36,"uchnier had expressed his views publicly many times pe Pea, And  Pe pe pe pe on pe been very -pe on, pe on active, very active. And he has -pe very active, very active, very active. And he has been pe pe be active, very active. But then Kouchnier was never expected to be a soft-soarer on the diplomatic scene. But then Kuchnier was never expected to be a soft pe asoa-pe on the diplomatic scene. But then Kuchn-er was never expected to pe pe -pe pea soft-soa-pe on the diplomatic scene. But pea Kuch-er was never expected to be a soft peaeasoa-pe on the diplomatic scene. But then Kuch-er was -pe on expected to - pe a soft-soa-pe on the diplomatic scene. But  soape on K -pe pe But thener was never expected to be a soft-soa-pe on the diplomatic scene. But then Kuch-er was never expected to be a soft-so",26.3%,0.463,"uchnier had expressed his views publicly many times. And he -pe has been very active, very active a, very active. And he has been very active, very active, very active. And he has been very active, very active. But then Kouchnier was never expected to - -pepe on be a -pe soft- a a -soarer as on the diplomatic scene. But then Kuchnier was never expected to -pe be a -pe -pe soft- a-peso -pe ona-pe on the diplomatic scene. But then Kuchn-er was never expected to be a soft-soa-pe on the diplomatic scene. pe soft- But then Kuch-er was never expected to be a soft-soa-pe on the diplomatic scene. But then Kuch-er was never expected to be a -pe soft-soa-pe on the diplomatic scene. But then K -pea-peuch-er was never expected to be -e a soft-so -pe ona-pe on the diplomatic scene. -pe But then Kuch-er was never expected to be a soft- -peso",25.0%,0,"  Kouchnier had expressed his views publicly many times . And he has been very active , active , very . he has been very active , very active , very active . he has been very active , . But then Kouchnier was never expected to be soft - soarer on diplomatic scene . But then Kuchnier was never expected to be a soft - soa - pe on the diplomatic scene . But then Kuchn - was never expected to be a soft - soa - pe on the diplomatic scene . But Kuch - er was never expected to be a soft - soa - pe on the diplomatic scene . But then Kuch - was never expected to be a soft - soa - pe on the scene . Kuch - er was never expected to be a soft - soa - pe on the diplomatic scene . then Kuch - er was expected be soft - so",17.4%,-2.34," Kouchner on Wednesday declared that France was preparing for war against Iran.

The momentous decision, Kouchner said, was based on ""an assessment made in the last two months"" of the threat posed by Iran's nuclear program. The minister's comments came shortly after Iran's foreign minister said that Tehran would be ready to fight in the event of a military action over its nuclear ambitions.

The French foreign minister said his country was ""hastily preparing"" for the possibility of a military strike by Israel or the United States.

Kouchner made the comments in an interview with the French television channel TF1, which is broadcast on French satellite channels. He said the French government had worked on the basis that Iran would be able to produce nuclear weapons in the ""near future.""

""The United States and Israel have the capacity to take out parts of the nuclear facilities of Iran,"" Kouchner said. ""France is also preparing for a military strike.",23.9%,-0.37
m-nom,0.3,"LONDON, England (CNN) -- French Foreign Minister Bernard Kouchner's declaration that France had to prepare for the possibility of war against Iran over its nuclear program was not conventional diplomatic behavior. But then Kouchner was never expected to be a soft-soaper on the diplomatic scene. French foreign minister Bernard"," Kouchnier had expressed his views publicly many times. And he has been very active, very active, very active. And he has been very active, very active, very active. And he has been very active, very active. But then Kouchnier was never expected to be a soft-soarer on the diplomatic scene. But then Kuchnier was never expected to be a soft-soa-pe on the diplomatic scene. But then Kuchn-er was never expected to be a soft-soa-pe on the diplomatic scene. But then Kuch-er was never expected to be a soft-soa-pe on the diplomatic scene. But then Kuch-er was never expected to be a soft-soa-pe on the diplomatic scene. But then Kuch-er was never expected to be a soft-soa-pe on the diplomatic scene. But then Kuch-er was never expected to be a soft-so",29.2%,1.36,"uchnier the diplomatic scene expressed his pe on pe e pe pe many pe on on pe pe And erhe has been pe - active, very active, very But then K. And he has been e on pe active, -pe on the pe pe on, e-pe active. pe onaer he has been on on the-pe on active On the pe the very active pe on pe But - on the Ko -anier - the pe pe pe on never on the to be a soft- be on the- pe - pe pe pe e uch the pe a on pe pe pe scene.  the thea pe then Kuch - pe on was never expected pe on the be a soft-soa-pe on the diplomatic scene pe er uch the . And then K toa - On the -pe-er was never expected to be a soft-s pe ona on the pe pe pe - pe- on the on the diplomatic pe pe. But then K on the- the pe be pe pe never But then K to er a soft-soa-pe on the pe pe on scene. But pe pe on Kuch-er pe on the never expected to be a soft-soa-pe on -pe diplomatic scene. But then Kuch-er was never expected -pe on be a soft-soa-pe on the diplomatic scene. But then Kuch-er was never expected to be a soft-so",25.1%,0.0336,"uchnier pe - had expressed his views publicly many times soar. And -s onpepeo-pe on on pe pe -pehe has been very active, very active, very a-p pepe pe active a. ona And he has been very active, very active, very pe pe pe-pe active. And he pe- pe has been very active, very active. But then -pe on oa- Kouchnier was never expected to be pe -a soa But then K soft-soarer on the diplomatic scene. But then of peped- pe - Kuchnier was -pe on pepe on never expected to be a soft- -pe onsoa-pe on the diplomatic scene. But then pea Kuchn- to beer was never expected to e be a pea - soft ona-soa-pe on the pe pepe diplomatic scene. But then pe on pepe pe on on Kuch oape-er was never expected to be a soft- pe-ssoa a-pe on the diplomatic scene. But then -pe Kuch-er was never pepe expected pe on to be a soft-soa-pe on the diplomatic scene. But then Kuch-er was never on- oa-pe a -pe pe pe --pe expected pepe on-so to be a soft-s - a-pepe onoa-pe - pe-pe on the diplomatic scene pepe. pe pe-pe on But then Kuch- perpea- so pepeer was never expected to be a soft pe pe pe-pe pea-s pe ono",21.8%,-1.38,"  Kouchnier had expressed his views times . he has been , , very . And he has been , very , very . he has been very , . Kouchnier was expected be - soarer on scene . But Kuchnier was never expected be - soa - pe on the scene . Kuchn - was never expected be - soa - pe on the diplomatic scene . then Kuch - er was never expected be - soa - pe on the diplomatic scene . But then Kuch - er was never expected be - soa - pe on the scene . then Kuch - er was never expected be - soa - pe on scene . Kuch - er was expected be a soft -",18.3%,-1.84," Kouchner on Wednesday declared that France was preparing for war against Iran.

The momentous decision, Kouchner said, was based on ""an assessment made in the last two months"" of the threat posed by Iran's nuclear program. The minister's comments came shortly after Iran's foreign minister said that Tehran would be ready to fight in the event of a military action over its nuclear ambitions.

The French foreign minister said his country was ""hastily preparing"" for the possibility of a military strike by Israel or the United States.

Kouchner made the comments in an interview with the French television channel TF1, which is broadcast on French satellite channels. He said the French government had worked on the basis that Iran would be able to produce nuclear weapons in the ""near future.""

""The United States and Israel have the capacity to take out parts of the nuclear facilities of Iran,"" Kouchner said. ""France is also preparing for a military strike.",23.9%,-0.37
m-nom,0.5,"LONDON, England (CNN) -- French Foreign Minister Bernard Kouchner's declaration that France had to prepare for the possibility of war against Iran over its nuclear program was not conventional diplomatic behavior. But then Kouchner was never expected to be a soft-soaper on the diplomatic scene. French foreign minister Bernard"," Kouchnier had expressed his views publicly many times. And he has been very active, very active, very active. And he has been very active, very active, very active. And he has been very active, very active. But then Kouchnier was never expected to be a soft-soarer on the diplomatic scene. But then Kuchnier was never expected to be a soft-soa-pe on the diplomatic scene. But then Kuchn-er was never expected to be a soft-soa-pe on the diplomatic scene. But then Kuch-er was never expected to be a soft-soa-pe on the diplomatic scene. But then Kuch-er was never expected to be a soft-soa-pe on the diplomatic scene. But then Kuch-er was never expected to be a soft-soa-pe on the diplomatic scene. But then Kuch-er was never expected to be a soft-so",29.2%,1.36,"uch  hadape on had expressed , pea views the diplomatic  pe-pe on on pe pe. And he has been very active a on the pea pe the diplomatic very active pe on pe-pe pe-pe the diplomatic pe diplomatic very pe on pe pe pe -pe- pe on had And a on -pe- on had - on pe on pe been very pe-, very pe-pe pe--, pea - pe on on. And  the on on on scene has - on the very -pea- pe on -pe had-pe, very active. But then  uchpe on on pe pe- pe on -pe has on-- a hadape pe- peape was the diplomatic expected to pe on pe  had pe on was pe-- on per on the diplomatic scene. pe - then Kuchnier pe-- pe had the the expected to on has  pepe on pe pe- pea had on pe- had onpe on theoa -pe pe on had pe had-pe on the the -- pe ape on scene. But then the diplomatic peuch pe on pe- pe pe on hadpe-er was pe- on on pe pe-pe pe-pe pe- pe to be a pea-s on on thea on -pe on the diplomatic scene ona Pe- But then K But then K-er was never expected to be a soft-soa-pe on the diplomatic scene. But then Kuch -aer was never expected to be a soft- -peoa-pe on on-- the diplomatic scene pe on But then K pe on pe- pe on pe on-er was never expected -pe on be  uchnier soft-soa-pe on the diplomatic scene. But then Kuch-er was never expected to be a soft-so",24.6%,-0.179,"chnier pe pe on pe pe on had expressed pe on pe his pepe views publicly pe pe on ona many times. And he has been very active, on pe on pe on pe very the pe pe active but then Ko, very pe on pe on pe on active. And he has been very And then K active pe pe pe a as But then K, pe on pe very active, very pe on on pe pe pe on on active. And he has been pe pe on very active, very ona active. But But then Ko then Kouch a pe pe pe on on on the pe pe-penier was never expected to be The Ks pe pe on a soft-soarer -so on the K the Pe pe pe pe diplomatic scene. But then K pe onuchnier was never pepe on on pe pe expected On pe pe on also pe onuch to be a soft- pe pe pesoa-pe on the pe on pe diplomatic scene. But pe pe on pe on pe pe Pe pe pe the pe the the Pe pe pe pe pepe on then K and pe on on the on pe pe on pe on pe pe -uch K on pen-er was never expected And then pe pe pe the on on Ona- K to be t the pea soft -pe-soa- pe pe- pe the pe pe pe onpe onpe -pe on on the pe on pe diplomatic scene. But pe oo- pe on then Kuch- pe the pe soft aer was never expected pe onpe to be a soft a pe- And the pe pe then Ksoa-pe And then K on pe pe pe the diplomatic scene. But then pe soft K a softuch- then pe oner was never pe pe on expected to pe on be a soft- pe pe onso pe thea-pe on But then K pe on pea pe ona pe the in pe the Pe pe onpe on pe the pe pe diplomatic scene. pe soft pe But then pe a Kuch-er was never expected -pe on to be pe pe ona pe pe pe pe the pe soft- But then Ks K onoa-pe on the diplomatic scene. But then K a pe- Kuch-er was ona pe on pe never expected to be a pe ona soft-s pe peo",20.8%,-2.11,"  Kouchnier had expressed his views times . he has been , , . he has been , , . he has been , . Kouchnier was expected be - soarer on scene . Kuchnier was expected be - soa - pe on scene . Kuchn - was expected be - soa - pe on scene . Kuch - was expected be - soa - pe on scene . Kuch - was expected be - soa - pe on scene . Kuch - was expected be - soa - pe on scene . Kuch - was expected be -",19.1%,-1.45," Kouchner on Wednesday declared that France was preparing for war against Iran.

The momentous decision, Kouchner said, was based on ""an assessment made in the last two months"" of the threat posed by Iran's nuclear program. The minister's comments came shortly after Iran's foreign minister said that Tehran would be ready to fight in the event of a military action over its nuclear ambitions.

The French foreign minister said his country was ""hastily preparing"" for the possibility of a military strike by Israel or the United States.

Kouchner made the comments in an interview with the French television channel TF1, which is broadcast on French satellite channels. He said the French government had worked on the basis that Iran would be able to produce nuclear weapons in the ""near future.""

""The United States and Israel have the capacity to take out parts of the nuclear facilities of Iran,"" Kouchner said. ""France is also preparing for a military strike.",23.9%,-0.37
m-nom,0.1,"1. ""Für Elise"" Bob Dylan wrote ""It Ain't Me, Babe"" for Joan Baez. Written by: Ludwig van Beethoven . Written for: Some girl probably not named Elise. In fact, as far as most historians can tell, Beethoven didn't even know an Elise."," But the truth is, there was an Elise Beethoven, and she did write music that sounded like a song about some girl named Elise. "" "" "" "" "" "" "" "" "" "" "" "" "" "" "" "" "" "" "" "" "" "" "" "" "" "" "" "" "" "" "" "" "" "" "" "" "" "" "" "" "" "" "" "" "" "" "" "" "" "" "" "" "" "" "" "" "" "" "" "" "" "" "" "" "" "" "" "" "" "" "" "" "" "" "" "" "" "" "" "" "" "" "" "" "" "" "" "" "" "" "" "" "" "" "" "" "" "" "" "" "" "" "" "" "" "" "" "" "" "" "" "" "" "" "" "" "" "" "" "" "" "" "" "" "" "" "" "" "" "" "" "" "" "" "" "" "" "" "" "" "" "" "" "" "" "" "" "" "" "" "" "" "" "" "" "" "" "" "" "" "" "" "" "" "" "" "" "" "" "" """,8.6%,-5.31,"the wrote music. is, there was an Elise Beethoven, and she did write music "" "" "" "" "" "" "" ""sounded like song ""a song about some girl named Elise. "" "" "" "" "" "" "" "" "" "" "" "" "" "" "" "" "" "" "" "" "" "" "" "" "" "" "" "" "" "" "" "" "" "" "" "" "" "" "" "" "" "" "" "" "" "" "" "" "" "" "" "" "" "" "" "" "" "" "" "" "" "" "" "" "" "" "" "" "" "" "" "" "" "" "" "" "" "" "" "" "" "" "" "" "" "" "" "" "" "" "" "" "" "" "" "" "" "" "" "" "" "" "" "" "" "" "" "" "" "" "" "" "" "" "" "" "" "" "" "" "" "" "" "" "" "" "" "" "" "" "" "" "" "" "" "" "" "" "" "" "" "" "" "" "" "" "" "" "" "" "" "" "" "" "" "" "" "" "" "" "" "" "" "" "" "" "" "" "" "" "" "" "" "" "" "" "" "" "" "" "" "" "" "" "" "" "" "" "" "" "" "" "" "" "" "" "" "" """,6.4%,-6.61,", there was an Elise "" "" Beethoven, and she did write was an Eli music that sounded like a song about some girl "" "" named "" "" Elise. "" "" "" "" "" """" "" "" "" "" "" "" "" "" "" were an Eli "" "" "" "" "" "" "" "" "" "" "" "" "" "" "" "" "" "" "" "" "" "" "" "" "" "" "" "" "" "" "" "" "" "" "" "" "" "" "" "" "" "" "" "" "" "" "" "" "" "" "" "" "" "" "" "" "" "" "" "" "" "" "" "" "" "" "" "" "" "" "" "" "" "" "" "" "" "" "" "" "" "" "" "" "" "" "" "" "" was an Eli "" "" "" "" "" "" "" "" "" "" "" "" "" "" "" "" "" "" "" "" called "" "" "" "" was an Eli "" "" "" "" "" "" "" "" "" "" "" "" "" "" "" "" "" "" "" "" "" "" "" "" "" "" "" "" "" "" "" "" "" "" "" "" "" "" "" "" "" "" "" "" "" "" "" "" "" "" "" "" "" "" "" "" "" "" "" "" "" "" "" "" "" "" "" "" "" "" "" "" "" "" "" "" "" "" """,11.7%,-4.84,"  truth is , there was Elise Beethoven , she did write music that sounded like song about girl named Elise . "" "" "" "" "" "" "" "" "" "" "" "" "" "" "" "" "" "" "" "" "" "" "" "" "" "" "" "" "" "" "" "" "" "" "" "" "" "" "" "" "" "" "" "" "" "" "" "" "" "" "" "" "" "" "" "" "" "" "" "" "" "" "" "" "" "" "" "" "" "" "" "" "" "" "" "" "" "" "" "" "" "" "" "" "" "" "" "" "" "" "" "" "" "" "" "" "" "" "" "" "" "" "" "" "" "" "" "" "" "" "" "" "" "" "" "" "" "" "" "" "" "" "" "" "" "" "" "" "" "" "" "" "" "" "" "" "" "" "" "" "" "" "" "" "" "" "" "" "" "" "" "" "" "" "" "" "" "" "" "" "" "" "" "" "" "" "" "" "" "" """,4.2%,-6.67," But he did know a Baez. ""Some girl"" is Baez's ""I'll Remember (Thee)."" But the song was written for Baez's late husband, Sam, who died of a heart attack in 1969. The lyrics are as follows: I'll remember thee, sweet Elise, when I die and when I go I'll remember thee, sweet Elise. I'll remember thee, sweet Elise, when I die and when I go I'll remember thee, sweet Elise. But it's not exactly about Elise. It's about the relationship between a man and a woman. The song is about the man and the woman. It's about the relationship between a man and a woman. The song is about the relationship between a man and a woman. So what if it's not about Elise? The song is about the relationship between a man and a woman. So what if it's not about Elise? Well, Elise is a character in the story. She's this old lady",22.8%,-0.699
m-nom,0.3,"1. ""Für Elise"" Bob Dylan wrote ""It Ain't Me, Babe"" for Joan Baez. Written by: Ludwig van Beethoven . Written for: Some girl probably not named Elise. In fact, as far as most historians can tell, Beethoven didn't even know an Elise."," But the truth is, there was an Elise Beethoven, and she did write music that sounded like a song about some girl named Elise. "" "" "" "" "" "" "" "" "" "" "" "" "" "" "" "" "" "" "" "" "" "" "" "" "" "" "" "" "" "" "" "" "" "" "" "" "" "" "" "" "" "" "" "" "" "" "" "" "" "" "" "" "" "" "" "" "" "" "" "" "" "" "" "" "" "" "" "" "" "" "" "" "" "" "" "" "" "" "" "" "" "" "" "" "" "" "" "" "" "" "" "" "" "" "" "" "" "" "" "" "" "" "" "" "" "" "" "" "" "" "" "" "" "" "" "" "" "" "" "" "" "" "" "" "" "" "" "" "" "" "" "" "" "" "" "" "" "" "" "" "" "" "" "" "" "" "" "" "" "" "" "" "" "" "" "" "" "" "" "" "" "" "" "" "" "" "" "" "" "" """,8.6%,-5.31,"the truth "" "",, there was an Elis "" "" ,, ""- and she , she write write "", "" "" , ""  "" "" "" ,, "", sounded like  , ,,a song about "" "" "" girl named Elise. ""  "" "", "" "" "" "" "" "" "" "" "" "" "" "" "" "" "" "" "" "" """" "" "" "" "" "" 's name "" "" "" "" ,,, "" , "" "" "" "" "" "" "" "" . "" "" "" "" "" "" "" "" "" "" "" "" "" "" "" , there "" "" "" ,, ,, she "" , "" "" "" "" "" "" ,,, "" "" , "" "" "" "" "" "" "" "" "" "" "" "" "", "" "" "" "" "" "" ,,, "" "", she "" "" "" "" "",  "" "" "",, , "" "" "" ,, "" "" "" "" "" "" there was "" "" "" "" ,, "" "" "" that Elis "" "" "" "" "" "" , "" there "" "" "" ,,, "" "" "" "" "" "" "" "" "" "" "" "" "" "" "" "" "" "" "" "" "" "" "" "" "" "" "" "" "" "" "" "" "" "" "" "" "" "" "" "" "" "" "" "" "" "" "" "" "" "" "" """" "" "" "" "" "" "" "" "" "" "" "" "" "" "" "" "" "" "" "" "" "" "" "" "" "" "" "" "" "" "" "" "" "" "" """,11.3%,-5.43,", there was se or an Elise Beethoven "" "" "", and she did write music that s , she wasounded like a song "" "" "" about some girl "" . And But named Eli "" "" ""se. "" "" s that was "" "" "" "" "" "" "" "" s "" "" "" "" "" "" , "" "" "" "" "" "" "" "" "" "" "" "" "" , she called "" "" "" "" "" "" "" "" "" "" "" "" "" "" "" "" "" "" "" . "" "" "" "" s , "" "" "" "" "" "" "" "" "" "" . And "" s called. "" ,"" , "" "" As "" "" "" "" "" "" "". "" "" "" "" "" "" "" a "" "" "" "" "" "" "" "" "" se "" "" "" "" "" was was ! "". "" But "" "" "" "" . "" "" "" "" "" "" "" "" "" "" , She was "" ."" "" is "" But "" "" "" "" "" "" "" s for , "" "" "" Beethoven , and she "" "" "" "" "" "" "" "" "" "" "" "" "" "" "" "" "" "" "" "" "" "" "" . That was """" , that was "" "" "" "" "" "" "" "" s "" "" "" "" "" , that was "" "" "" "" "" "" "" "" "" "" "" "" "" "" , she "" "" "" "" "" "" "" "" "" ""' "" "" "" "" "" "" "" "" "" "" "" "" "" "" "" "" "" "" "" "" "" "" "" "" "" "" "" "" "" "" "" "" "" "" "" "" "" "" "" "" "" "" "" "" "" "" "" "" "" "" "" "" "" "" "", she "" ! "" "" se that "" "" "" "" "" "" "" """,14.1%,-4.7,"  truth is , there was Elise Beethoven , she did write music that sounded like song about girl named Elise . "" "" "" "" "" "" "" "" "" "" "" "" "" "" "" "" "" "" "" "" "" "" "" "" "" "" "" "" "" "" "" "" "" "" "" "" "" "" "" "" "" "" "" "" "" "" "" "" "" "" "" "" "" "" "" "" "" "" "" "" "" "" "" "" "" "" "" "" "" "" "" "" "" "" "" "" "" "" "" "" "" "" "" "" "" "" "" "" "" "" "" "" "" "" "" "" "" "" "" "" "" "" "" "" "" "" "" "" "" "" "" "" "" "" "" "" "" "" "" "" "" "" "" "" "" "" "" "" "" "" "" "" "" "" "" "" "" "" "" "" "" "" "" "" "" "" "" "" "" "" "" "" "" "" "" "" "" "" "" "" "" "" "" "" "" "" "" "" "" "" """,4.2%,-6.67," But he did know a Baez. ""Some girl"" is Baez's ""I'll Remember (Thee)."" But the song was written for Baez's late husband, Sam, who died of a heart attack in 1969. The lyrics are as follows: I'll remember thee, sweet Elise, when I die and when I go I'll remember thee, sweet Elise. I'll remember thee, sweet Elise, when I die and when I go I'll remember thee, sweet Elise. But it's not exactly about Elise. It's about the relationship between a man and a woman. The song is about the man and the woman. It's about the relationship between a man and a woman. The song is about the relationship between a man and a woman. So what if it's not about Elise? The song is about the relationship between a man and a woman. So what if it's not about Elise? Well, Elise is a character in the story. She's this old lady",22.8%,-0.699
m-nom,0.5,"1. ""Für Elise"" Bob Dylan wrote ""It Ain't Me, Babe"" for Joan Baez. Written by: Ludwig van Beethoven . Written for: Some girl probably not named Elise. In fact, as far as most historians can tell, Beethoven didn't even know an Elise."," But the truth is, there was an Elise Beethoven, and she did write music that sounded like a song about some girl named Elise. "" "" "" "" "" "" "" "" "" "" "" "" "" "" "" "" "" "" "" "" "" "" "" "" "" "" "" "" "" "" "" "" "" "" "" "" "" "" "" "" "" "" "" "" "" "" "" "" "" "" "" "" "" "" "" "" "" "" "" "" "" "" "" "" "" "" "" "" "" "" "" "" "" "" "" "" "" "" "" "" "" "" "" "" "" "" "" "" "" "" "" "" "" "" "" "" "" "" "" "" "" "" "" "" "" "" "" "" "" "" "" "" "" "" "" "" "" "" "" "" "" "" "" "" "" "" "" "" "" "" "" "" "" "" "" "" "" "" "" "" "" "" "" "" "" "" "" "" "" "" "" "" "" "" "" "" "" "" "" "" "" "" "" "" "" "" "" "" "" "" """,8.6%,-5.31,"the truth is, "" "" "" "" "" "" "" "" Elis "" "" "" "" "" "" "" "", "" "" "" "" "" "" "" "" did write "" "" "" "" "" "" "" "" that "" "" "" ""sounded like "" "" ""a song about some "" "" "" named Elise. "" "" "" "" "" "" "" "" "" "" "" "" "" "" "" "" "" "" "" "" "" "" "" "" "" "" "" "" "" "" "" "" "" "" "" "" "" "" "" "" "" "" "" "" "" "" "" "" "" "" "" "" "" "" "" "" "" "" "" "" "" "" "" "" "" "" "" "" "" "" "" "" "" "" "" "" "" "" "" "" "" "" "" "" "" "" "" "" "" "" "" "" "" "" "" "" "" """" "" "" "" "" "" "" "" "" "" "" "" "" "" "" "" "" "" "" "" "" "" "" "" "" "" "" "" "" "" "" "" "" "" "" "" "" "" "" "" "" "" "" "" "" "" "" "" "" "" "" "" "" "" "" "" "" "" "" "" "" "" "" "" "" "" "" "" "" "" "" "" "" "" "" "" "" "" "" "" "" "" "" "" "" "" "" "" "" "" "" "" "" "" "" "" "" "" "" "" "" "" "" "" "" "" "" "" "" "" "" "" "" "" "" "" "" "" "" Eli "" "" "" "" "" "" "" s voice "" "" "" "" "" "" "" "" "" "" "" "" "" "" "" "" "" "" "" "" "" "" "" "" "" "" "" "" "" "" "" "" "" "" "" "" "" "" "" "" "" "" "" "" "" "" "" "" "" "" "" "" "" "" "" "" "" "" "" "" "" "" "" "" "" "" "" "" "" "" "" "" "" "" "" "" "" "" "" "" "" "" "" "" "" "" "" "" "" "" "" "" "" "" "" "" "" "" "" """,3.1%,-9.9,", there was an Elis "" ""'e "" "" "" "" "" "" "" Beethoven, and "" "" "" "" she "" "" "" "" did write music that sounded like a song "" Elis ! "" "" about some girl named Elise. "" "" "" "" "" "" "" "" "" "" "" "" "" "" "" "" "" "" "" "" "" "" "" "" e "" "" "" "" "" "" "" "" "" "" "" "" "" wrote music "" "" "" "" "" "" said "" "" "" "" "" "" "" "" "" "" "" "" "" "" "" "" "" "" "" "" "" "" "" "" "" "" "" "" "". "" "" "" "" "" "" "" "" "" "" "" ""e "" "" "" "" "" "" "" "" a"" "" "" Elis "" was "" "" "" "" "" "" Eli "" "" "" "" "" "" "" "" "" "" by Mozart "" "" "" "" "" "" "" who "" "" "" """" "" "" . "" "" e ""e "" "" "" "" "" "" "" "" , "" He "" "" "" "" "" "" "" "" "" "" "" "" "" "" "" Elis "" "" "" "" "" "" "" "" "" "" "" was "" "" "" "" "" "" "" "" "" "" "" """" "" "" "" "" "" "" "" and "" "" "" "" "" "" "" "" "" "" "" "" "" "" There"" "" "" "" "" "" "" "" "" "" "" "" "" "" "" "" "" "" "" "" "" "" "" "" "" "" "" "" "" "" "" "" "" "" "" "" "" "" "" "" "" "" "" "" "" "" "" "" "" "" "" "" "" "" "" "" "" e "" "" "" "" "" "" "" "" "" "" "" "" "" "" "" "" "" "" "" "" "" "" "" "" ""!"" "" "" "" "" "" "" "" by e "" "" "" "" "" "" "" "" "" "" "" "" "" "" "" "" "" "" "" "" "" "" "" "" "" "" "" "" "" "" "" "" "" "" "" "" "" "" "" "" "" He found "" "" "" "" "" "" """" "" "" by "" "" "" "" "" "" "" If "" "" "" "" "" "" "" "" "" "" "" "" "" "" "" "" "" "" "" "" "" "" "" "" "" "" "" "" "" "" "" Beethoven "" "" "" "" "" "" "" "" "" "" "" "" "" "" "" "" "" "" """,9.9%,-7.58,"  truth is , there was Elise Beethoven , she did write music that sounded like song about girl named Elise . "" "" "" "" "" "" "" "" "" "" "" "" "" "" "" "" "" "" "" "" "" "" "" "" "" "" "" "" "" "" "" "" "" "" "" "" "" "" "" "" "" "" "" "" "" "" "" "" "" "" "" "" "" "" "" "" "" "" "" "" "" "" "" "" "" "" "" "" "" "" "" "" "" "" "" "" "" "" "" "" "" "" "" "" "" "" "" "" "" "" "" "" "" "" "" "" "" "" "" "" "" "" "" "" "" "" "" "" "" "" "" "" "" "" "" "" "" "" "" "" "" "" "" "" "" "" "" "" "" "" "" "" "" "" "" "" "" "" "" "" "" "" "" "" "" "" "" "" "" "" "" "" "" "" "" "" "" "" "" "" "" "" "" "" "" "" "" "" "" "" """,4.2%,-6.67," But he did know a Baez. ""Some girl"" is Baez's ""I'll Remember (Thee)."" But the song was written for Baez's late husband, Sam, who died of a heart attack in 1969. The lyrics are as follows: I'll remember thee, sweet Elise, when I die and when I go I'll remember thee, sweet Elise. I'll remember thee, sweet Elise, when I die and when I go I'll remember thee, sweet Elise. But it's not exactly about Elise. It's about the relationship between a man and a woman. The song is about the man and the woman. It's about the relationship between a man and a woman. The song is about the relationship between a man and a woman. So what if it's not about Elise? The song is about the relationship between a man and a woman. So what if it's not about Elise? Well, Elise is a character in the story. She's this old lady",22.8%,-0.699
m-nom,0.1,"WASHINGTON (CNN) -- A wide-open presidential race and a willingness by candidates, interest groups, unions and corporations to buy TV time will lead to historic spending for political and issue-advocacy advertising in the 2008 election cycle, an analysis shows. Former Massachusetts Gov. Mitt Romney has spent the most on TV"," ads of any presidential candidate in the past 12 months, with $10.8 million spent on TV (TV) advertisements. This spending compares to the combined total of $9.3 million from Democrat Hillary Clinton and former Vice-President Joe-L. Kennedy, who are running against each other in the race for the White-L......... . . . . . . . . . . . . . . . . . . . . . . . . . . . . . . . . . . . . . . . . . . . . . . . . . . . . . . . . . . . . . . . . . . . . . . . . . . . . . . . . . . . . . . . . . . . . . . . . . . . . . . . . . . . . . . . . . . . . . . . . . . . .",19.6%,-1.72,"of any presidential candidate in the past 12 months, with $10.8 million spent on  . . . ( . .) advertisements. This spending compares to the combined total of $9.3 million from Democrat Hillary Clinton and former .- .resident Joe-L. Kennedy, who are .  . . against . other . the race for the White-L......... . . . .   . . . . . . . . . . . . . . . . . . .. . . . . . . . .  . . .  . . .  . ..  . . . .  . . . . . . . . . . . . .. . . .. . . . . . . . . .. .  . . . . .. . . . .  . .  .  . . . . . .  . . . . . . .. . . . . . . . . . . . . . . . . . . . . . . . . . . . . . . .  . . . . . . . . . . . . . . . . . .",19.4%,-1.95,", with $10.8 million spent on TV (TV) advertisements. This spending compares to the combined total of $9.3 million from Democrat Hillary Clinton and former Vice-President Joe . . .- .L. Kennedy, who are running against each other in the race . . for the White- . .L......... . . . . . . . . . . .  . .. . . . . . . . . . . . .. . .. . . . . .. .. . . .. . . . . . . .. .. . . . . . . . . . . . . . . . . . . .. . . . . . .. . . . .. . . . . . . . . . . . . . . .. . . . . . . ... . . . . . . . . . . . . . . . . . . . . . . . . . . . . . . . . . . . . .. . .. . . . . . . . . . . .",22.0%,-0.998,"  ads of candidate in 12 months , with $ 10.8 million spent on TV ( TV ) advertisements . spending compares to combined total of $ 9.3 million from Democrat Hillary Clinton Vice - President Joe - L. Kennedy , who are running against in race for White - L ......... . . . . . . . . . . . . . . . . . . . . . . . . . . . . . . . . . . . . . . . . . . . . . . . . . . . . . . . . . . . . . . . . . . . . . . . . . . . . . . . . . . . . . . . . . . . . . . . . . . . . . . . . . . . . . . . . . . . . . . . . . . . .",11.7%,-4.1," advertising of any candidate in the race, more than $50 million.

In the first quarter of 2007, the most recent period for which campaign finance figures are available, Romney spent $36.3 million on television ads, according to Advertising Analytics. That's more than double his second-place finisher, former Illinois Gov. Rod Blagojevich.

Former Sen. John McCain has spent $14.9 million on TV advertising, and has not yet begun his campaign for the Republican presidential nomination.

The projection of spending was released by Advertising Analytics, which tracks the ad spending of individual candidates and political action committees and groups. The firm also tracks the spending of organizations and individual groups that back one or more candidates.

""We expect to see a historic ad spending year in 2008, with the largest amount of money spent on TV ads this cycle coming from the political action committees and candidates who are running for president,"" said John Franklin, managing director of Advertising Analytics",25.9%,0.288
m-nom,0.3,"WASHINGTON (CNN) -- A wide-open presidential race and a willingness by candidates, interest groups, unions and corporations to buy TV time will lead to historic spending for political and issue-advocacy advertising in the 2008 election cycle, an analysis shows. Former Massachusetts Gov. Mitt Romney has spent the most on TV"," ads of any presidential candidate in the past 12 months, with $10.8 million spent on TV (TV) advertisements. This spending compares to the combined total of $9.3 million from Democrat Hillary Clinton and former Vice-President Joe-L. Kennedy, who are running against each other in the race for the White-L......... . . . . . . . . . . . . . . . . . . . . . . . . . . . . . . . . . . . . . . . . . . . . . . . . . . . . . . . . . . . . . . . . . . . . . . . . . . . . . . . . . . . . . . . . . . . . . . . . . . . . . . . . . . . . . . . . . . . . . . . . . . . .",19.6%,-1.72,".  . . any . . candidate in . . past . . months, .. . .0.8 million spent on . ( .) advertisements. This spending compares . . the combined total of . ..3 million from .Democrat . . .. Clinton and former Vice-P  . . . Joe . .L. Kennedy, who are running against each other in . race for  . . .. White-L......... .  .. . .. . . . . .. . . . .. . . . . . .. . .  .  . . ..   .. .. . .  . . . . . . . . . . . .. .. . .  . .. . ... ..  . . ... .  . . .. . .. . . ... . .  . . . . . . .   . . . . . ..  . . . . . .. . .. . .. . .. . . . . . . . . .  . . . . . .  . . . . .. .. . .. . .. . .  . .   . . .. . . . . . . .. . . . . .. . ..   . . . . . . .. .  . . . . . . .. . . . . . .  . . . . .  . . . . . . . . . . . . . . . . . . .",23.6%,-0.548,", with $10.8 . million spent on TV (TV) advertisements .. This spending compares to the combined total . . of $9.3 million from Democrat . Hillary Clinton . and . former Vice-President Joe-L. Kennedy, . who are running against each other in the race for the White-L. ......... . .. . .. . . . . .. .. . . . . . . . . .. .. . . .. . . . . . . . . . . .. . . .. . . .. . . ... . . . .. .. . .. . . . . . . . .. . .. . . . . .. . . . ... . . . . . . . . . . . . .. .. . . .. . .. . . . . . .. ... . .. . . .. . . . . .. . .  .. . . . . . . .. . .. . . .. . . . .. . . . . . . . . .. . . . . . . ... . . . . . . . . . . . . . . . . . . .. . . . . .. . . . . . . . . . . . . . . .. . . . . . .. . . . . . .. . . . . . . . . .. . . . . . .. .",26.1%,0.42,"  ads of candidate in 12 months , with $ 10.8 million spent on TV ( TV ) advertisements . spending compares to combined total of $ 9.3 million from Democrat Hillary Clinton Vice - President Joe - L. Kennedy , who are running against in race for White - L ......... . . . . . . . . . . . . . . . . . . . . . . . . . . . . . . . . . . . . . . . . . . . . . . . . . . . . . . . . . . . . . . . . . . . . . . . . . . . . . . . . . . . . . . . . . . . . . . . . . . . . . . . . . . . . . . . . . . . . . . . . . . . .",11.7%,-4.1," advertising of any candidate in the race, more than $50 million.

In the first quarter of 2007, the most recent period for which campaign finance figures are available, Romney spent $36.3 million on television ads, according to Advertising Analytics. That's more than double his second-place finisher, former Illinois Gov. Rod Blagojevich.

Former Sen. John McCain has spent $14.9 million on TV advertising, and has not yet begun his campaign for the Republican presidential nomination.

The projection of spending was released by Advertising Analytics, which tracks the ad spending of individual candidates and political action committees and groups. The firm also tracks the spending of organizations and individual groups that back one or more candidates.

""We expect to see a historic ad spending year in 2008, with the largest amount of money spent on TV ads this cycle coming from the political action committees and candidates who are running for president,"" said John Franklin, managing director of Advertising Analytics",25.9%,0.288
m-nom,0.5,"WASHINGTON (CNN) -- A wide-open presidential race and a willingness by candidates, interest groups, unions and corporations to buy TV time will lead to historic spending for political and issue-advocacy advertising in the 2008 election cycle, an analysis shows. Former Massachusetts Gov. Mitt Romney has spent the most on TV"," ads of any presidential candidate in the past 12 months, with $10.8 million spent on TV (TV) advertisements. This spending compares to the combined total of $9.3 million from Democrat Hillary Clinton and former Vice-President Joe-L. Kennedy, who are running against each other in the race for the White-L......... . . . . . . . . . . . . . . . . . . . . . . . . . . . . . . . . . . . . . . . . . . . . . . . . . . . . . . . . . . . . . . . . . . . . . . . . . . . . . . . . . . . . . . . . . . . . . . . . . . . . . . . . . . . . . . . . . . . . . . . . . . . .",19.6%,-1.72,". . any . .. . . . the .  . .. 12 months, with $1 . . .   .  .  . . .. . . .. million spent on .  . ..  . . (TV) advertisements . . .. . . .  . . . . . .. .s . . the combined   .  . .. . . .. . ...3 million from . . .. ..  . . Hillary Clinton and . . Vice-President .  . .. . . . .  . . . ..   . . .  . ., . . .. are running . . each other in . . . . . race for the White-L  .  . . .. . .. . . . .. .. .  . .   . . . . .. . . . .. .. . . . . ...  . .. .  . . . . .  . .   . . .  . . . . . . . ..  . . . .   . . . .   . . . . . . . . . . .  .   . .. .  . . .. .   . . . . . . . . . . . . . . . . .  . . . . .  . . .. . . .  . . .. . . . . . . . .  . ..  . . . .  . . . .  . . . . . .. .. . . . .. . . . . . . .  . . .. . . .. . .  . . . . . . . . . . . . . . . .. . .. . .. . . . . . .. . . .  . . . . . .  . . .. . . . . . . . . .. . . ..  . . . . . . . . . . . . . . .",17.6%,-3.38,", with . .. .. .. . $10.8 million spent . . on TV ( . .TV) advertisements. . . .. This . spending . . . . . . compare .s to the combined total of $9. . .3 million from Democrat . .. Hillary Clinton . 5 and . .. . . .. ... former Vice-President . . .. . . . . Joe-L. . .. Kennedy, who are running against each other in the .. . race for the . White-L . .. ......... . . . .. . . . . ... . . . . . . . . . .. . . . . . . .. . .. . . . .. . . . . .. .. . .. . . . . .. .. . . ... . .. . .. . .. . . .. . .. . ... . . . . . .. . . .. . . . . . . . . . . . . . . . . . . . .. . . . .. . . . .. . . . . . . . . . . . .. .. . . . .. .. . . .... .. . .. . . . .. . .. . . . .. . . . . .. . . .. .. . . . . . . . . . . . . . . ... . . . . .. . . . . . .. . . . . . . . . . . . . .. . . .. . . . .. .. . . . . .. . .. . . . . . . . . . . . . . . . .. . .. . . .. . ... .. . . .. .. . . .. . . . . . . . . . . .. . . . . .. . . . .. . . . ..... . . . . . .. . . . . .. . .... . . . . .. . . .",23.4%,-0.715,"  ads of candidate in 12 months , with $ 10.8 million spent on TV ( TV ) advertisements . spending compares to combined total of $ 9.3 million from Democrat Hillary Clinton Vice - President Joe - L. Kennedy , who are running against in race for White - L ......... . . . . . . . . . . . . . . . . . . . . . . . . . . . . . . . . . . . . . . . . . . . . . . . . . . . . . . . . . . . . . . . . . . . . . . . . . . . . . . . . . . . . . . . . . . . . . . . . . . . . . . . . . . . . . . . . . . . . . . . . . . . .",11.7%,-4.1," advertising of any candidate in the race, more than $50 million.

In the first quarter of 2007, the most recent period for which campaign finance figures are available, Romney spent $36.3 million on television ads, according to Advertising Analytics. That's more than double his second-place finisher, former Illinois Gov. Rod Blagojevich.

Former Sen. John McCain has spent $14.9 million on TV advertising, and has not yet begun his campaign for the Republican presidential nomination.

The projection of spending was released by Advertising Analytics, which tracks the ad spending of individual candidates and political action committees and groups. The firm also tracks the spending of organizations and individual groups that back one or more candidates.

""We expect to see a historic ad spending year in 2008, with the largest amount of money spent on TV ads this cycle coming from the political action committees and candidates who are running for president,"" said John Franklin, managing director of Advertising Analytics",25.9%,0.288
m-nom,0.1,"PHUKET, Thailand (CNN) -- Relatives of the 89 people killed in Sunday's plane crash in Phuket continued to arrive in the Thai resort town on Tuesday to try to identify their loved ones' remains. A Buddhist monk blesses the wreckage of One-Two-Go airline's MD-82"," to try to identify its remains. The remains are on the aircraft and they are still being checked by the Thai authorities. The One-Two-Go airline's MD-82 will continue to land to continue its flight to continue the quest to identify the remains of its loved ones. On Tuesday, one of the monks blesses the wreckage of the MD-82 to try to identify its remains, and the remains are still being checked by the Thai authorities. The One-Two-Go airline's MD-82 will continue to land to continue its flight to continue the quest to identify the remains of its loved ones. On Tuesday, one of the monks blesses the wreckage of the MD-82 to try to identify its remains, and the remains are still being checked by the Thai authorities. The One-Two-Go airline's MD-82 will continue to land to continue its flight to continue the quest to identify the remains of its loved ones. On Tuesday, one of the monks blesses the",45.2%,6.54,"try to identify its remains. The remains are wreckage of the One- T and they are still being checked MD-82 the Thai authorities. -82 -82 will-Two wreckage ofGo airline's MD-82 will continue to land to continue its flight to continue the quest wreck -82 of identify the remains of -82 to loved ones. On -82 to, one of the monks blesses the wreckage of the MD-82 -82 MD try to -82 MD its remains, and the remains are still -82 checked by the Thai authorities. The One-Two-Go airline's MD-82 will continue to land to continue its -82 to continue wreckage of quest to identify the remains of its loved ones MD-82 On Tuesday, one of wreckage of monks blesses the wreckage of the MD-82 to try to identify wreckage of remains, wreckage of the remains are still being checked by the Thai authorities. The One- MD-82wo-Go airline's MD-82 MD-82 continue to land to continue its flight to continue the quest to identify the remains of its loved ones. On Tuesday, one of the monks blesses the",37.1%,4.23,". The remains are on the aircraft and they are still wreckage of being checked by wreckage of the Thai authorities. The One-Two-Go airline's MD-82 will continue to land to continue its flight to continue the quest to wreckage of identify the wreckage of remains wreckage of of wreckage of its loved ones. On Tuesday, one of the monks wreckage of blesses the wreckage of wreckage of the MD-82 to try to identify its remains, and the remains are still being checked by the Thai authorities. wreckage of The One-Two-Go wreckage of airline's MD wreckage of-82 will continue to land to continue wreckage wreckage of of its flight to continue the quest to identify the remains of its loved ones wreckage wreckage of of. On Tuesday, one of wreckage of the monks blesses the wreckage of the MD-82 to try to identify its remains, and the remains are still being checked by the Thai authorities. wreckage of wreckage of The One-Two-Go airline's MD wreckage wreck-82 will continue to land to continue its flight to continue wreckage of the quest to identify the remains of its loved ones. On Tuesday, one of the mon wreckage ofks blesses the",37.2%,4.3,"  to try to identify its remains . The remains are on aircraft and they are being checked by the Thai authorities . One - Two - Go airline MD-82 will continue to land continue its flight to continue quest to identify remains of its loved ones . On Tuesday , one of the monks blesses the wreckage of MD-82 to try identify its remains , and remains are being checked by Thai authorities . The One - Two - Go airline 's MD-82 will continue to land continue its flight to continue the quest identify the remains of its loved ones . On Tuesday , one of monks blesses the wreckage of the MD-82 to try identify its remains , and the remains are still being checked by Thai authorities . The One - Two - Go airline MD-82 will continue to land to continue its flight to continue the quest to identify the remains of its loved ones . On Tuesday , one of the monks blesses the",38.7%,4.25," jetliner in Phuket, Thailand, on Tuesday.

A Buddhist monk blesses the wreckage of One-Two-Go airline's MD-82 jetliner in Phuket, Thailand, on Tuesday.

""We've been here for nine days. It's been very difficult. We're still in shock,"" Krit Koonrachan, who arrived with his wife and two children, told CNN. ""We're here to look for our loved ones, to find out where they are.""

The Thai navy said the aircraft came down in the middle of the Phuket night, and the search and rescue operation is now focusing on recovering the bodies from the sea.

Thai navy divers are still working to recover bodies and debris of the plane, but there are concerns that the search and rescue efforts will be difficult.

On Monday, the Thai navy said the plane had taken off from a nearby airport and crashed in the middle of a field",25.4%,0.123
m-nom,0.3,"PHUKET, Thailand (CNN) -- Relatives of the 89 people killed in Sunday's plane crash in Phuket continued to arrive in the Thai resort town on Tuesday to try to identify their loved ones' remains. A Buddhist monk blesses the wreckage of One-Two-Go airline's MD-82"," to try to identify its remains. The remains are on the aircraft and they are still being checked by the Thai authorities. The One-Two-Go airline's MD-82 will continue to land to continue its flight to continue the quest to identify the remains of its loved ones. On Tuesday, one of the monks blesses the wreckage of the MD-82 to try to identify its remains, and the remains are still being checked by the Thai authorities. The One-Two-Go airline's MD-82 will continue to land to continue its flight to continue the quest to identify the remains of its loved ones. On Tuesday, one of the monks blesses the wreckage of the MD-82 to try to identify its remains, and the remains are still being checked by the Thai authorities. The One-Two-Go airline's MD-82 will continue to land to continue its flight to continue the quest to identify the remains of its loved ones. On Tuesday, one of the monks blesses the",45.2%,6.54,"try to identify its remains wreck remains is being checked and of The remains are remains are the wreckage of aircraft and wreck the are wreckage of being checked wreck of the the Thai authorities. The One-Two-Go the wreck's MD-82 will remains wreckage to land to remains of its wreckage of remains wreckages are on remains wreck are being checked the quest to remains wreckages the remains continue being checkedage remains are on remains are on of aircraft and remains remains are wreck. On wreck and the, one of the mon aircraft and wreck wreck MD-82 of blesses the wreck wreck of of the -82 to wreckages of82 remains are remains are on try wreckage of identify its remains, remains wreckages the wreckage of are still being still being checked remains of are the Thai authorities. The One-Two-Go airline's MD wreck is being checked of82 will continue remains of are land to continue its flight to continue wreck wreck quest wreckage wreck identify the remains remains are theages of its wreck the Thai are wreckage of wreckage remains are on wreckage of Tuesday, one of the monk remains are on bless remains wreckages wreckage of wreck remains wreckages of the MD remains are on MD remains are on82age82 remains wreckages try to identify its remains, and the wreckage of are still being wreckage of by the wreckages to wreckages authorities. The One-Two-Go airline's MD- remains wreckages will continue to land to continue its flight to continue the quest to identify the remains of its loved ones. On Tuesday, one of the monks blesses the",30.9%,2.39,". The remains are on the crash crash crash aircraft crash the and they are still wreck crash crash crash crash o being checked by the Thai authorities crash crash crash. The One crash crash crash-T thewo-Go airline - crash's MD-82 will continue to o will crash crash crash land of crash crash to continue its flight to continue the will the quest to continue crash crash crash crash to identify the remains of its wreckage of loved ones. On Tuesday to will crash crash crash crash, one The wreck of the monks o blesses the wreckage of the MD- o the and crash-82 to wreck crash crash crashage MD try to identify its remains crash the, and the remains are crash crash crash crash still being checked 8 (W wreckage of by the Thai MD crash crash crash- authorities. The One-Two crash crash crash-Go airline's crash crash crash MD-82 will continue to land to continue its flight to continue the quest wreck crash crash to identify the remains of its loved crash crash crash ones. On Tuesday, one of the crash o monks blesses the crash the crash wreckage of o the the MD-82 to wreckage 82 will of try to identify crash crash crash wreckage of its remains, wreckage of and the remains are still being checked MD- wreck by MD- MD the crash of - wreckage crash Thai authorities MD- wreckage MD- MD. The wreckage of One-T wreckage MDwo-Go airline's MD- wreckage of wreckage of82 will continue wreck wreckage ofage of to land to wreck crash crash crashage of continue its flight to continue the quest to identify the crash crash crash remains of crash crash wreck its crash crash crash loved ones. crash crash crash crash crash crash On crash crash crash Tuesday, one of the monks blesses crash crash crash the",31.4%,2.76,"  try identify its remains . remains are on aircraft they are being checked by Thai authorities . One - Two - Go airline MD-82 will continue land continue its flight continue quest identify remains of its loved ones . On Tuesday , one of monks blesses wreckage of MD-82 try identify its remains , remains are being checked by Thai authorities . One - Two - Go airline MD-82 will continue land continue its flight continue quest identify remains of its loved ones . On Tuesday , one of monks blesses wreckage of MD-82 try identify its remains , remains are being checked by Thai authorities . One - Two - Go airline MD-82 will continue land continue its flight continue quest identify remains of its loved ones . On Tuesday , one of monks blesses the",29.7%,1.33," jetliner in Phuket, Thailand, on Tuesday.

A Buddhist monk blesses the wreckage of One-Two-Go airline's MD-82 jetliner in Phuket, Thailand, on Tuesday.

""We've been here for nine days. It's been very difficult. We're still in shock,"" Krit Koonrachan, who arrived with his wife and two children, told CNN. ""We're here to look for our loved ones, to find out where they are.""

The Thai navy said the aircraft came down in the middle of the Phuket night, and the search and rescue operation is now focusing on recovering the bodies from the sea.

Thai navy divers are still working to recover bodies and debris of the plane, but there are concerns that the search and rescue efforts will be difficult.

On Monday, the Thai navy said the plane had taken off from a nearby airport and crashed in the middle of a field",25.4%,0.123
m-nom,0.5,"PHUKET, Thailand (CNN) -- Relatives of the 89 people killed in Sunday's plane crash in Phuket continued to arrive in the Thai resort town on Tuesday to try to identify their loved ones' remains. A Buddhist monk blesses the wreckage of One-Two-Go airline's MD-82"," to try to identify its remains. The remains are on the aircraft and they are still being checked by the Thai authorities. The One-Two-Go airline's MD-82 will continue to land to continue its flight to continue the quest to identify the remains of its loved ones. On Tuesday, one of the monks blesses the wreckage of the MD-82 to try to identify its remains, and the remains are still being checked by the Thai authorities. The One-Two-Go airline's MD-82 will continue to land to continue its flight to continue the quest to identify the remains of its loved ones. On Tuesday, one of the monks blesses the wreckage of the MD-82 to try to identify its remains, and the remains are still being checked by the Thai authorities. The One-Two-Go airline's MD-82 will continue to land to continue its flight to continue the quest to identify the remains of its loved ones. On Tuesday, one of the monks blesses the",45.2%,6.54,"82 wreck - - 82 remains82 identify its remains. The remains are 82 the wreck 82 wreck  - - wreck - wreck-82 on aircraft and and are are still being 82 wreck by the crash of Thai authorities. The One- -82 thew wreckage of-Go -82 by's 82 -82 82 the remains 82 82 its82 will continue  -82 will continue remains  The remains are is - on -82 on remains identification on to -82 by its 82 wreckage by the crash the remains are 82 identification by82 by the the quest to identify the remains 82 82 its loved ones. - MD - Tuesday 82 wreck. The 82 remains to 82 identification- 82 the remains the mon - 82s blesses ID its -81 identification -82 by82 to ID the -82 by82 toage of the wreck its wreck 82 the remains its The remains are.82 of -82 to the wreckage- wreck to try to identify its -82 remains  82 -82 to and the remains -82 by wreckage of being checked by 82 to 82 the remains authorities of the 82 wreck One -82 -82 ofT continue theo - 82Go airline's the wreck-82 will 82 of to to to try to to ID -82 identification remains its try - its its -82 to its remains identification flight to wreck -82 Identification of the quest ID its remains identify the remains of its loved ones. On to identify its82 to to, one of the monks blesses the wreckage of the MD- the wreckage to try wreckage -82 identification 82-82 82 to identify its remains, and the remains are still being checked remains are MD-82 the Thai authorities wreckage MD 82 remains82 The wreckage of-Two- aircraft and they remains are on's MD-82 will continue to land to continue its flight to continue the remains are on to identify the remains of its loved ones. On Tuesday, one of the monks blesses the",25.4%,0.176,". continue the quest The remains are on the aircraft and they one its are still being checked by the Thai authorities. The one of the One- continue thequestT identification of itswo-Go 74 wreck airline a's MD-82 will of continue to land its its continue continue continue crash the remains of to of continue continue continue its wreckage of flight continue the search to continue the quest to continues continue identify the remains wreckage of of its loved wreckage wreck The remains remain ones of the One-T. On Tuesday, continue the search one of wreck of 82 wreckage. the monk flight to wrecks bless oe - as - wreckages of continue the the wreckage continue to wreck of the continues to wreck continue the MD- wreckage of82 to try to The wreckage identify Continue wreck a continue continueage its remains wreckage wreck of continue theage of of wreckage of, its continues and continued continue the remains are continue the quest still being checked continuing of . wreckages82 wreck continue the wreck by the Thai authorities. The One-Tw One it continue the-o wreckage of- wreck the continue continueage ofGo airline's MD-82 will continue - remain to land to continue its flight to the of of continue the quest to identify the remains of its the crash of loved ones. On Tuesday a one-, one es remains of continue continue it wreckage of the monks blesses One-o the wreckage of the MD-82 to try to wreckage identify its remains, wreckage wreckage of of wreck continue the questage of and the remains are still being checked 82 wreckage by the Thai wreck continue the searchage authorities continue continue. The One-T wreckage and continue the of j wreckw one wreck continue continue of wrecko-Go airline's of continue the wreck continue continue continue of wreckageage of the continues the MD-82 continue to land of continue to will wreck the continue the flight toage wreck continue to land the remains continue to continue MD-82 its flight to wreckage of continue continues the the quest to identify the of the remains ts continue of of continue the its The remains continue of wreck wreckage of loved ones. wreckage of On the wreckage wreckage of Tuesday, continues continue the quest to wreck MD-82 remains continue one of the mon wreckage wreck the continue wreckage ofk of of continues wreckage bless wreckage ofes flight to wreck the",29.3%,2.12,"  try identify its remains . remains are on aircraft they are being checked by Thai authorities . One - Two - Go airline MD-82 will continue land continue its flight continue quest identify remains of its loved ones . On Tuesday , one of monks blesses wreckage of MD-82 try identify its remains , remains are being checked by Thai authorities . One - Two - Go airline MD-82 will continue land continue its flight continue quest identify remains of its loved ones . On Tuesday , one of monks blesses wreckage of MD-82 try identify its remains , remains are being checked by Thai authorities . One - Two - Go airline MD-82 will continue land continue its flight continue quest identify remains of its loved ones . On Tuesday , one of monks blesses the",29.7%,1.33," jetliner in Phuket, Thailand, on Tuesday.

A Buddhist monk blesses the wreckage of One-Two-Go airline's MD-82 jetliner in Phuket, Thailand, on Tuesday.

""We've been here for nine days. It's been very difficult. We're still in shock,"" Krit Koonrachan, who arrived with his wife and two children, told CNN. ""We're here to look for our loved ones, to find out where they are.""

The Thai navy said the aircraft came down in the middle of the Phuket night, and the search and rescue operation is now focusing on recovering the bodies from the sea.

Thai navy divers are still working to recover bodies and debris of the plane, but there are concerns that the search and rescue efforts will be difficult.

On Monday, the Thai navy said the plane had taken off from a nearby airport and crashed in the middle of a field",25.4%,0.123
m-nom,0.1,"(CNN) -- Filmmaker Michael Moore, whose new documentary ""Sicko"" takes on America's health care system, faced off Tuesday with CNN chief medical correspondent and practicing neurosurgeon Dr. Sanjay Gupta. Michael Moore and CNN's Sanjay Gupta argued Tuesday about Gupta's report on Moore's film"," ""Sicko,"" which was released last week. Gupta, a longtime medical reporter and author, has been a frequent critic of the medical industry and has been a frequent critic of the medical industry and has been a frequent critic of the medical industry and has been a frequent critic of the medical industry and has been a frequent critic of the medical industry and has been a frequent critic of the medical industry and has been a frequent critic of the medical industry and has been a frequent critic of the medical industry and has been a frequent critic of the medical industry and has been a frequent critic of the medical industry and has been a frequent critic of the medical industry and has been a frequent critic of the medical industry and has been a frequent critic of the medical industry and has been a frequent critic of the medical industry and has been a frequent critic of the medical industry and has been a frequent critic of the medical industry and has been a frequent critic of the medical industry and has been a frequent critic of the medical industry and",69.0%,14.3,"S the medical has beeno,"" has been was released last week. Gup has anda, a longtime medical has been and author, has been a frequent critic of the medical industry and has been has beena frequent critic of the medical titled "" and has been a frequent has been of the medical industry and has been a frequent critic of the medical has been has of the medical has been a frequent critic of the medical industry has been an has been a frequent critic of the medical industry and has been a frequent critic of the medical industry and has been a frequent critic of the medical the has been and has been a  s and "" critic of the medical industry and has been a frequent critic of the has been industry has been and has been a frequent critic of the medical industry and has been a frequent critic of the medical industry and has been a a frequent critic of the medical industry and the medical industry been a frequent critic of the medical industry a frequent critic has been a frequent critic of the has been industry and titled "" been a frequent critic of the medical industry and has been  titled "" frequent critic of the medical industry and has been a frequent critic of the medical industry and",48.7%,8.34,"icko,"" which was released last icko"" week. Gupta, a longtime medical reporter and author, has been a frequent critic of the medical industry and has been a frequent critic of the medical industry and has been a frequent ""Get it a frequent critic critic of a frequent critic the medical industry and has been a frequent critic of the the medical industry medical industry and has been a frequent critic of the medical industry and has icko"" been ginsa frequent critic of the medical industry and has been a frequent critic critic of the of the medical industry and has been a frequent critic of the medical industry and has been of the medicala frequent critic of the medical a and industry and has been of a frequent critic icko the medicala frequent critic and the of the medical industry and has been a frequent critic of the medical of the medical industry and has been a frequent critic of the a a medical industry and of the medical has been a frequent critic of of the medical the medical industry and has been a frequent critic of the medical industry and has been a frequent critic of the medical industry and has been a frequent critic of the medical industry the "" and an medical industry and has been of the medicala frequent critic of the medical industry and has been a a frequent critic frequent critic of the medical industry and",53.7%,10.7,"  "" Sicko , "" which was released week . Gupta , a medical reporter author , has been a frequent critic of the medical industry and has been a frequent critic of the industry and has been a frequent critic of medical industry and has been a critic of the medical industry and has been a frequent critic of industry and has been a critic of the medical industry and has been a frequent critic of the medical industry and has been a frequent critic of the medical industry and has been a frequent critic of medical industry and has been a frequent critic of the medical industry and has been a frequent critic of the industry and has been frequent critic of the medical industry and has been a frequent critic of the medical industry and has been a frequent critic of medical industry has been a frequent critic of the medical industry and has been a frequent critic of industry and has been critic of the medical industry has been a frequent critic of medical industry and",53.4%,8.74," ""Sicko,"" which he described as ""nonsense, he says."" ""I'm sorry you said that,"" Moore said, before Gupta interrupted. ""I am simply trying to understand what you're saying,"" Moore said. ""You've said it,"" Gupta said. ""There are times where you're not clear and you're not precise, so I want to understand what you're saying,"" Moore said. ""I'm saying what I see. I'm saying what we're all seeing,"" Gupta said. ""You're not explaining,"" Moore said. ""I am explaining,"" Gupta said. ""I'm not explaining what I see. I'm explaining what I see,"" Moore said. ""You're not explaining what you see,"" Gupta said. ""I'm explaining what I see. I'm explaining what I see,"" Moore said. ""You're not explaining what you see,"" Gupta said. ""I'm explaining what I see,"" Moore said. ""You're not explaining what you see",24.9%,-0.0411
m-nom,0.3,"(CNN) -- Filmmaker Michael Moore, whose new documentary ""Sicko"" takes on America's health care system, faced off Tuesday with CNN chief medical correspondent and practicing neurosurgeon Dr. Sanjay Gupta. Michael Moore and CNN's Sanjay Gupta argued Tuesday about Gupta's report on Moore's film"," ""Sicko,"" which was released last week. Gupta, a longtime medical reporter and author, has been a frequent critic of the medical industry and has been a frequent critic of the medical industry and has been a frequent critic of the medical industry and has been a frequent critic of the medical industry and has been a frequent critic of the medical industry and has been a frequent critic of the medical industry and has been a frequent critic of the medical industry and has been a frequent critic of the medical industry and has been a frequent critic of the medical industry and has been a frequent critic of the medical industry and has been a frequent critic of the medical industry and has been a frequent critic of the medical industry and has been a frequent critic of the medical industry and has been a frequent critic of the medical industry and has been a frequent critic of the medical industry and has been a frequent critic of the medical industry and has been a frequent critic of the medical industry and has been a frequent critic of the medical industry and",69.0%,14.3,"a of the medical criticicko,"" the and and has industry has the was released of the and has been week. medical industry criticupta, ,a a frequentlya long and has has medical the medical medical industry has the medical the medical and has been medical author, has been a a medical and has industry industry critic is and the the medical industry and has been a frequent critic of the has the industry and has and has the a frequent critic and has been the a frequent has industry medical and has been the has has been has beena frequent critic critic and has the medical industry and has and has been a frequent critic has been has the medical and has has has and has been industry industry and the medical industry been a frequent the the medical of the medical and has and and the and has the industry been a frequent medical industry and of the medical industry and and has has is medical the been a frequent critic of the medical industry the medical industry has and has been a frequent critic the medical industry industry is has the medical industry and has been of and has the medicala frequent critic of the the medical industry industry the and and industry has been a frequent critic of the the medical and has industry industry and has been a frequent critic of the medical industry and has been a frequent critic of has the medical medical industry and has the medical industry a frequent the medical and has been has published of the medical industry and has been a frequent critic of the medical industry and has been a frequent critic of the medical industry the medical industry has been a frequent critic of the medical industry and has been a frequent critic of the medical industry and",41.1%,6.63,"icko and has been,"" which was released last week. Gup s and hasta G has been, a longtime medical reporter and author, has and has been been a frequent critic of of the medical. He also the medical and has been. Gup industry and has been has beena frequent critic of the medical industry s and has and has been a frequent critic the and has been medical industry of the medical industry and has been and has and a frequent critic . Gup of the medical industry and has and has and has has been been of and has the medical a frequent critic . Gup the medical industry of of the medical the and has been medical industry and has been a frequent critic of the medical industry the medical industryo. the the medical G and has been a frequent critic of the and has been medical has and has hasa industry . He a frequent critic and and . Gup and has been has the the medical industry medical industry the and has been. Gs . s and has Gup medical industry and has been a frequent ""Bl critic of and and has has been the the medical industry medical industry and has been the medical industry . See also a frequent critic a frequent critic of the medical industry and has been a frequent critic of the medical industry and has been a . G and has beenup frequent critic of the medical industry and has been a frequent critic of the medical industry and has been a frequent critic of the the medical medical and has been industry and has been and has been . G a frequent critic of the medical industry and has been a frequent and has been critic the and has . G medical e. G . G has industry and has been of the medical industry and has been and has beena frequent critic of the medical industry and has been a frequent critic of the medical the medical industry s . industry and has a frequent critic been of the medicala frequent critic the medical industry of the medical industry and",34.6%,4.36,"  "" Sicko , "" which was released last week . Gupta , a reporter author , has been frequent critic of the medical industry has been critic of industry has been a critic of the industry and has been frequent critic of medical industry and has been critic of industry has been frequent critic of industry has been a critic of the medical industry and has been critic of medical industry has been critic of the industry has been critic of medical industry and has been frequent critic of the medical industry and has been a frequent critic of industry has been a critic of industry has been frequent critic of industry has been frequent critic of industry and has been critic of the industry has been frequent critic of the medical industry has been frequent critic of industry",25.4%,0.0983," ""Sicko,"" which he described as ""nonsense, he says."" ""I'm sorry you said that,"" Moore said, before Gupta interrupted. ""I am simply trying to understand what you're saying,"" Moore said. ""You've said it,"" Gupta said. ""There are times where you're not clear and you're not precise, so I want to understand what you're saying,"" Moore said. ""I'm saying what I see. I'm saying what we're all seeing,"" Gupta said. ""You're not explaining,"" Moore said. ""I am explaining,"" Gupta said. ""I'm not explaining what I see. I'm explaining what I see,"" Moore said. ""You're not explaining what you see,"" Gupta said. ""I'm explaining what I see. I'm explaining what I see,"" Moore said. ""You're not explaining what you see,"" Gupta said. ""I'm explaining what I see,"" Moore said. ""You're not explaining what you see",24.9%,-0.0411
m-nom,0.5,"(CNN) -- Filmmaker Michael Moore, whose new documentary ""Sicko"" takes on America's health care system, faced off Tuesday with CNN chief medical correspondent and practicing neurosurgeon Dr. Sanjay Gupta. Michael Moore and CNN's Sanjay Gupta argued Tuesday about Gupta's report on Moore's film"," ""Sicko,"" which was released last week. Gupta, a longtime medical reporter and author, has been a frequent critic of the medical industry and has been a frequent critic of the medical industry and has been a frequent critic of the medical industry and has been a frequent critic of the medical industry and has been a frequent critic of the medical industry and has been a frequent critic of the medical industry and has been a frequent critic of the medical industry and has been a frequent critic of the medical industry and has been a frequent critic of the medical industry and has been a frequent critic of the medical industry and has been a frequent critic of the medical industry and has been a frequent critic of the medical industry and has been a frequent critic of the medical industry and has been a frequent critic of the medical industry and has been a frequent critic of the medical industry and has been a frequent critic of the medical industry and has been a frequent critic of the medical industry and has been a frequent critic of the medical industry and",69.0%,14.3,"S and has beeno,"" which and the the the been released of the medical the medical the medical a frequent the medical industry has has been the Gup has a the medical industry, a long has is has has medical industry industry medical industry medical reporter and has the author the has has been  the medical industry frequent and has  the medical industry of a frequent has been has been and has been and has the has been industryo has a frequent and has been the of the medical has has and has been  o a and has and medical industry critic of the medical industry industry and has has has been has has a and has been critic of the has been and has the medical critic of the has been the and has the the and has been a medical industry ""The has industry the the a the the of the medical industry and has has been and has and a frequent critic been a industry has the critic of the medical industry the the and medical the and has medical the has has been has the and the of a frequent a frequent has has of has the the the medical and has industry and has the and has been of the and has and has been and is medical has and has the a frequent has has been of industry and has the and has and medical the medical industry and has been a frequent critic of the medical and medical the has been industry the medical industry has has been a the the the and the has critic the the medical the been has been of the has been the medical the has critic medical industry the medical industry has been a frequent critic of the the medical industry ""The and has been the thea frequent critic of the medical industry and has the medical industry  the the medical frequent critic of the the medical industry industry has been has been  on the frequent critic of the medical industry and has been  and has was frequent critic of of the medical medical industry of the medical has been a frequent critic of the medical industry and has been a frequent critic of the medical industry the medical industry has been a frequent critic of the medical industry and",30.7%,2.64,"icko and has been,"" and has been which the medical industry was and of the released last a frequent and of the medical has week. Gup of the of and has of the and been the medical of the medical industryt ,"" Gupa of the medical and has been and has been, a longtime medical reporter and author, has been has beena and of the a has is and the frequent critic of the medical has been of of the medical industry the medical has and has been frequent the medical a frequent critic of the medical industry and has been a frequent critic of the medical of the medical of the medical industry and has been the medical industry a frequent of and the medical of the medical industrya of the medical frequent has a frequent critic of the medical industry and of the of has of the medical been a frequent the the medical the medical industry critic a frequent critic of the medical and the medical industry has been has been industry has been often of the medical and has been an avid critic a of the medical frequent critic of the and has been medical industry and has been of the industry and the medical a frequent of of critic the medical industry of of the medical the medical industry and has been a frequent critic a a frequent critic frequent critic. the medical industry It is and has and and of been of of a frequent criticism the medical a frequent critic the medical of the medical and has been the has been industry and has been industry and the has and has been a a frequent critic and has been of of the of of the and the and has medical medical the medical industry and has of medical industry been a a the the the frequent critic frequent critic of the medical and a frequent critic has been industry and and has a frequent been has the medical industry been of the a frequent critic medical has been of health has been the medical industry a frequent critic of the medical industry has been the and has of the medical been a frequent critic of the medical industry and has the medical and has been and medical industry industry been has the or a frequent critic of the medical industry . of the medical has the of medical industry and has been a frequent critic a a frequent critic frequent critic of and and the medical has been of industry and has of and of been a frequenta frequent critic of the medical industry and has been and has been a frequent critic the medical industry of the medical industry and has been a of the medical frequent critic of the medical industry and has is a been of aa frequent and has been critic of and the of the - has been medical medical has been the medical industry of the medical a frequent and",34.6%,5.04,"  "" Sicko , "" which was released week . Gupta , reporter author , has been critic of industry has been critic of industry has been critic of industry has been critic of industry has been critic of industry has been critic of industry has been critic of industry has been critic of industry has been critic of industry has been critic of industry has been critic of industry has been critic of industry has been critic of industry has been critic of industry has been critic of industry has been critic of industry has been critic of industry has been critic of industry",22.3%,-0.626," ""Sicko,"" which he described as ""nonsense, he says."" ""I'm sorry you said that,"" Moore said, before Gupta interrupted. ""I am simply trying to understand what you're saying,"" Moore said. ""You've said it,"" Gupta said. ""There are times where you're not clear and you're not precise, so I want to understand what you're saying,"" Moore said. ""I'm saying what I see. I'm saying what we're all seeing,"" Gupta said. ""You're not explaining,"" Moore said. ""I am explaining,"" Gupta said. ""I'm not explaining what I see. I'm explaining what I see,"" Moore said. ""You're not explaining what you see,"" Gupta said. ""I'm explaining what I see. I'm explaining what I see,"" Moore said. ""You're not explaining what you see,"" Gupta said. ""I'm explaining what I see,"" Moore said. ""You're not explaining what you see",24.9%,-0.0411
m-nom,0.1,"WASHINGTON (CNN) -- Some Democrats appear to be wavering on a highly contentious House resolution labeling Turkey's treatment of Armenians in World War I as genocide. A KC-135 tanker lands at Incirlik Air Base in southern Turkey in 2003. Turkey, a longtime U.S. ally and NATO partner",", is now on a new U.S. U.S. U.S. U.S. U.S. U.S. U.S. U.S. U. U.S. U. U.S. U.S. U. U.S. U.S. U.S. U. U.S. U. U. U. U. U. U. U. U. U. U. U. U. U. U. U. U. U. U. U. U. U. U. U. U. U. U. U. U. U. U. U. U. U. U. U. U. U. U. U. U. U. U. U. U. U. U. U. U. U. U. U. U. U. U. U. U. U. U. U. U. U. U. U.",42.6%,5.72,", is now on . U Ua new U.S. U.S. U.S. U.S. U. . U U. U.S. U.S. . U..S. U. U.S. . U. U.S. U.S. U . U. U.S. U.S. U.S. U. U.S. U. , U . U.. U. U . U. . U U. U. U. U. U , U. U. U. U. U. U. . U.. U. U. U. U. U. a new U. U. U. U , U.. U. U. U. U a a U U U U. U. U. U. U. U. U. U. U . U. U. U , a U. U. U. U. U. U. U. U. U. U. U. U a new U U. U. U. U. U. U. U. a new U. U. U. U. U. U.",40.8%,5.56,", ..? is now on a new ? . U.S. U.S. U.S. . U. U.S. a newa ? U new U U. U.SS. U.S. U.S. a new U U.S. U. a new U U.S. U ? U. , U. U.S. U.S. U. U.S. U.S. U.S. U. U.S. U. U. U. ? , U. U. U. U. U. U. U. U. U. U , it should. U. U U U.. U. U. U. U. U. U. U. U. U. U. U. U. U. U. U. U. U. U , is on. U. U. U. U ?.. U. U. U. U. U. U. U.S U. U. U. U. U , U.. U. U. U. U. U. .. U U. U. U. U. U. U. U. U.S U. U. U.",40.0%,5.42,", is on U.S. U.S. U.S. U.S. U.S. U.S. U.S. U.S. U. U.S. U. U.S. U.S. U. U.S. U.S. U.S. U. U.S. U. U. U. U. U. U. U. U. U. U. U. U. U. U. U. U. U. U. U. U. U. U. U. U. U. U. U. U. U. U. U. U. U. U. U. U. U. U. U. U. U. U. U. U. U. U. U. U. U. U. U. U. U. U. U. U. U. U. U. U. U. U. U.",41.8%,5.39,", designated the 1915 events as a ""genocide,"" but many Christian Turks believe those events were a result of Ottoman rule.

(Photo by AP/David Morgan)

The House passed the resolution by a vote of 220-196 on Wednesday, but it faces a tougher battle in the Senate.

The resolution is a key campaign issue for Democrats in 2010. It was introduced by Rep. Adam Schiff, D-California, and Sen. Chuck Schumer, D-New York, and is widely supported by Armenian-American groups.

The resolution says ""Armenian Genocide"" is the term used by the United Nations and its organizations to refer to the Armenian genocide. But the resolution doesn't call the events a ""genocide.""

The resolution says that the United States ""cannot and should not remain silent"" and that the United States ""cannot and should not remain neutral"" when it comes to the issue.

It also says that this is an",22.3%,-0.864
m-nom,0.3,"WASHINGTON (CNN) -- Some Democrats appear to be wavering on a highly contentious House resolution labeling Turkey's treatment of Armenians in World War I as genocide. A KC-135 tanker lands at Incirlik Air Base in southern Turkey in 2003. Turkey, a longtime U.S. ally and NATO partner",", is now on a new U.S. U.S. U.S. U.S. U.S. U.S. U.S. U.S. U. U.S. U. U.S. U.S. U. U.S. U.S. U.S. U. U.S. U. U. U. U. U. U. U. U. U. U. U. U. U. U. U. U. U. U. U. U. U. U. U. U. U. U. U. U. U. U. U. U. U. U. U. U. U. U. U. U. U. U. U. U. U. U. U. U. U. U. U. U. U. U. U. U. U. U. U. U. U. U. U.",42.6%,5.72,", is now on  , U . , is now U. . U.. U. , U U. U , U    . U U U U U . . U US . U U.S. . U . U..S. U. , . U. . U U , . U . . U . U..S. . U.. . . U U. ... U. . .. U. U , U . U , U . U.. U. . U.  . U. U.. U . U.S. U. , , U. on. U.S. . U U . U U , now US. U. U. U. U. U. . U.. , U. , U.. , U. . U. U. U. U. U  . U U U U. . U.. U. . U U. U. . U. . U..U U. U. , U. U. U . U. , U. U. U. . U.. U. U . U U. U. . U.. U. U. U. U. . U.. U. U. U. U , which are U. U. U. U. U. U. U. U. U. U. U. U. U. U. U. U. U. U. U. U. U.",37.3%,4.81,", is now on a new U.S. , and U - and U U.S. U . U . U.S. U.S . U. . U., and U. U. , U.S. U.S. U.S. U.S. , and U . U. U. U.S. U. U.S. U a U..S. . U U. . U U.S. U.S. U.S. , - and U and U U. U.S. U ! !. , and U . a U. U !. U. U u !. U. U. U. U a U.. .. U a U.. U . . U.U U. U. !. U. a U U ! U. U. U. U. U. U. U . U.. U. U. U. U. U . ., !. U. U. U a U.. U. U. U. . U. U. U. U ! U! U.. U. U. U. U. , a . U. U. . .- and a U U U. U. U. . . . U. U. U. , . U. and . U. U. !.a U. U. ! ! !!, or U U. !., U. U. U. U. U. U a new U . U. U. U. , u U. U !., o U U. , - and U. U. U. U. U. U. U. . U U. U. U.",35.5%,4.47,", is on U.S. U.S. U.S. U.S. U.S. U.S. U.S. U.S. U. U.S. U. U.S. U.S. U. U.S. U.S. U.S. U. U.S. U. U. U. U. U. U. U. U. U. U. U. U. U. U. U. U. U. U. U. U. U. U. U. U. U. U. U. U. U. U. U. U. U. U. U. U. U. U. U. U. U. U. U. U. U. U. U. U. U. U. U. U. U. U. U. U. U. U. U. U. U. U. U.",41.8%,5.39,", designated the 1915 events as a ""genocide,"" but many Christian Turks believe those events were a result of Ottoman rule.

(Photo by AP/David Morgan)

The House passed the resolution by a vote of 220-196 on Wednesday, but it faces a tougher battle in the Senate.

The resolution is a key campaign issue for Democrats in 2010. It was introduced by Rep. Adam Schiff, D-California, and Sen. Chuck Schumer, D-New York, and is widely supported by Armenian-American groups.

The resolution says ""Armenian Genocide"" is the term used by the United Nations and its organizations to refer to the Armenian genocide. But the resolution doesn't call the events a ""genocide.""

The resolution says that the United States ""cannot and should not remain silent"" and that the United States ""cannot and should not remain neutral"" when it comes to the issue.

It also says that this is an",22.3%,-0.864
m-nom,0.5,"WASHINGTON (CNN) -- Some Democrats appear to be wavering on a highly contentious House resolution labeling Turkey's treatment of Armenians in World War I as genocide. A KC-135 tanker lands at Incirlik Air Base in southern Turkey in 2003. Turkey, a longtime U.S. ally and NATO partner",", is now on a new U.S. U.S. U.S. U.S. U.S. U.S. U.S. U.S. U. U.S. U. U.S. U.S. U. U.S. U.S. U.S. U. U.S. U. U. U. U. U. U. U. U. U. U. U. U. U. U. U. U. U. U. U. U. U. U. U. U. U. U. U. U. U. U. U. U. U. U. U. U. U. U. U. U. U. U. U. U. U. U. U. U. U. U. U. U. U. U. U. U. U. U. U. U. U. U. U.",42.6%,5.72,new . U.  . page. U. now on  U U. page.a new U. U. page . U . . U . .. U. . U . U U. . U.. a new U  . U U. U . U . U. U. U. U.S. . U. on . U . U.S . U . .. U Uu. U.S. . U.. U. page. . U.S U. U. U. page . U.. U. . U. U page . U.. U . U U. U . U. . U . U. now U. page . U. . U. page U. U . U.S. U.S.  .. U. . U. U.S. . U. . U.  . U ... a.. U.S. U is . U. page U . U. U. a new. . U. U.. U. U. U. S U. U. U U. U. U. U. U U U U. U on page . U.. U. . U.. U is now. U. U. . U.. .. U. U. U. U. . a. U. U. U. U. page. page. U. page U. now. U. U. U. . U.. U. U. U. U. U. U U.S U. U. U U.S U. U. U U is now page. U. U. U. U. U. U. U. U. U. U. U. U. U. U. U. . U.. U. U. U. U. U. U.,36.6%,5.12,", is now a new U on a new U. . U , with U. a. uuS. U. ,u, , .u with u. , U . , U is U with u . US. U a U ona new.S. U . new on. . ,. , U is.S. U.S. U.S. U a U.S. U.S. , with u is now U. U.S. U. U.S. U au . a. u US. U u.. U a U U.S. au , , U is nowa new U U.S. , , U.S. , a U. U.S. U u . U. on. u on US U. U. . U a new U U , with a new .u a new U . n a U U , is u a the. U. U. U a new U. U. U .a. U. U , with U , has. U. U. a U on U. U. u! U a new U, U.a new U, with the u.. U. U . .. U. U. U. U. U u U.. U u. a U U. , , . U. U. U. U. U. U. , on u is U U. U , U. U. U. U . U. uua , U new web u U Ua U. U. U. U . is Now. . U U U. U. U. U , U. U , with U. . U, with U. U. U. a new U U , , . U with. . . U. U , with. U. U. U. a new uu U U. U , uua. U a U. U. U . U , with a new U the. U. U. U. , with U. U . . , .a U u u. a new U. U. U. U a U.",31.2%,2.98,", is on U.S. U.S. U.S. U.S. U.S. U.S. U.S. U.S. U. U.S. U. U.S. U.S. U. U.S. U.S. U.S. U. U.S. U. U. U. U. U. U. U. U. U. U. U. U. U. U. U. U. U. U. U. U. U. U. U. U. U. U. U. U. U. U. U. U. U. U. U. U. U. U. U. U. U. U. U. U. U. U. U. U. U. U. U. U. U. U. U. U. U. U. U. U. U. U. U.",41.8%,5.39,", designated the 1915 events as a ""genocide,"" but many Christian Turks believe those events were a result of Ottoman rule.

(Photo by AP/David Morgan)

The House passed the resolution by a vote of 220-196 on Wednesday, but it faces a tougher battle in the Senate.

The resolution is a key campaign issue for Democrats in 2010. It was introduced by Rep. Adam Schiff, D-California, and Sen. Chuck Schumer, D-New York, and is widely supported by Armenian-American groups.

The resolution says ""Armenian Genocide"" is the term used by the United Nations and its organizations to refer to the Armenian genocide. But the resolution doesn't call the events a ""genocide.""

The resolution says that the United States ""cannot and should not remain silent"" and that the United States ""cannot and should not remain neutral"" when it comes to the issue.

It also says that this is an",22.3%,-0.864
m-nom,0.1,"BAGHDAD, Iraq (CNN) -- Twelve-year-old Mohammed Rasoul, his right leg severed below the knee, maneuvers on crutches over the dirt and loose stones through the Falluja graveyard. Mohammed Rasoul sitting with his mother, Jinan Khalifa, eagerly awaits his trip to"," the hospital in hopes of making a full recovery. Mohammed Ras, he has been in active duty with the United States Army. He has been deployed to Iraq many times and has been wounded many times as well. He has been wounded with a number of different types of wounds. From a variety of various types of different types of wounds that are related to his injuries, Mohammed is now sitting with his mother in his bed waiting for a full recovery. His mother is now sitting in her bed waiting for a full recovery. Her son is now sitting in his bed waiting for a full recovery. Her son is now sitting in his bed waiting for a full recovery. Her son is now sitting in his bed waiting for a full recovery. Her son is now sitting in his bed waiting for a full recovery. Her son is now sitting in his bed waiting for a full recovery. Her son is now sitting in his bed waiting for a full recovery. Her son is now sitting in his bed waiting for a full recovery",53.3%,9.17,"hospital in hopes of making a fulla full recovery. Mohammed Ras, he has been in active duty with the United a full Army. He has been deployed to a full many times and has been wounded a full times as well. He has been wounded with a fulla number of a full types of wounds. From a a full of various a a full of different types of wounds that are related to his injuries, a full is now sitting  a full full his mother in a full bed waiting for a a full recovery. His mother is now sitting in her bed a full for a full recovery. Her son is now a full in his bed waiting for a fulla full  a full full. Her son is now sitting in his bed waiting for a full recovery. Her son is now sitting in his bed waiting for a full recovery. Her son is now sitting in his bed waiting for a full recovery. Her son is now a full in his bed waiting for a full recovery. Her son is now sitting in his bed waiting for a full recovery a full Her son is now sitting in his bed waiting for a full recovery",43.7%,6.43,"a a full full recovery. Mohammed Ras, he has been in active a a duty a with the United States Army. He has been deployed to a full Iraq many times and has been wounded many times as a full well. He has been wounded with a number of different types of wounds. From a fulla variety of various types of different types of wounds that are a full related to his a fulla a full full injuries, Mohammed is now sitting with his a mother in his bed waiting for a a full recovery. His mother is now sitting in her bed waiting for a a full recovery. Her son is now a full sitting a in a full his bed waiting for a full recovery. Her son is now sitting in his bed waiting for a full recovery. Her son is now sitting in his bed waiting for a full recovery. Her son is now sitting in his bed waiting a full for a full recovery. Her son is now sitting in his bed waiting for a full recovery. Her son is now sitting in his bed waiting for a a a full full full recovery. Her a son is now sitting in his bed waiting for a full a full recovery",45.8%,7.24,"  the hospital in hopes of making full recovery . Mohammed Ras , he has been in active duty with the United States Army . He has been deployed to Iraq many times has been wounded many times as well . He has been wounded with a number of different types of wounds . From variety of various types of different types of wounds that are related to his injuries , Mohammed is sitting with his mother in his bed waiting for a recovery . His mother is sitting in her bed waiting for recovery . Her son is sitting in his bed waiting for recovery . Her son is sitting in his bed waiting for a full recovery . Her son is now sitting in his bed waiting for recovery . Her son is now sitting in his bed waiting for a recovery . Her son is sitting in his bed waiting for a full recovery . Her son is sitting in his bed waiting for full recovery . Her son is sitting in his bed waiting for a recovery",42.7%,5.45," the hospital to have his leg amputated.

The Palestinian boy has been taken from his house in Falluja to the hospital where he will be placed on a prosthetic leg.

""I am very happy,"" he tells CNN, as he waits with his mother. ""I have been waiting for this moment for three years.""

The boy has been living on crutches in his parents' home in the western Iraqi city of Falluja since he was severely wounded by a Palestinian missile while playing with his friends.

His mother, Jinan, says Mohammed was hit by the missile as he was running toward a friend who happened to be a Palestinian.

""He was standing on one of the stones, when a missile hit and hit him in the knee,"" Jinan says.

The missile was fired from the Palestinian side of the city, where Palestinians are outnumbered and live under Israeli occupation.

Mortar shells are a frequent occurrence in",23.9%,-0.37
m-nom,0.3,"BAGHDAD, Iraq (CNN) -- Twelve-year-old Mohammed Rasoul, his right leg severed below the knee, maneuvers on crutches over the dirt and loose stones through the Falluja graveyard. Mohammed Rasoul sitting with his mother, Jinan Khalifa, eagerly awaits his trip to"," the hospital in hopes of making a full recovery. Mohammed Ras, he has been in active duty with the United States Army. He has been deployed to Iraq many times and has been wounded many times as well. He has been wounded with a number of different types of wounds. From a variety of various types of different types of wounds that are related to his injuries, Mohammed is now sitting with his mother in his bed waiting for a full recovery. His mother is now sitting in her bed waiting for a full recovery. Her son is now sitting in his bed waiting for a full recovery. Her son is now sitting in his bed waiting for a full recovery. Her son is now sitting in his bed waiting for a full recovery. Her son is now sitting in his bed waiting for a full recovery. Her son is now sitting in his bed waiting for a full recovery. Her son is now sitting in his bed waiting for a full recovery. Her son is now sitting in his bed waiting for a full recovery",53.3%,9.17,"hospital bed waiting for hopes of making a full recovery full. Mohammed Ras, bed waiting forhe a full been .. bed waiting for duty with .. United . now waiting bed. now Army full recovery. He has been deployed to Iraq many times and waiting for.. been wounded many times as bed. He has been wounded bed waiting waiting bed.a number of different . is now sitting of wounds. From is nowa full bed waiting for full recovery a full full is sitting various a full of bed. bed. a full of wounds that are related to now sitting in recovery. in a . full Mohammed bed waiting for now sitting son . a full mother bed. his bed full full bed for waiting for his. . His full full recovery. bed waiting waiting mother .. for now sitting bed waiting for her a bed waiting son is now a full bed recovery. Her son is now sitting in his bed waiting for  bed waiting waiting for full recovery. Her son full. now full recovery bed waiting in his a full waiting for a full son .. Her son is now sitting in his full bed waiting waiting for a full recovery. Her son is now sitting in  bed waiting for full bed waiting for a full a full. recovery. Her son is a full sitting recovery. Her his .. waiting for a full recovery. now waiting for son is now sitting in his bed waiting for a full recovery. Her son is now sitting in his bed waiting for a full recovery",32.6%,2.99,"a full recovery waiting in. Mohammed Ras, he in bed waiting now sitting has been in a full active duty with the United States a in Army here waiting in. He has been deployed to Iraq many times and sitting in waiting now in bed a in bedwait in bedwait full has been wounded many times as well. He has been wounded with a number waiting now in of different types of wounds in bed waiting. From a variety of various types of different types of wound now in beds that are related to his now in bed injuries today in, Mohammed is in bedwait now sitting in bedwait with in bedwait his mother in to fully for a recover his bed a waiting and waiting is in bed now for a full recovery. His mother sitting waiting now is now s in bed her son waiting sitting in her bed waiting here in for now sitting in a waiting full recovery. Her son is now sitting in his bed waiting for a for a full recovery. Her son in bedwait here wait for is now waiting now in sitting in his bed waiting for in waiting is in his beda full recovery. Her in bed waiting son is the bed waiting now sitting in of a his bed waiting for a a in full a full recovery. with his mother here waiting for a full Her son is now a full sitting in for the full his bed in a waiting for a full recovery here in. Her son is now sitting now for a fulla the in bed waiting for his full in his bed waiting for now in bed a full recovery. Her son is now in bedwait sitting in full waiting here his his bedwaita in bed in bed waiting waiting for a full recovery. Her son is bed waiting for now in bed waiting sitting in his bed waiting waiting for for in bedwait a full recovery",35.2%,4.44,"  hospital in hopes of making recovery . Mohammed Ras , he has been in duty with United States Army . He has been deployed to Iraq times has been wounded times . He has been wounded with number of types of wounds . From variety of types of types of wounds that are related to his injuries , Mohammed is sitting with his mother in his bed waiting for recovery . His mother is sitting in her bed waiting for recovery . Her son is sitting in his bed waiting for recovery . Her son is sitting in his bed waiting for recovery . Her son is sitting in his bed waiting for recovery . Her son is sitting in his bed waiting for recovery . Her son is sitting in his bed waiting for recovery . Her son is sitting in his bed waiting for recovery . Her son is sitting in his bed waiting for recovery",37.8%,3.7," the hospital to have his leg amputated.

The Palestinian boy has been taken from his house in Falluja to the hospital where he will be placed on a prosthetic leg.

""I am very happy,"" he tells CNN, as he waits with his mother. ""I have been waiting for this moment for three years.""

The boy has been living on crutches in his parents' home in the western Iraqi city of Falluja since he was severely wounded by a Palestinian missile while playing with his friends.

His mother, Jinan, says Mohammed was hit by the missile as he was running toward a friend who happened to be a Palestinian.

""He was standing on one of the stones, when a missile hit and hit him in the knee,"" Jinan says.

The missile was fired from the Palestinian side of the city, where Palestinians are outnumbered and live under Israeli occupation.

Mortar shells are a frequent occurrence in",23.9%,-0.37
m-nom,0.5,"BAGHDAD, Iraq (CNN) -- Twelve-year-old Mohammed Rasoul, his right leg severed below the knee, maneuvers on crutches over the dirt and loose stones through the Falluja graveyard. Mohammed Rasoul sitting with his mother, Jinan Khalifa, eagerly awaits his trip to"," the hospital in hopes of making a full recovery. Mohammed Ras, he has been in active duty with the United States Army. He has been deployed to Iraq many times and has been wounded many times as well. He has been wounded with a number of different types of wounds. From a variety of various types of different types of wounds that are related to his injuries, Mohammed is now sitting with his mother in his bed waiting for a full recovery. His mother is now sitting in her bed waiting for a full recovery. Her son is now sitting in his bed waiting for a full recovery. Her son is now sitting in his bed waiting for a full recovery. Her son is now sitting in his bed waiting for a full recovery. Her son is now sitting in his bed waiting for a full recovery. Her son is now sitting in his bed waiting for a full recovery. Her son is now sitting in his bed waiting for a full recovery. Her son is now sitting in his bed waiting for a full recovery",53.3%,9.17,"a full recovery in  . A full  a full recovery full recovery a full recovery .. ..  a full  a a full recovery recovery a full recovery recoverya a a full recovery..a full a .. a full a full recovery a full recovery recovery a full recovery recovery recovery. a . bed waiting recovery Ras, waiting for fullhe has a full recovery a full recovery , waiting a full recovery. A full duty recovery waiting for. Her Her the United States Army. He a full recovery a full recovery Her . Her son a full a full recovery to Iraq many times and a .. recovery full recovery. wounded  . a full recovery times recovery. Her ...  a full recovery a full. a full recovery has been wounded with a number of a full . Her son types of wound  . Her son full recovery  a full waiting fora full full From a variety of   . a full recovery son. a full recovery recovery a full a full recovery waiting a full recovery  a full recovery Her a full recovery types of . Her beds  a full recovery full recovery recovery. Her related recovery. Her a a full recovery recovery injuries .. in Mohammed is now sitting with his recovery  a full recovery full recovery Her in his a .. for a full recoverya full . Her bed a full recovery. His mother a full recovery now a full recovery in her bed recovery. .. for  a full recovery full recovery waiting for full recovery recovery. Her full a full. son is now sitting in his bed waiting for a full recovery. Her son is now sitting in his bed waiting for waiting fora full recovery. Her a full recovery . Her bed now sitting in his bed waiting a full a full recovery. Her son is now sitting in full recovery. bed waiting for a full recovery. Her son is now sitting in his bed waiting for a fulla full recovery. Her son is now sitting in his bed waiting for a full recovery. Her son is now sitting in his bed waiting for a full recovery",30.3%,2.46,"a full recovery. Mohammed Ras, . for. now waiting bed A fullhe has a . bed now full is been in active . The bed duty a , with. with the United States . Her a full son .a. for Army. He has been deployed to full recovery. Iraq many times and has recovery. Her a full been wounded many isa . Her full recovery. son times as well . a fulla a. He has bed waiting. a.. fulla. been wounded with waiting. . waiting. fulla number of different types of wounds a full. From bed recovery.a fulla variety of a bed recovery. full. various for. bed types in his bed and her son of different types of wounds that waiting bed are related to his injuries, a full. recovery. Mohammed is a full and now sitting . waiting fora full with a . ... fulla full. full . full a full full it. his . .. in his mother in .. his bed a full waiting for a full recovery. His mother is now sitting in her bed waiting bed. the for a .aa full. . full recovery. Her . bed for son is now a full sitting in his bed waiting in his waiting for a full a . for. recovery aa. Her bed waiting for son is now sitting in his bed waiting for a full recovery. Her son is a full . now sitting , waiting in his in his .. in his bed waiting full. for a sitting in his . waiting recoverya a ofa . bed recovering full a bed for waiting in recovery. a. for full recovery. Her son and is now is now sitting waiting a bed in his in his bed waiting a full for a full recovery. bed waiting for a full Her son . Recovery. full recovery is now .. sitting in his a full full . fora bed waiting for .a full recovery. Her son a full is now sitting recovery. bed recovery. Her in his bed . He is . for waiting bed waiting recovery a full full for a , wait waiting a waiting bed a full a for a full recovery. Her son is now sitting in his a full bed waiting for a full now, recovery",29.2%,2.04,"  hospital in hopes of making recovery . Mohammed Ras , he has been in duty with United States Army . He has been deployed to Iraq times has been wounded times . He has been wounded with number of types of wounds . From variety of types of types of wounds that are related to his injuries , Mohammed is sitting with his mother in his bed waiting for recovery . His mother is sitting in her bed waiting for recovery . Her son is sitting in his bed waiting for recovery . Her son is sitting in his bed waiting for recovery . Her son is sitting in his bed waiting for recovery . Her son is sitting in his bed waiting for recovery . Her son is sitting in his bed waiting for recovery . Her son is sitting in his bed waiting for recovery . Her son is sitting in his bed waiting for recovery",37.8%,3.7," the hospital to have his leg amputated.

The Palestinian boy has been taken from his house in Falluja to the hospital where he will be placed on a prosthetic leg.

""I am very happy,"" he tells CNN, as he waits with his mother. ""I have been waiting for this moment for three years.""

The boy has been living on crutches in his parents' home in the western Iraqi city of Falluja since he was severely wounded by a Palestinian missile while playing with his friends.

His mother, Jinan, says Mohammed was hit by the missile as he was running toward a friend who happened to be a Palestinian.

""He was standing on one of the stones, when a missile hit and hit him in the knee,"" Jinan says.

The missile was fired from the Palestinian side of the city, where Palestinians are outnumbered and live under Israeli occupation.

Mortar shells are a frequent occurrence in",23.9%,-0.37
m-nom,0.1,"NEW DELHI, India (Reuters) -- India has elected its first female president, official results show, in what supporters are calling a boost for the rights of millions of downtrodden women, despite a bitter campaign marked by scandal. Pratibha Patil, 72, is India's first elected female president",". It is a boost for the rights of millions of citizens, but not for those supporters, including the supporters of her campaign. The campaign against the first elected female president, Pratil, has included allegations of bribery by her campaign. Supporters of Pratil's campaign, including a number of supporters, including supporters of her campaign, have accused her of attempting to buy votes from millions of downtroed women, the majority of whom are not associated with her campaign. The allegations are denied by her campaign. The campaign has faced a backlash from supporters of the former president, L. John Demarara, who alleges that the campaign is attempting to purchase votes from millions of downtroed women. The allegations are denied by her campaign. The campaign has faced a backlash from supporters of the former president, L. John Demarara, who alleges that the campaign is attempts to purchase votes from millions of downtroed women. On August 12, 2013, the former President, L. John",51.8%,8.68,". It is a boost for the rights of millions of citizens is De but not for those the campaign is, is John De the supporters of her campaign. The campaign against the first elected female president, Pra is Deil, has included allegations s attempt to briber attempts to purchase by her campaign. Supporters of Pra attempts to buyil's campaign, including  are is number of supporters, including supporters of her campaign, have accused her of attempting Demarara buy votes from millions of downt that the campaignoed women, the majority of whom are not associated with her campaign. The allegations are denied by her campaign. The campaign campaign is trying faced a backlash from supporters of the former president, L campaign is John Demarara, who alleges that the campaign is attempted is John De has attempted toattempting who say that purchase votes from millions of downtroed campaign is. The is De De De De is attempts to by her campaign. The campaign has faced a backlash from supporters of the former president, L. John Demarara, who alleges that the campaign is attempts to purchase votes from millions of down that the campaignroed women. On August 12, 2013, the former President, L. John",38.6%,4.87,". that that that It is a boost for that that that the rights of millions of citizens, but not for those supporters that the, including the supporters of her campaign. The that De that Des campaign against the first elected female president, Pratil, has included allegations of bribery by her that she is campaign. Supporters of Pratil's campaign, including that that that a number of supporters, including supporters of her campaign, have accused her of attempting to buy votes from millions of down of the formertroed women, the majority of whom . that are that De not associated with her campaign. The allegations are denied by her campaign. The campaign has faced a backlash from supporters of the former president, L. John Demarara, who alleges . that the campaign is attempting to purchase votes from millions of downtroed women. The allegations are denied that De that by her campaign. The campaign has faced a is attempts to backlash from supporters of that De campaigns the Demarara former president, L. John De Demararamarara, who alle dem that .ararages that that that the campaign is attempts to purchase that that that De De votes from that De millions of downtroed women. On August 12, 2013, the former President, L. John",41.5%,6.06,". It is boost for rights of millions of citizens , but for those supporters , including the supporters of her campaign . The campaign against elected president , Pratil , has included allegations of bribery by her campaign . Supporters of Pratil 's campaign , including number of supporters , including supporters of her campaign , have accused her of attempting to buy votes from millions of women , the majority of whom are associated with her campaign . allegations are denied by her campaign . The campaign has faced backlash from supporters of former president , L. John Demarara , who alleges that campaign is attempting purchase votes from millions of downtroed women . allegations are denied by her campaign . campaign has faced a backlash from supporters of the president , L. John Demarara , who alleges that the campaign is attempts to purchase votes from millions of downtroed women . On August 12 , 2013 , the President , L. John",33.7%,2.68,", official results from the Election Commission show. She has won 1.6 million votes, or about 54 percent of the total. The two men who were in the running, former Prime Minister Manmohan Singh and former foreign minister S. M. Krishna, have drawn scores of votes, the commission said. ""It is a historic day,"" Patil told reporters. ""We achieved a milestone and set an example for the world."" Patil's mandate was for a five-year term, but her victory was widely expected after the country's Supreme Court cleared the way for women to contest elections in India for the first time in the country's history. Polling was also held for an additional seat in the upper house of parliament, the Rajya Sabha. Patil's victory was seen as a boost for the rights of millions of women. Her win also drew praise from women's rights activists, who had campaigned for her. ""We are feeling very happy and proud,"" said Delhi-based activist",22.8%,-0.699
m-nom,0.3,"NEW DELHI, India (Reuters) -- India has elected its first female president, official results show, in what supporters are calling a boost for the rights of millions of downtrodden women, despite a bitter campaign marked by scandal. Pratibha Patil, 72, is India's first elected female president",". It is a boost for the rights of millions of citizens, but not for those supporters, including the supporters of her campaign. The campaign against the first elected female president, Pratil, has included allegations of bribery by her campaign. Supporters of Pratil's campaign, including a number of supporters, including supporters of her campaign, have accused her of attempting to buy votes from millions of downtroed women, the majority of whom are not associated with her campaign. The allegations are denied by her campaign. The campaign has faced a backlash from supporters of the former president, L. John Demarara, who alleges that the campaign is attempting to purchase votes from millions of downtroed women. The allegations are denied by her campaign. The campaign has faced a backlash from supporters of the former president, L. John Demarara, who alleges that the campaign is attempts to purchase votes from millions of downtroed women. On August 12, 2013, the former President, L. John",51.8%,8.68,"De De De De is  De De boost for De De who rights of millions of citizens who De De but not for De De De supporters De Demar including the supporters of her campaign. The that who De Mar against De Demar first elected female De De De, who ade De and De Detil, has included allegations of briber who De is Demar De De her De De who De. Supporters of Prat who also De De's campaign, including a number of supporters De De De De De De including De De De is of De De. De De, have accused her De De De attempting who Demar who De De votes from millions of downtr De Dee Demar De De women, the who De of De who De De De De De De De associated with of the De De Mar De Marara campaign. The allegations are denied by her campaign. De a who, who who De De campaign who De faced De De De that De backlash from supporters of who De De former president, L. De De De who De Demarara, who alleges that the de De, is attempting to purchase votes from millions who De downtroed women. The allegations are denied by her campaign De De The campaign has faced a back who De De from supporters of De Marara who De president, L De De whomar , who De Demar De De, who alleges that the campaign De that De attempts to purchase votes from millions of downtroed women. On August 12, 2013, the former President, L. John",30.4%,2.18,". It is a campaign De De boost De campaign De for the rights of millions of citizens, De campaign De but campaign, who campaign De De not for those supporters, including the supporters of who De campaign her campaign. The campaign against De De De the first elected female president whom De campaign, Pra De campaign' De campaign Det De campaign Deil De campaign De De De De De De De campaign campaign, De De the De of Campaign De Campaign Demar has included De campaign allegations of bribery campaign De by who who De have made her campaign. Support campaign De De De Deers of Pratil's campaign s De, including Dedea number of supporters, including supporters of her Demara campaign, have De De accused her the first elected of attempting to buy votes De De from millions of downt who campaign De De Deroed women, the majority of De De De whom are not associated with her campaign De De De. The allegations are denied by her campaign. The De De De De campaign De campaign De campaign has faced oe and L.da backlash from supporters of the former president, L. John Demarara campaign De, who alleges that the campaign the De De is attempting to purchase votes from millions of downtroed who De De De De campaign De campaign women. The allegations De Demo De De campaign De Der are denied by her De De campaign De De campaign. campaign De De campaign The e the De campaign has faced De the De De seconda backlash from supporters of the former campaign De De president, L. John De De De campaign De De De De Demarara, who alleges that campaign campaign the who De campaign De De campaign is attempts to purchase votes from millions of downt who De campaignroed women. from voters De On s Demar August 12, 2013, De campaign De the former President, L. John",27.2%,0.963,". It is boost for rights of millions of citizens , for supporters , including supporters of her campaign . campaign against elected president , Pratil , has included allegations of bribery by her campaign . Supporters of Pratil campaign , including number of supporters , including supporters of her campaign , have accused her of attempting buy votes from millions of women , majority of whom are associated with her campaign . allegations are denied by her campaign . campaign has faced backlash from supporters of president , L. John Demarara , who alleges that campaign is attempting purchase votes from millions of women . allegations are denied by her campaign . campaign has faced backlash from supporters of president , L. John Demarara , who alleges that campaign is attempts purchase votes from millions of women . On August 12 , 2013 , President , L. John",28.0%,0.875,", official results from the Election Commission show. She has won 1.6 million votes, or about 54 percent of the total. The two men who were in the running, former Prime Minister Manmohan Singh and former foreign minister S. M. Krishna, have drawn scores of votes, the commission said. ""It is a historic day,"" Patil told reporters. ""We achieved a milestone and set an example for the world."" Patil's mandate was for a five-year term, but her victory was widely expected after the country's Supreme Court cleared the way for women to contest elections in India for the first time in the country's history. Polling was also held for an additional seat in the upper house of parliament, the Rajya Sabha. Patil's victory was seen as a boost for the rights of millions of women. Her win also drew praise from women's rights activists, who had campaigned for her. ""We are feeling very happy and proud,"" said Delhi-based activist",22.8%,-0.699
m-nom,0.5,"NEW DELHI, India (Reuters) -- India has elected its first female president, official results show, in what supporters are calling a boost for the rights of millions of downtrodden women, despite a bitter campaign marked by scandal. Pratibha Patil, 72, is India's first elected female president",". It is a boost for the rights of millions of citizens, but not for those supporters, including the supporters of her campaign. The campaign against the first elected female president, Pratil, has included allegations of bribery by her campaign. Supporters of Pratil's campaign, including a number of supporters, including supporters of her campaign, have accused her of attempting to buy votes from millions of downtroed women, the majority of whom are not associated with her campaign. The allegations are denied by her campaign. The campaign has faced a backlash from supporters of the former president, L. John Demarara, who alleges that the campaign is attempting to purchase votes from millions of downtroed women. The allegations are denied by her campaign. The campaign has faced a backlash from supporters of the former president, L. John Demarara, who alleges that the campaign is attempts to purchase votes from millions of downtroed women. On August 12, 2013, the former President, L. John",51.8%,8.68,". It former, De who Dea a who De De who  , , who , De De is De De De the rights  who s De De former who who De De of citizens, De De who of De De De former not for , former supporters De De Des , including the supporters of her ,, former De De De De The De who De against who De first elected female president,  , former a De De who who who De De, has included , former former De, was De De is De who wasbri , De former de by De De De De former who is former who De Deers De De, who Pra and De ofil's campaign , De De former De a number of former De former former is who De a who including supporters former De her campaign, have accused her of who Deattempting De De buy De De former , who De De De De of downt de De De De Dee the who De De De De , who De De of former of De De, De De majority of whom who who De not associated with her De De former. The former De , who is, de De De are former De by her the former. The campaign has former De a back former De the former supporters of who De who De De De former Demar De of former former and De,, L who who John Demar former De, who alleges that the campaign is who isattempting the De purchase votes from Demararamar who De of former Detro who , Ded women. The allegations are denied by her campaign. The campaign has faced a backlash from , who who of who is former president, L. John Demar former president,, who alleges that the campaign is attempts to purchase votes the campaign is millions of downtroed women. On August 12, 2013, the former President, L. John",30.1%,2.25,", has. It is a briber boost for the rights of who against De have de De accused millions against the de campaign De De De the the De, against De. of citizens, but is the Campaign not for those supporters De campaigns De, including the supporters of her campaign campaign with. The campaign against the first elected the the campaign the campaign attempts female president, Pratil againstas who accusations, has included of De De the the the campaign allegations of briber De the the De De campaigny by her campaign by is the The campaign. Supporters of Pratil' back campaign De accused of thelash againsts campaign, including against the campaign is The Dea number of supporters, including supporters of the campaigns of her campaign, have against De accused her of attempting to buy votes from is a millions of the campaign accus downt De Deroe has from fromd women campaign is of and and against the against the De , includes supporters campaign of, the majority of De campaign De against De whom is the Campaign are not associated with her against The De campaign the in campaign women, including the De has. the campaign The allegations are denied by her de the campaign De De De campaigns campaign are against. the campaign The campaign has faced a backlash The campaign De the De campaigns from campaign De accus supporters of the from De former De to is currently De president campaign is against De the campaign De is the de is de campaign De, L. John Demarara has De, campaign is of who that the campaign alleges that the campaign is attempting to purchase votes from millions of downtroe Campaign attempts againstd women. is De The allegations campaign, is are denied by her campaign. The backlash by is . of the is against The former political de the campaign campaign has faced the campaign is a backlash against the de former is first it attempts an from campaign from supporters De De De political the campaign that against the the campaign De De the campaign the of the former De is president, L. John Demarara, political De against campaign is against has been the De from from De and the campaign campaigns who alle against are De political De De political Campaignges that from who is supportersde is the backlash against campaign is De is attempts to purchase votes from campaign is from millions of downtro political the government backlash againsted women the campaign is. is against has campaigns against On is the campaign August 12, 2013, the the campaign is former the campaign is the political the of campaign President, L. John",32.9%,4.04,". It is boost for rights of millions of citizens , for supporters , including supporters of her campaign . campaign against elected president , Pratil , has included allegations of bribery by her campaign . Supporters of Pratil campaign , including number of supporters , including supporters of her campaign , have accused her of attempting buy votes from millions of women , majority of whom are associated with her campaign . allegations are denied by her campaign . campaign has faced backlash from supporters of president , L. John Demarara , who alleges that campaign is attempting purchase votes from millions of women . allegations are denied by her campaign . campaign has faced backlash from supporters of president , L. John Demarara , who alleges that campaign is attempts purchase votes from millions of women . On August 12 , 2013 , President , L. John",28.0%,0.875,", official results from the Election Commission show. She has won 1.6 million votes, or about 54 percent of the total. The two men who were in the running, former Prime Minister Manmohan Singh and former foreign minister S. M. Krishna, have drawn scores of votes, the commission said. ""It is a historic day,"" Patil told reporters. ""We achieved a milestone and set an example for the world."" Patil's mandate was for a five-year term, but her victory was widely expected after the country's Supreme Court cleared the way for women to contest elections in India for the first time in the country's history. Polling was also held for an additional seat in the upper house of parliament, the Rajya Sabha. Patil's victory was seen as a boost for the rights of millions of women. Her win also drew praise from women's rights activists, who had campaigned for her. ""We are feeling very happy and proud,"" said Delhi-based activist",22.8%,-0.699
m-nom,0.1,"SAN DIEGO, California (CNN) -- More than 100 homes in an upscale San Diego community were evacuated after a landslide about 60 yards wide pulled the earth from beneath a three-lane road and some of the multimillion-dollar homes that adorn it. Gina Yarbrough sent this picture of the road"," to CNN. The community is being called ""El Mar De Los. X"". It's called ""La Corte L.O.C.L.I.D. X"" and it is referred to as ""La C.L.L.L.I.D. X"" The city is about 10 minutes from downtown and about 40 minutes from the beach. On June 16, 2016 CNN has been contacted by a resident who has seen a slide coming down the road. The slide has been called ""La C.L.L.I.D. X"" This was taken in La Corte L.O.C.L.I.D. X. The City is about 10 minutes from downtown and about 40 minutes from the beach and about 1.2 miles from a two-mile road. The City is about 2.7 miles from a two-mile road. This picture of the road was taken in La Corte L.O.C.L.I",62.4%,12.1,"CNN. The community is being called ""El Mar De Los. X"". It's called ""La Corte L.O.C.L.I.D. X"" .. it is referred to as ""La C.L.L.L.I. .D.. X"" .D city is about 10 minutes from downtown . ... about . .D.. minutes from X. beach. On June 16, 2016 CNN has been contacted by a resident who has seen a slide coming down the road. The slide has been called ""La C. . ..L.I.D. X"" This was taken in La Cor . Xe L D.O.C. ...I. . X. X. The City is .. X. minutes from downtown and about 40 minutes X. the beach X. about 1.2 miles from .D.a two-mile road. The City is about 2.7 miles from a two-mile road X. This D. of the road was taken in La Corte L. I.D.C.L.I",49.5%,8.33,". The community is being D  . X.D . .. called "" ..El Mar De Los. X"". ? It's called ""La Corte L.O.C d. L. XL.I.D. X .D"" and .. it is referred to as ""La C.L.L.L.I.D. X"" The city is about 10 minutes from downtown and D. about 40 minutes I.D from the beach. On June 16, 2016 CNN has been contacted by a resident who has seen a slide coming down the road. The slide has been called ""La C.L.L.I.D. X"" This was taken in La Corte L.O.C.L.I.D. .D X. The City is about 10 minutes from downtown and about 40 minutes from the beach and about .D . X.1.2 miles from a two-mile road. The City is about I.D2.7 miles from a two-mile .D. ? X road I.D. This picture of X L. the road was taken in La Corte L. D.O.C.L.I",51.9%,9.6,"  to CNN . community is being called "" El Mar De Los . X "" . It 's called "" La Corte L.O.C.L.I.D. X "" and it is referred to as "" La C.L.L.L.I.D. X "" city is about 10 minutes from downtown 40 minutes from the beach . On June 16 , 2016 CNN has been contacted by a resident who has seen a slide coming down road . The slide has been called "" La C.L.L.I.D. X "" This was taken in La Corte L.O.C.L.I.D. X. City is 10 minutes from downtown and 40 minutes from the beach and 1.2 miles from two - mile road . City is 2.7 miles from two - mile road . This picture of road was taken in La Corte L.O.C.L.I",48.4%,7.37," in Escondido.

(CNN) -- More than 100 homes in Escondido, California, were evacuated after a landslide about 60 yards wide pulled the earth from beneath a three-lane road and some of the multimillion-dollar homes that adorn it.

The homes were evacuated on Friday morning and residents were allowed back in the afternoon, San Diego Fire-Rescue Department spokeswoman Michelle Maloney said.

The landslide was reported about 6:30 a.m. in Escondido, a community of about 28,000 people in northern San Diego County, about 30 miles north of San Diego.

Gina Yarbrough, whose home is visible in the picture, said she got a call from her son, Kevin Yarbrough, who lives in a neighboring neighborhood, that the road was collapsing and that his house was in the way.

""I thought it was a joke,"" she said. ""I didn't know this was real",20.8%,-1.36
m-nom,0.3,"SAN DIEGO, California (CNN) -- More than 100 homes in an upscale San Diego community were evacuated after a landslide about 60 yards wide pulled the earth from beneath a three-lane road and some of the multimillion-dollar homes that adorn it. Gina Yarbrough sent this picture of the road"," to CNN. The community is being called ""El Mar De Los. X"". It's called ""La Corte L.O.C.L.I.D. X"" and it is referred to as ""La C.L.L.L.I.D. X"" The city is about 10 minutes from downtown and about 40 minutes from the beach. On June 16, 2016 CNN has been contacted by a resident who has seen a slide coming down the road. The slide has been called ""La C.L.L.I.D. X"" This was taken in La Corte L.O.C.L.I.D. X. The City is about 10 minutes from downtown and about 40 minutes from the beach and about 1.2 miles from a two-mile road. The City is about 2.7 miles from a two-mile road. This picture of the road was taken in La Corte L.O.C.L.I",62.4%,12.1,"CNN. The community X.. being called ""El Mar . a ... . FromX .. from the beach ..s called ""La Corte L a."" and.. fromO.C. . . . .. from ..I.D ..  a."" and it is referred to as "" d . from C . .L. X..L.I . to from. .. X"" The city .. from the beach.. d..... from downtown, from downtown and about 40 minutes  a. Beach from the .. beach. from  a. from the beach June 16, 2016 CNN has been contacted .. a resident who has seen  .. from from ..a slide coming down the road  .D. .. 10 The slide has 2.6 .. called "" . .. C.L about 10L.I.D. X I.D This .. 2.6 miles in La Corte L.O.C.L. . D..D about ....D. D.X. The and is near is about 10 D. .. downtown and about 40 .. from the beach and about 1.2 .. from a two D.Dmile road. The miles from the is about 2.7 miles from a two-mile road. This picture of the road was taken in La Corte L.O.C.L.I",31.2%,2.34,".D. The community is being called ""El Mar De Los. ..X"". It's called .L. ""La Cor . .DI..D.te L.O.C.L.I.D. X"" and it is referred to as ""La C ...D ....L .D..L.L.I .D.. ..SD. .D.X"" The city is .I. about 10 minutes . . from downtown and about 40 minutes from the beach. On June 16, 2016 CNN has .D..D. been contacted by .D ... a D ..X .. .. resident who .I. .D. ......J.L. has seen a slide coming down the road. X. .X.. The slide has been called ""La C .D..L.L. .D.I.D ..D. X"" This .. was taken in .A. La Corte L.O. D.C. X..L.I.D ... X. ..X. The City is X.. about 10 minutes from downtown and about 40 minutes from the beach and about 1.2 miles from a two- .Xmile road .D.. The City is about 2.7 miles .. x.. from a two ..X-mile road ... This picture of X. .D .D. the road was . . ...D . ... .G.. taken .... .D..D ..C. in La Cor X.te L. I .X....DO .D..C.L.I",34.9%,4.05,"  to CNN . community is being called "" El Mar De Los . X "" . It 's called "" La Corte L.O.C.L.I.D. X "" it is referred to as "" La C.L.L.L.I.D. X "" city is 10 minutes from downtown 40 minutes from beach . On June 16 , 2016 CNN has been contacted by resident who has seen slide coming down road . slide has been called "" La C.L.L.I.D. X "" This was taken in La Corte L.O.C.L.I.D. X. City is 10 minutes from downtown 40 minutes from beach 1.2 miles from two - mile road . City is 2.7 miles from two - mile road . picture of road was taken in La Corte",42.5%,5.23," in Escondido.

(CNN) -- More than 100 homes in Escondido, California, were evacuated after a landslide about 60 yards wide pulled the earth from beneath a three-lane road and some of the multimillion-dollar homes that adorn it.

The homes were evacuated on Friday morning and residents were allowed back in the afternoon, San Diego Fire-Rescue Department spokeswoman Michelle Maloney said.

The landslide was reported about 6:30 a.m. in Escondido, a community of about 28,000 people in northern San Diego County, about 30 miles north of San Diego.

Gina Yarbrough, whose home is visible in the picture, said she got a call from her son, Kevin Yarbrough, who lives in a neighboring neighborhood, that the road was collapsing and that his house was in the way.

""I thought it was a joke,"" she said. ""I didn't know this was real",20.8%,-1.36
m-nom,0.5,"SAN DIEGO, California (CNN) -- More than 100 homes in an upscale San Diego community were evacuated after a landslide about 60 yards wide pulled the earth from beneath a three-lane road and some of the multimillion-dollar homes that adorn it. Gina Yarbrough sent this picture of the road"," to CNN. The community is being called ""El Mar De Los. X"". It's called ""La Corte L.O.C.L.I.D. X"" and it is referred to as ""La C.L.L.L.I.D. X"" The city is about 10 minutes from downtown and about 40 minutes from the beach. On June 16, 2016 CNN has been contacted by a resident who has seen a slide coming down the road. The slide has been called ""La C.L.L.I.D. X"" This was taken in La Corte L.O.C.L.I.D. X. The City is about 10 minutes from downtown and about 40 minutes from the beach and about 1.2 miles from a two-mile road. The City is about 2.7 miles from a two-mile road. This picture of the road was taken in La Corte L.O.C.L.I",62.4%,12.1," .... The a .. mile road. the a. called ""El Mar .D. a a d The a The X and about 30 It' The aa. a.  a The .La Corte a. .. I a a  - and.. ...L A. ..D . A-.  .. a. and it a a.referred a a ""La C a.L. a .. D. a The D. ..-.I a andD. X"" The ..... is about 10  aa The. from . and about . a minutes mile road. the . --. On June 16, 2016 CNN has D a a a. aa by a - a-X the.a a  ---. seen a .D. a and the down . The road. a . has been called a . A. a the C.L X"". . A a .a The X""..D. a D. mile road ..a road. was  - mile road.a . in La Corte L.O.C aL.I.D. X. X"". City is about 10 minutes D. .- and mile road. 40 minutes from the D a and about 1.2 miles The. a a two-mile road. The City is about 2.7 miles D. The a . The-mile road. I.D picture of the road was taken in La Corte L.O.C.L.I",31.2%,2.47,". The .... .. community is being called ""El . .. - . Cd... Mar De Los. . .. . aaX"". It .. the.C . C.'s X. called ""La Corte L. a  . .aO.C.L.I.D. X"" and ... . .. in. it is . referred to as "" X andLa C ... ... aL .C. ...L . ..L.I.D ... X"" The city is X from El about 10 minutes from .D. downtown and . a . from it a. was and about 40 minutes . . from the beach - .. On D. ... about June 16, 2016 CNN . from has . . been contacted by a resident who has seen a ... . .. .. . by LarryD.C. slide coming .. ..... . D on down the road. .. .. a . The slide has been called ""La C.L. a ...L. ..I.D. X"" This .. was taken in La Cor . - . ate L.O.C.L.I.D .... . a twomile .. ....C.X. The City is about 10 minutes from downtown . . .. and about . . 40 minutes from X. the D. beach D. . in and about 1.2 miles . a .. from D. a two- a two-mile road. .D 2 . The City is about a a two-. . . . from2.7 miles from a . ..... two-mile road t. from. This .. picture of the .D a. road . a was . from . a.D. taken . . . . . in DC. . a.D. in La .. Corte L .... a .. . .O.C. . .L.I",32.2%,3.2,"  to CNN . community is being called "" El Mar De Los . X "" . It 's called "" La Corte L.O.C.L.I.D. X "" it is referred to as "" La C.L.L.L.I.D. X "" city is 10 minutes from downtown 40 minutes from beach . On June 16 , 2016 CNN has been contacted by resident who has seen slide coming down road . slide has been called "" La C.L.L.I.D. X "" This was taken in La Corte L.O.C.L.I.D. X. City is 10 minutes from downtown 40 minutes from beach 1.2 miles from two - mile road . City is 2.7 miles from two - mile road . picture of road was taken in La Corte",42.5%,5.23," in Escondido.

(CNN) -- More than 100 homes in Escondido, California, were evacuated after a landslide about 60 yards wide pulled the earth from beneath a three-lane road and some of the multimillion-dollar homes that adorn it.

The homes were evacuated on Friday morning and residents were allowed back in the afternoon, San Diego Fire-Rescue Department spokeswoman Michelle Maloney said.

The landslide was reported about 6:30 a.m. in Escondido, a community of about 28,000 people in northern San Diego County, about 30 miles north of San Diego.

Gina Yarbrough, whose home is visible in the picture, said she got a call from her son, Kevin Yarbrough, who lives in a neighboring neighborhood, that the road was collapsing and that his house was in the way.

""I thought it was a joke,"" she said. ""I didn't know this was real",20.8%,-1.36
m-nom,0.1,"ABECHE, Chad (CNN) -- Most of the 103 children that a French charity attempted to take to France from Chad for adoption are neither Sudanese nor orphans, three international aid agencies reported on Thursday. Hundreds of women protest child trafficking and shout anti-French slogans Wednesday in Abeche, Chad. Six", weeks of protests in Abeche and Chad have led to no action from the international aid agencies. (full report) http://s.tam.com/s.tam/s.tam/s.tam/s.tam/s.tam/s.tam/s.tam/s.tam/s.tam/s.tam/s.tam/s.tam/s.tam/s.tam/s.tam/s.tam/s.tam/s.tam/s.tam/s.tam/s.tam/s.tam/s.tam/s.tam/s.tam/s.tam/s.tam/s.tam/s.tam/s.tam/s.tam/s.tam/s.tam/s.,26.4%,0.452,of protests .tam s.teche and Chad have led to no action from the international aid agencies. (full report) http://s.tam tam Abcom .tams. .tam/s.tam/s.tam/s.tam/s.tam/s.tam/s.tam/s.tam/s.tam/s.tam/ are being ignored.t . (ful/s. tam Abam/s.tam/s.tam/s.tam/s.tam/s.tam/ /tam. .tamam/s tamrepressiont .tam/s.tam/s.tam/s .ttam/s.tam /ss.tam/ .t.tam/s.tam . ts.t / tam//s.tam/ .tam.tam/s.tam/s.tam/s.tam/s.tam/s.,25.6%,0.195,s in Abeche and Chad have led to and in Cha .tam no action from the international aid agencies. (ful andtl report) http://s.t and inam.com/s.tam/s.tam/s.tam/s.tam/s.tam/s.tam/s.tam/s.tam/s.tam/s.tam/s.tam/s ..tam/s.tam/s.tam/s ).tam/s. /ttam/s.t . in in Abeam 's cities and Inf/s.tam/s.tam/ . ss.tam/s tls.tam/ (fully reports.tam/s.t and in Chaam/s.tam/s.tam/s.t /s andam/s.t tam/am/s and Chad.tam/s.tam/s.tam/ tam/s.t andtam/s.tam/s.tam/s.,20.9%,-1.43,  weeks of protests in Abeche and Chad have led to action from the aid agencies . ( full report ) http://s.tam.com/s.tam/s.tam/s.tam/s.tam/s.tam/s.tam/s.tam/s.tam/s.tam/s.tam/s.tam/s.tam/s.tam/s.tam/s.tam/s.tam/s.tam/s.tam/s.tam/s.tam/s.tam/s.tam/s.tam/s.tam/s.tam/s.tam/s.tam/s.tam/s.tam/s.tam/s.tam/s.tam/s.tam/s .,23.0%,-0.66," Nigerian women are among those seeking to travel to France on humanitarian grounds. Aid workers say they are aware of about five Chadians who are ready to be adopted.

(CNN) -- A U.S. appeals court on Thursday ruled against the Bush administration's effort to halt a ruling that would allow the United Nations to bypass Congress to provide refugees with special visas. Justice Department lawyers had argued that the State Department had the authority to deny visas to those seeking refugee status under the Convention Against Torture. The ruling, by a three-judge panel of the 5th U.S. Circuit Court of Appeals in New Orleans, gives the state of Louisiana, which filed the case, a chance to appeal.

(CNN) -- A French woman who was kidnapped and held in Libya for two years was freed Saturday, the International Committee of the Red Cross said. In a statement, the group said ""the kidnapped woman, who has been identified as Chantal Blaise, was",23.9%,-0.37
m-nom,0.3,"ABECHE, Chad (CNN) -- Most of the 103 children that a French charity attempted to take to France from Chad for adoption are neither Sudanese nor orphans, three international aid agencies reported on Thursday. Hundreds of women protest child trafficking and shout anti-French slogans Wednesday in Abeche, Chad. Six", weeks of protests in Abeche and Chad have led to no action from the international aid agencies. (full report) http://s.tam.com/s.tam/s.tam/s.tam/s.tam/s.tam/s.tam/s.tam/s.tam/s.tam/s.tam/s.tam/s.tam/s.tam/s.tam/s.tam/s.tam/s.tam/s.tam/s.tam/s.tam/s.tam/s.tam/s.tam/s.tam/s.tam/s.tam/s.tam/s.tam/s.tam/s.tam/s.tam/s.tam/s.tam/s.,26.4%,0.452,of protests in Abe .t. and  . . Ofd have led to no . The massive . .t .. and . .t. international aid . .. ..full . The massive . The protest http://s.tam.com/s.tam/s.tam/s. . The protestam/s . The demonstration . ..am/ .t.tam/s . massive protestfulltam/s.t . The/s . .. The demonstration. International aid ...t (tam/ . The demonstration  .tttam/s.tam/s. . The ongoingam/s.tam/s.  . .t. The protest .am . massive demonstrations.tam/s and Cha  . Ofd The demonstrationtam a .s.t . The massive. The hundreds . The . The massives.t . The protest  . . The thousands of demonstr . The thousandss. . The demonstrationam . The massives.tam/s. . the absence . The/ .t.tam/s. . The protest. protestam/s.tam/s.tam/s.tam/s.tam/ .. But.tam/s.tam/s.tam/s.tam/s.tam/s.tam/s.tam/s.,20.8%,-1.63,"s in Abeche and Chad s and have led to have / and/s s// left no action from the international aid agencies. (full report s.) http://s.tam.com/s.tam/s.tam/s.t / and/ ens s ofam s. ..tam//s.tam/s. / /s and/tam/s s.t.t / and inam/s.tam/s. e //s.am or Chatam/s.t // andam / s and//s. / .tam/ .ts.tam s and the/s.tam/s.t s and s .a and/sam s u andt/s.tam and//s st.tam/s /s in /.tam/s.tam/s.tam lm//s.tam/s.tam /s/s and/s. andt n st andtam/s.tam/s s.t.t am s andam/ s ins. / andtam have //s a/ and and Chad.tam/ s and/s.tam/ s ands s, Ao and and.tam/s.tam/s.tam )t/s.tam/s. . st and Chadam/s.t s inam s ./ s ands. s.tam/ . and abs.",24.6%,-0.163,  weeks of protests in Abeche Chad have led to action from aid agencies . ( report ) http://s.tam.com/s.tam/s.tam/s.tam/s.tam/s.tam/s.tam/s.tam/s.tam/s.tam/s.tam/s.tam/s.tam/s.tam/s.tam/s.tam/s.tam/s.tam/s.tam/s.tam/s.tam/s.tam/s.tam/s.tam/s.tam/s.tam/s.tam/s.tam/s.tam/s.tam/s.tam/s.tam/s.tam/s.tam/s .,22.3%,-0.873," Nigerian women are among those seeking to travel to France on humanitarian grounds. Aid workers say they are aware of about five Chadians who are ready to be adopted.

(CNN) -- A U.S. appeals court on Thursday ruled against the Bush administration's effort to halt a ruling that would allow the United Nations to bypass Congress to provide refugees with special visas. Justice Department lawyers had argued that the State Department had the authority to deny visas to those seeking refugee status under the Convention Against Torture. The ruling, by a three-judge panel of the 5th U.S. Circuit Court of Appeals in New Orleans, gives the state of Louisiana, which filed the case, a chance to appeal.

(CNN) -- A French woman who was kidnapped and held in Libya for two years was freed Saturday, the International Committee of the Red Cross said. In a statement, the group said ""the kidnapped woman, who has been identified as Chantal Blaise, was",23.9%,-0.37
m-nom,0.5,"ABECHE, Chad (CNN) -- Most of the 103 children that a French charity attempted to take to France from Chad for adoption are neither Sudanese nor orphans, three international aid agencies reported on Thursday. Hundreds of women protest child trafficking and shout anti-French slogans Wednesday in Abeche, Chad. Six", weeks of protests in Abeche and Chad have led to no action from the international aid agencies. (full report) http://s.tam.com/s.tam/s.tam/s.tam/s.tam/s.tam/s.tam/s.tam/s.tam/s.tam/s.tam/s.tam/s.tam/s.tam/s.tam/s.tam/s.tam/s.tam/s.tam/s.tam/s.tam/s.tam/s.tam/s.tam/s.tam/s.tam/s.tam/s.tam/s.tam/s.tam/s.tam/s.tam/s.tam/s.tam/s.,26.4%,0.452,"tam the violence ins t. thet in tt in the the violence . theche and Chad  the thetam tam to no action from the in of the a int agencies. s the violencefull report) ( the at the . and other/ other tam t  tam/ ./tam . The tam. and other in . the. The governmentam s incom   the rs.ss.tam/s am/ the in of . oft /s. in of the . aam. s sam/s. thet of t s. violence/ /s the violence in.t .tam / in/ of the. / am in/ in the/s  t /s. violence tam/t s remain tts the Thet as. the violence the the /.tam  (full in of and Chad.tam/s. /.tam , t tt/ Cha regions. .tam/s.tam s . The conflict thes the in the the thet the violence of the/ ins . The r in of / other/ other/am/s.tam s.ss / tt.tam/s.tam/s.tam/s.tam/s.tam/s.  the in ofsam/ int.tam/s. on Thursday nightam in.s. remain largelyam/ in of the.tam/s.tam/s.tam/s.t /s./s.tam/s.tam/s.tam/s.tam/s.tam/s.",21.8%,-1.35,s in Abeche and Chad have led to no action from the international tt aid /t /ss agencies. a //st ( bst and m/sfull report) /s. http:// /ts.tam.com s and and/s eeche. / /tam /s./ / /s.s.c /s and .t od ers.tam and Chad st /t/ tam/s.tam s e/s. /s /s.t and Chadam and Chad/s.t s.am/s.tam/s.tam/s.tam/s .t.tam/s. . stam/s.tam/s ts. .a . o.t and in Abam/s.t /t am/sam/s and /t..tam/s.tam/ t and allam/s.tam . ( and Chad/s.t .tam/s.tam/s /s. ht tttam //eche and/ /s. /s/s.tam - - and in Ab adv/ . ts int.tams and /am/..t and and in atam/ /s.s.tam/ ads.tam /e/s tam.tam/s. and /t//s and eche T at /s.am/ and.r/ and Chads.t /s. and inam eche and/s and in /s Cha  s and T/ /s.s . The es. /s andtam t//s.t eche/am/s.tam t r . s/s.tam/s.t / are still untam /t/s. eche. /sttam/s.tam /a/ dt s/s eche and e and in.,26.7%,0.775,  weeks of protests in Abeche Chad have led to action from aid agencies . ( report ) http://s.tam.com/s.tam/s.tam/s.tam/s.tam/s.tam/s.tam/s.tam/s.tam/s.tam/s.tam/s.tam/s.tam/s.tam/s.tam/s.tam/s.tam/s.tam/s.tam/s.tam/s.tam/s.tam/s.tam/s.tam/s.tam/s.tam/s.tam/s.tam/s.tam/s.tam/s.tam/s.tam/s.tam/s.tam/s .,22.3%,-0.873," Nigerian women are among those seeking to travel to France on humanitarian grounds. Aid workers say they are aware of about five Chadians who are ready to be adopted.

(CNN) -- A U.S. appeals court on Thursday ruled against the Bush administration's effort to halt a ruling that would allow the United Nations to bypass Congress to provide refugees with special visas. Justice Department lawyers had argued that the State Department had the authority to deny visas to those seeking refugee status under the Convention Against Torture. The ruling, by a three-judge panel of the 5th U.S. Circuit Court of Appeals in New Orleans, gives the state of Louisiana, which filed the case, a chance to appeal.

(CNN) -- A French woman who was kidnapped and held in Libya for two years was freed Saturday, the International Committee of the Red Cross said. In a statement, the group said ""the kidnapped woman, who has been identified as Chantal Blaise, was",23.9%,-0.37
m-nom,0.1,"(CNN) -- Explorer Dennis Schmitt found an island nearly two years ago near Greenland. Fishermen pass by Greenland's Ilulissat fjord in this September 2004 picture. Such a discovery would usually elicit curiosity, even wonder perhaps, but it evoked mixed feelings for the explorer. The island was once"," very close to the ocean, but now it is on the far side. It was thought that the small fjord was the result of a big earthquake. In the spring of 2004, the research team was exploring the fjord. The team had the opportunity to spend a week in the fjord’s fjord near the island of Ilulissat. During that trip, the researchers were able to conduct research in a small area of the fjord near the island. In the spring of 2004, the research team was exploring the fjord near the island of Ilulissat. In the spring of 2004, the research team was exploring the fjord near the island of Ilulissat. In this September 2004 picture of Ilulissat, a fjord is seen on the other side of the fjord from the island of Ilulissat. In this September 2004 picture of Ilulissat, a fjord is",56.9%,10.3,"close to the ocean, but now The is seen is on on far side far side. It was thought that the small fjord was the result of  from the big earthquake . I see In the spring of 2004, the The is seen onf is seen was exploring the fjord. The team the f the opportunity to spend a week in the fjord’s f the island. Il seen near the island of Ilulissat. During that trip, the . On the were able to On seen research in a small area of the fjord near the island. In the spring of 2004, the research team seen on the Ilul exploring the fjord near the island of Ilulissat. In the spring of 2004, the research team was exploring the  seen seenjord near the island of Ilulissat. In this September 2004 picture of Il on seenissat, a  It is s seen onjord is seen on the seen is seen side of the fjord from the island of Ilulissat. In this September 2004 picture of Il from the islandisulissat, a fjord is",43.6%,6.57,", but now it is on the far on seen side. side the from It was thought that the small fjord was the the seen result of a big earthquake. In the spring of 2004, the research team was exploring the towards of an the towardssfjord. The team had the opportunity to spend the f a week in the fjord’s fjord near the island of Il from seenulissat. During the island but the otherside that trip from the island, the researchers were able to conduct research in a small area seen f of the fjord near the island. In the spring of 2004, island seen the research team was exploring the fjord near The small the island of Il on the towardsulissat. In the spring of 2004, the towards the ocean to look through research towards seen team was exploring the fjord near the island of Ilulissat. In the other side this September 2004 picture of Ilulissat, a fjord is seen on the other side of the from the islandfjord from the island of Ilul the islandissat. In this September 2004 picture with the towards of Ilulissat, a fjord is",44.7%,7.14,"  very close to ocean , now it is on far side . It was thought that the small fjord was the result of a earthquake . In the spring of 2004 , research team was exploring fjord . The team had the opportunity to spend a week in the fjord ’s fjord near island of Ilulissat . During trip , the researchers were able conduct research in small area of the fjord near the island . In the spring of 2004 , the research team was exploring the fjord near the island of Ilulissat . In spring of 2004 , research team was exploring the fjord near the island of Ilulissat . In this September 2004 picture of Ilulissat , a fjord is seen on other side of the fjord from island of Ilulissat . In September 2004 picture of Ilulissat , fjord is",40.7%,4.88," part of the Danish territory of Greenland and was claimed on February 1, 1818 by King Christian IX (known as Christian X in the 18th century) of Denmark. This was the period in history when the Danish Maritime Act of 1815 gave the sovereign of Denmark the right to claim all the Danish islands in the North Atlantic and the Arctic Ocean, including Greenland, if they were ""of importance and importance to the Danish shipping."" The Danish claim to this island was well-received. The island was claimed by Denmark, but after many years of negotiation, was released by Denmark in the 1864 Treaty of Copenhagen.

Icelandic fisherman and author Kenneth A. N. Andersen, who grew up in Iceland, worked on the project. He said of the project: ""I wanted to do something that was going to help the Icelandic fishing community and also the Icelandic fishing companies. The fishing industry is in trouble and they've been very successful at getting their own government to do a lot of things",31.0%,1.93
m-nom,0.3,"(CNN) -- Explorer Dennis Schmitt found an island nearly two years ago near Greenland. Fishermen pass by Greenland's Ilulissat fjord in this September 2004 picture. Such a discovery would usually elicit curiosity, even wonder perhaps, but it evoked mixed feelings for the explorer. The island was once"," very close to the ocean, but now it is on the far side. It was thought that the small fjord was the result of a big earthquake. In the spring of 2004, the research team was exploring the fjord. The team had the opportunity to spend a week in the fjord’s fjord near the island of Ilulissat. During that trip, the researchers were able to conduct research in a small area of the fjord near the island. In the spring of 2004, the research team was exploring the fjord near the island of Ilulissat. In the spring of 2004, the research team was exploring the fjord near the island of Ilulissat. In this September 2004 picture of Ilulissat, a fjord is seen on the other side of the fjord from the island of Ilulissat. In this September 2004 picture of Ilulissat, a fjord is",56.9%,10.3,"close to seen from the ocean, but  the seen and This it is on is the is seen this far side this is seen It seen seen thought a small the small seen is an ocean isf .  the seend was the result of a big earthquake. In the spring of 2004, the research team was far this this this the the on this isfjord. The team the seen which the seen from This the side of opportunity to spend the islands seen this seen aa week seen and This the  the .jord’s  island, Iljor Ilul near the island of Ilulissat. During that trip, the researchers were  is this seen to conduct research . seen on this the other  is seen on small on the other of the the seen this seenjor the seen near the island. In the but seen a small other side 2004, the other side research seen seensat was exploring the  from the islandjor the the other the other the island of Ilulissat the  seen on the this is seen the . In of this seen the research team from the the island side exploring the  from seen the seend the one the the island of this seenul the seensat. In this September 2004 picture of the seenul the othersat, . Thisa  is seen on on the otherd is seen on the other side of the fjord from the island of Ilulissat. In this September 2004 picture of Ilulissat, a fjord is",34.5%,3.87,", but on now it is on the far side. It was thought .l that the small is islandulf s seenjor of the thed was the is On one one seen is the f sees from seen result of a big . to the Islands It used earthquake. In the spring of 2004, the and the other research team was exploring the fjord. The team had the opportunity to spend a week in to the as seen far the fjord’ islands. Islandss from the islandfjor the island.d near the island a by the the island. is island of islandulis Ilulissat. from from During on islandulis . that trip, the researchers o island of were able to the the to conduct research . seen in a small area of the seen the the island of fjord near the island. In the spring of . is by 2004, the research team on the was exploring on one the f . islands. island. It the fjord near the island to the of Iluliss islandulat. Isles Islands In the spring Isle, in of 2004, fjor the research team was exploring the fjor the islanduld the f near the island of the left side Ilulis of Il insat the seen. is on the In this September 2004 picture a of Il from the islandulis from the sides sat, a Islandulisfjord is seen on the islanda other , it is side of the . Islands islandulffjor Island.fd from the the islandul island iliss of from the Iluliss with the theat. In this September 2004 picture of Il is thedulis from the onsat, a fjord the the is is",27.4%,1.02,"  to ocean , it is on side . It was thought that fjord was result of earthquake . In spring of 2004 , research team was exploring fjord . team had opportunity spend week in fjord fjord near island of Ilulissat . During trip , researchers were conduct research in area of fjord near island . In spring of 2004 , research team was exploring fjord near island of Ilulissat . In spring of 2004 , research team was exploring fjord near island of Ilulissat . In September 2004 picture of Ilulissat , fjord is seen on side of fjord from island of Ilulissat . In September 2004 picture of Ilulissat , fjord is",33.3%,2.36," part of the Danish territory of Greenland and was claimed on February 1, 1818 by King Christian IX (known as Christian X in the 18th century) of Denmark. This was the period in history when the Danish Maritime Act of 1815 gave the sovereign of Denmark the right to claim all the Danish islands in the North Atlantic and the Arctic Ocean, including Greenland, if they were ""of importance and importance to the Danish shipping."" The Danish claim to this island was well-received. The island was claimed by Denmark, but after many years of negotiation, was released by Denmark in the 1864 Treaty of Copenhagen.

Icelandic fisherman and author Kenneth A. N. Andersen, who grew up in Iceland, worked on the project. He said of the project: ""I wanted to do something that was going to help the Icelandic fishing community and also the Icelandic fishing companies. The fishing industry is in trouble and they've been very successful at getting their own government to do a lot of things",31.0%,1.93
m-nom,0.5,"(CNN) -- Explorer Dennis Schmitt found an island nearly two years ago near Greenland. Fishermen pass by Greenland's Ilulissat fjord in this September 2004 picture. Such a discovery would usually elicit curiosity, even wonder perhaps, but it evoked mixed feelings for the explorer. The island was once"," very close to the ocean, but now it is on the far side. It was thought that the small fjord was the result of a big earthquake. In the spring of 2004, the research team was exploring the fjord. The team had the opportunity to spend a week in the fjord’s fjord near the island of Ilulissat. During that trip, the researchers were able to conduct research in a small area of the fjord near the island. In the spring of 2004, the research team was exploring the fjord near the island of Ilulissat. In the spring of 2004, the research team was exploring the fjord near the island of Ilulissat. In this September 2004 picture of Ilulissat, a fjord is seen on the other side of the fjord from the island of Ilulissat. In this September 2004 picture of Ilulissat, a fjord is",56.9%,10.3,"the seen to. the f the to ocean,  to a small the seen seen and the from the the seen side the seen is on the far side an old the seen was thought that the the on the see the thefjord a the the seen seen and the see seen the seen and on the seen. In this from the to f side of on the seen. In the spring of 2004, near , the . seen seen of seen of research , seen is on exploring . In on the fjord. the the to see the had the opportunity to spend  the   the the In this week in a see  island seen the far side seend’s the far side , is seen on seen seen on the seen the on island of Il near the from , of of Ilul seen seen the seen the seen the seen on the  , the seen that trip, the on the the f were the other the seenable to the far side research in a small . In this of the seen on the . In this at the the the seen seen a on the fd seen is seen seen on in the ocean island the the far In the spring On the island 2004, the research team was exploring the f . Ind the seen the island of Ilul the , see  the . , the island another seen see the from. In the spring of 2004, the research team was exploring the see the of seen see thefjor the on the the of near the the seen of the fulissat. In this September the island picture of Ilulissat,  , see the from thefjord is seen on the the f side of the fjord from the the to the of the seenulissat. In this September 2004 picture of Ilulissat, a fjord is",32.5%,3.32,", seen on island the il seen in the but now it is on the far side. It was Ilul on thought from , that the small fjord was the result of a on from Ilul the seen the seen the view island the big from visible earthquake. the seen on In the of shown , seen seen shown from spring island seen on seen seen of the seen on the seen 2004, the research team seen seen seen on seen was the seen exploring seen seen from the fjord from the. The team had the opportunity to spend a week seen seen seen in the f another sidejord’s fjord near the island seen of seen on the Ilul on the Island seen the view and Il seen toUL seen on seen seen , seen of Ilul on the by the seen islandissat. During that trip, the researchers were able thes seen to the island il Island seen of conduct research in on seen a small area .s seen seen the seen The , seen The see of the seen seen seenfjor the island the the the thed on seen near the island. In the spring of 2004, the island seen research on seen team was exploring can il seen the see of’t taken of the the is seen island the island see from seen fjord near if seen the island of Il il seen by on theuliss seen seen the island from seen seen islandat. In the spring fjor of 2004, the research team was seen of the is with on the the exploring the of the fjord and seen from seen seen seen near Island of Il the Island of the the seen on f island island seen seen of fjor Ilulissat seen on the. In this September 2004 picture of Il seen seen on the seenulissat from the, a fjord , seen is seen seen on the the seen on of the f seen seen.jord the the other side of seen on it seen island the f from the shownjord from the Ilulis island from the island seen seen island of Ilul the the ofiss seen asat. In this an island from from island seen the island September 2004 picture of Ilulissat il seen from, a a on the seen on a a the the of of theil Island seen off of seenjor from noticedd is",29.4%,2.2,"  to ocean , it is on side . It was thought that fjord was result of earthquake . In spring of 2004 , research team was exploring fjord . team had opportunity spend week in fjord fjord near island of Ilulissat . During trip , researchers were conduct research in area of fjord near island . In spring of 2004 , research team was exploring fjord near island of Ilulissat . In spring of 2004 , research team was exploring fjord near island of Ilulissat . In September 2004 picture of Ilulissat , fjord is seen on side of fjord from island of Ilulissat . In September 2004 picture of Ilulissat , fjord is",33.3%,2.36," part of the Danish territory of Greenland and was claimed on February 1, 1818 by King Christian IX (known as Christian X in the 18th century) of Denmark. This was the period in history when the Danish Maritime Act of 1815 gave the sovereign of Denmark the right to claim all the Danish islands in the North Atlantic and the Arctic Ocean, including Greenland, if they were ""of importance and importance to the Danish shipping."" The Danish claim to this island was well-received. The island was claimed by Denmark, but after many years of negotiation, was released by Denmark in the 1864 Treaty of Copenhagen.

Icelandic fisherman and author Kenneth A. N. Andersen, who grew up in Iceland, worked on the project. He said of the project: ""I wanted to do something that was going to help the Icelandic fishing community and also the Icelandic fishing companies. The fishing industry is in trouble and they've been very successful at getting their own government to do a lot of things",31.0%,1.93
m-nom,0.1,"MOGADISHU, Somalia (CNN) -- An enraged crowd dragged the body of an Ethiopian soldier through the streets of Somalia's capital Thursday after gun battles with Islamic insurgents killed 19 people, witnesses reported. In a brutal echo of a 1993 battle involving Somali militias in which the bodies of U.S. troops"," were blown up in a city. Both. The body of an Ethiopian soldier is also thought to be missing, but there is no evidence that they are dead. In addition, the body of an Ethiopian is in a city. Both. The body of an Ethiopian is in a city. Both. The body of an Ethiopian is in a city. Both. The body of an Ethiopian is in a city. Both. The body of an Ethiopian is in a city. Both. The body of an Ethiopian is in a city. Both. The body of an Ethiopian is in a city. Both. The body of an Ethiopian is in a city. Both. The body of an Ethiopian is in a city. Both. The body of an Ethiopian is in a city. Both. The body of an Ethiopian is in a city. Both. The body of an Ethiopian is in a city. Both. The body of an Ethiopian is in a city. Both. The body of an Ethiopian is in a city",78.7%,17.4,"blown up in a city. Both. The body of an Ethiopian a city. is also thought to . is in missing, .. The body of is no is in that they are dead The body of In addition, the body of an Ethiopian is in a city. . body of in. The body of an Ethiopian is in a city. Both. The body  body of an in an Ethiopian is in a city. Both. are also thought . Both. of an Ethiopian is in a city. Both. The body of an Ethiopian is in a city. Both. The body of an Ethiopian is in a city. Both. The body of an Ethiopian is in  . s. city. Both body of is The body of an Ethiopian is in a city. Both. The body of an is inn is in  is also in the body of. Both. The body of an Ethiopian is in a city. is in. The body of an Ethiopian is in a .. Both. The  . and the. of an Ethiopian is in a city. Both. The body of an Ethiopian are all missing in a city. Both. The body of an Ethiopian is in a city",58.8%,11.9,"blown up in blown upa city is in. Both. The body of an Ethiopian soldier is also thought to be missing, but there is no evidence that they are dead. In addition, the a. Both body of an Ethiopian is in a city. Both. The blown blown city city body of an Ethiopian is in a city. Both. The body of an Ethiopian a city is is in a city. Both d is. The body of an Ethiopian is in a t blown city blown An is. Both . The body. The body of an Ethiopian t is an is in a blown city is city. Both. The body of an Ethiopian is in a city. Both. The body of an Ethiopian is in a city. Both. The body of an Ethiopian is in a city. Both. The body a city of an Ethiopian is in a city. Both. The body of an Ethiopian is in a city. Both. The body t is in of an Ethiopian is in a city. Both. b blown t blown The body t blown blown in of an Ethiopia is inn is in a city. Both. The body of an Ethiopia t.n is in a city. blown. The Both t s. The body t blown of an Ethiopian is in a city",52.2%,9.95,"  were blown up in city . Both . The body of an Ethiopian soldier is also thought to be missing , but there is evidence that they are . In addition , the body of Ethiopian is in a city . Both . body of Ethiopian is in a city . Both . The body of an Ethiopian is in a city . Both . The body of Ethiopian is in a city . Both . The body of an Ethiopian is in city . Both . The body of Ethiopian is in a city . Both . body of Ethiopian is in city . Both . The body of an Ethiopian is in a city . Both . The body of Ethiopian is in a city . Both . The body of Ethiopian is in a city . Both . The body of Ethiopian is in a city . Both . The body of Ethiopian is in city . Both . The body of an Ethiopian is in a city . Both . body of Ethiopian is in city",26.4%,0.433," were burned, the crowd set the soldier's body on fire, witnesses said. ""I saw the body, but I could not reach it,"" said one witness, who declined to give his name for fear of retaliation. ""There was a lot of smoke,"" he said. ""There was dead bodies everywhere."" ""They burned it with the wall, so it was smelly,"" another witness, Ali Mohamed, said. ""There was a lot of blood."" Screams of anguish and cries of ""Allahu Akbar"" (God is Greatest) rang out in the streets. ""I am so sad,"" said another witness, Mohammed Nur. ""I am so sad. I am so sad. I am so sad."" The Ethiopian soldier was killed along with eight other soldiers and four policemen, officials said. His death caused the population of Mogadishu to panic, said Hamad Mohamed Ali, a political leader and former mayor of Mogadishu. ""People were so scared,"" he said.",20.8%,-1.36
m-nom,0.3,"MOGADISHU, Somalia (CNN) -- An enraged crowd dragged the body of an Ethiopian soldier through the streets of Somalia's capital Thursday after gun battles with Islamic insurgents killed 19 people, witnesses reported. In a brutal echo of a 1993 battle involving Somali militias in which the bodies of U.S. troops"," were blown up in a city. Both. The body of an Ethiopian soldier is also thought to be missing, but there is no evidence that they are dead. In addition, the body of an Ethiopian is in a city. Both. The body of an Ethiopian is in a city. Both. The body of an Ethiopian is in a city. Both. The body of an Ethiopian is in a city. Both. The body of an Ethiopian is in a city. Both. The body of an Ethiopian is in a city. Both. The body of an Ethiopian is in a city. Both. The body of an Ethiopian is in a city. Both. The body of an Ethiopian is in a city. Both. The body of an Ethiopian is in a city. Both. The body of an Ethiopian is in a city. Both. The body of an Ethiopian is in a city. Both. The body of an Ethiopian is in a city. Both. The body of an Ethiopian is in a city",78.7%,17.4,"both. body city exploded There isn up in a the. body a city. Both. The body of an Ethiopian soldier is has An. is of an Ethiopia The to be missing body of body but there is body. an Ethiopia evidence city of body The body they are dead. In addition, the body of an Ethiopian is in a city. Both an body an The I. The exploded An body exploded The exploded in of an Ethiopian is in  a body The body. an body body of the body. Both is in The an exploded of an Ethiopian is in a city. Both in is body The body The body of  body The body Ethiopia is. is in a city. Both. The a. city of an There isn is in a body The body. Both. Body body an body body The body an is The of an Ethiopian The body of a city. an exploded an in is.a city. Both. an. Body body of an Ethiopian is body an  exploded in. ina city. Both. of body Ethiopia is body body of an an Ethiopian Body Body of in and There isa in a. Both The body The body of an Ethiopian is in a city. Both. exploded exploded in body of an Ethiopian is in a body of an. It is in. The body of an Ethiopian is in  the. city The. Both The body The body of exploded in Ethiopian is in a city. Both. The body of an Ethiopian is in  is. city. Both. The body of an Ethiopian is in a city",41.4%,6.67,"blown n, has n up in a city. Both body is found. The body of an n is found Ethiopian body is in the body of soldier is also thought to be missing, of an Ethiopia but there is no evidence that explosion body body they are dead. s In is found in addition. The body In addition, the body of an Ethiopian is . is in a city. Both body of n body , body,. body, is The body . Ethiopian is Both body in body. is in' of body e. Ethiopia of an Ethiopian is in body of an found body a city. explosion, body Both. The body of an Ethiopian is in a city n body body. body Ethiopia is Both. The body of an Ethiopian is in a city. is body is Both. s body is The n body body of t body been found in in an Ethiopian is in a city. Both. The body body Ethiopian. of body of an Ethiopian is body found in body found in in a city body. .. torn. Both of an Ethiopia. The body A body body is found of of torn an Ethiopia is.n is in a is found in city. Both. body found is The body of an Ethiopian is in body Ethiopia is a city. Both. The body of an Ethiopian is in a n body Ethiopia is in body city. is body to Both. The body is in body of an Ethiopian is is found in in the body of body of ana city. Both blown , body of up body. The is found in body of an Ethiopian .. is in body is founda city body is in body is in. Both. The body of an Ethiopian is in a city. Both. body of an The body of an Ethiopia is found bodyn is in is found body is, ina city. Both. The body of an is in' is body is in in. Ethiopian is in a city",36.3%,5.09,"  were blown up in city . Both . body of soldier is thought be missing , there is evidence that they are . In addition , body of Ethiopian is in city . Both . body of Ethiopian is in city . Both . body of Ethiopian is in city . Both . body of Ethiopian is in city . Both . body of Ethiopian is in city . Both . body of Ethiopian is in city . Both . body of Ethiopian is in city . Both . body of Ethiopian is in city . Both . body of Ethiopian is in city . Both . body of Ethiopian is in city . Both . body of Ethiopian is in city . Both . body of Ethiopian is in city . Both . body of Ethiopian is in city . Both . body of Ethiopian is in city",3.4%,-6.05," were burned, the crowd set the soldier's body on fire, witnesses said. ""I saw the body, but I could not reach it,"" said one witness, who declined to give his name for fear of retaliation. ""There was a lot of smoke,"" he said. ""There was dead bodies everywhere."" ""They burned it with the wall, so it was smelly,"" another witness, Ali Mohamed, said. ""There was a lot of blood."" Screams of anguish and cries of ""Allahu Akbar"" (God is Greatest) rang out in the streets. ""I am so sad,"" said another witness, Mohammed Nur. ""I am so sad. I am so sad. I am so sad."" The Ethiopian soldier was killed along with eight other soldiers and four policemen, officials said. His death caused the population of Mogadishu to panic, said Hamad Mohamed Ali, a political leader and former mayor of Mogadishu. ""People were so scared,"" he said.",20.8%,-1.36
m-nom,0.5,"MOGADISHU, Somalia (CNN) -- An enraged crowd dragged the body of an Ethiopian soldier through the streets of Somalia's capital Thursday after gun battles with Islamic insurgents killed 19 people, witnesses reported. In a brutal echo of a 1993 battle involving Somali militias in which the bodies of U.S. troops"," were blown up in a city. Both. The body of an Ethiopian soldier is also thought to be missing, but there is no evidence that they are dead. In addition, the body of an Ethiopian is in a city. Both. The body of an Ethiopian is in a city. Both. The body of an Ethiopian is in a city. Both. The body of an Ethiopian is in a city. Both. The body of an Ethiopian is in a city. Both. The body of an Ethiopian is in a city. Both. The body of an Ethiopian is in a city. Both. The body of an Ethiopian is in a city. Both. The body of an Ethiopian is in a city. Both. The body of an Ethiopian is in a city. Both. The body of an Ethiopian is in a city. Both. The body of an Ethiopian is in a city. Both. The body of an Ethiopian is in a city. Both. The body of an Ethiopian is in a city",78.7%,17.4," a.a a.blown up in of  a bomb a.a city isa. an city. is a. The body  a body in. an Ethiopian soldier is also a body of. body of to be missing, s a.ina body is there is . In evidence that they in a is in a.. In addition,  a bomb. , ., of body of body of an body a city is.  a.n is a body a. a.s is body a is . a a. a.a city is body of bomb. a body in city. Both. . body in is . An Ethiopiaa. in   a city is body. s body in in a of a bombo body of Ethiopia s body is a.  a bodya  a in . city. Both . of in The body b  a. bodya a a body is of. Ethiopia an Ethiopian .n isa. in a citya city a body ofa body a. the a is is. The body . a an Ethiopia a city body , Ethiopia,s. a.n a body of a a city. a. in a body of,. Both. The body of an Ethiopian a body of The body of a city. Both. The body of an Ethiopia .. is a body.a body a city a city.  s in body in a. The body of an Ethiopian is in a city.  , an Ethiopia, was. The body , an  a body of body ofa.an a.n a.n is in a city. Both. The a is ina body of of an Ethiopia is in is in a city. Both. The body is is in an Ethiopian is in a.a a is in. o body ofa, Ethiopia. The body s a an Ethiopian a body of in a city. Both. The body of an Ethiopian is in a city. Both. The body of an Ethiopia Both. The is in a city. Both. The body of an Ethiopian is in a city",33.2%,3.85,"a Ethiopianblown up in a city. Both in Ethiopia Ethiopia of Ethiopian. of an Ethiopia The body of an body of an Ethiopian soldier body of is . Ethiopia also thought a. body of an to be Ethiopia Ethiopian is Ethiopia A . bodyn soldier missing, but there Ethiopia is in an a Ethiopian Ethiopian is no evidence Ethiopian in A body that they are the of an Ethiopia body I dead. In in A. addition, the body n Ethiopian of body and there Ethiopia is an an is a is in A , Ethiopia bodys A Ethiopian is in a city. body of an Both. The body of on a an Ethiopian is in body an Ethiopian ofa city an Ethiopian. Both. The body of an Ethiopia body an isn body An Ethiopia an Ethiopian is in is in body is the body a Ethiopia body body the an Ethiopia a city. is in to be an Both. The body of an Ethiopia N A bodyn is in n.a city. Both Ethiopian remains. The Both. body Abody an. body in Ethiopia The body of an Ethiopia , body in an Ethiopia Ethiopia The body is in Ethiopia of Ethiopia N , body orn is in a city. body the E body is a city body Both. The body of an Ethiopia Ethiopian bodyn is in Ethiopia is in a city. Both. , body The body of. ethiopia of Ethiopian is an Ethiopian is in The body Aa city is both body. Both. The was a body Both. is of an Ethiopia of. bodyn is in a city , Ethiopia. Both. Body body is. is the . body Ethiopia is of body The body of in A is an Ethiopian The body is in is in Ethiopia in a is Ethiopia Ethiopia a bodya city a N. Both. The body of an Ethiopian body Ethiopia is in a city of the body. Both. The body the body of an are an Ethiopiana Ethiopia is The Ethiopian is in a body. body of body Ethiopia body An city body The. Both. The is in body of an of an Ethiopia Ethiopian is body Ethiopia body in a Ethiopia N an soldier Ethiopia city. Both Ethiopian is. The body of an Ethiopia iss Ethiopia body is the of an Ethiopian is in an Ethiopiana city. This body is Both. is in The An Ethiopia body Ethiopia. Ethiopia of is a an an. Ethiopian is is in A in Ethiopia N is A body is in n of soldier is in a city",26.8%,0.918,"  were blown up in city . Both . body of soldier is thought be missing , there is evidence that they are . In addition , body of Ethiopian is in city . Both . body of Ethiopian is in city . Both . body of Ethiopian is in city . Both . body of Ethiopian is in city . Both . body of Ethiopian is in city . Both . body of Ethiopian is in city . Both . body of Ethiopian is in city . Both . body of Ethiopian is in city . Both . body of Ethiopian is in city . Both . body of Ethiopian is in city . Both . body of Ethiopian is in city . Both . body of Ethiopian is in city . Both . body of Ethiopian is in city . Both . body of Ethiopian is in city",3.4%,-6.05," were burned, the crowd set the soldier's body on fire, witnesses said. ""I saw the body, but I could not reach it,"" said one witness, who declined to give his name for fear of retaliation. ""There was a lot of smoke,"" he said. ""There was dead bodies everywhere."" ""They burned it with the wall, so it was smelly,"" another witness, Ali Mohamed, said. ""There was a lot of blood."" Screams of anguish and cries of ""Allahu Akbar"" (God is Greatest) rang out in the streets. ""I am so sad,"" said another witness, Mohammed Nur. ""I am so sad. I am so sad. I am so sad."" The Ethiopian soldier was killed along with eight other soldiers and four policemen, officials said. His death caused the population of Mogadishu to panic, said Hamad Mohamed Ali, a political leader and former mayor of Mogadishu. ""People were so scared,"" he said.",20.8%,-1.36
m-nom,0.1,"BOLINGBROOK, Illinois (CNN) -- The disappearance of a suburban Chicago police sergeant's wife is now being treated as a potential homicide, and her husband is a suspect, authorities said Friday. Stacy Peterson, 23, has been missing from her suburban Chicago home since October 28. In another development, a"," police official said Friday. Stacy Peterson, 23, has been missing from her suburban Chicago home since October 28, police said. Peterson and her husband's mother have been missing from their suburban Chicago home for about 10 days, according to a police official who spoke on condition of anonymity. The missing mother and her son’s father, who also have not been seen. On Friday, a police official identified Stacy Peterson as the woman who is suspected of killing her husband’s mother, but she did not provide a motive. Stacy Peterson was last seen Sunday in a Chicago-area shopping mall with her son, the official said. Peterson's mother was last heard from Oct. 28, when she called from her home in the Chicago suburb of Joliet. ""She was on speaker and they had a conversation and then she left,"" said the Joliet police chief, Tim McMullen. Police said they believe she's still in the area. She was reported missing by her mother on Thursday.",47.2%,7.2,"official said Friday. Stacy Peter her home in, 23, has been missing from her suburban Chicago home since October 28, police said. Peterson and her husband's mother have been her home in from their suburban Chicago home for about 10 days her home in according to a police official who spoke on condition of her home in has been reported. The missing mother but say she her son’s father, who also have not been Chicago She home in. On Friday, a police official identified from their suburbanacy Peterson as the Peter her home in and who is suspected of killing her husband’s mother Chicago and her but she did not provide a motive. Stacy Peterson was last seen in she in a Chicago-area . "" her home in, 23, has mall with her son, the official said Stacy Peter Peterson's mother was last heard . Her mother Oct. her home in when she called from her home in the Chicago the Chicago area of Joliet. "" but that she was on speaker and they had a conversation and then she left,"" said the Joliet police chief, Tim McMullen. Police said they believe she's still in the area. She was reported missing by her mother on Thursday.",37.7%,4.52,". Stacy Peterson, 23, police said. has been missing from her suburban Chicago home since October 28, police said. Peterson and her husband's Stacy mother have been missing from their suburban Chicago home for about 10 days, according Stacy Peter to a police official the family but she. who spoke on condition of anonymity last heard from. The missing mother and was her St last seen her son’s father, who also have not been seen and she and. On Friday, a police October 28. her Chicago home official identified 10 days. Stacy was last seen Peterson as the woman who is suspected of killing her husband’s mother, but she did not provide a motive. Stacy Peterson was last seen Sunday in a Chicago-area shopping mall with her son, the official said from her suburban. Peterson Police say she's mother was last heard from Oct. 28, when she called from her Peterson, home in the Chicago suburb of Jo last heard fromliet. ""She was on speaker and they had a conversation her Peterson and then she left she's,"" said the Joliet police said. police chief, Tim McMull is last seenen. Police said they believe she's still in the area. She was reported missing by her mother on Thursday.",36.5%,4.21,"  police official said Friday . Stacy Peterson , 23 , has been missing from her Chicago home since October 28 , police said . Peterson and her husband mother have been missing from their suburban Chicago home for about 10 days , according to a police official who spoke on condition of anonymity . mother and her son father , who have been seen . On Friday , a police official identified Stacy Peterson as woman who is suspected of killing her husband ’s mother , she did not provide motive . Stacy Peterson was seen Sunday in a Chicago - area shopping mall with her son , official said . Peterson 's mother was heard from Oct. 28 , when she called from her home in Chicago suburb of Joliet . "" She was on speaker and they had conversation she left , "" said the Joliet police chief , Tim McMullen . Police said they believe she 's in area . She was reported missing by her mother on Thursday .",25.6%,0.172," search of a property in the town of Bolingbrook yielded no evidence of foul play.

Stacy Peterson, 23, has been missing from her suburban Chicago home since October 28.

""I'm not going to confirm if the property is the property that she was last seen on,"" said Will County State's Attorney James Koutalas.

The search for Stacy Peterson, who has a child, began on Wednesday, and lasted for several days.

Authorities said this week that they are considering Stacy Peterson's suspected death as a possible homicide.

""They're looking for the possibility that there was foul play and there were people there that knew what happened to her and were involved,"" said Will County Sheriff Richard Schmidt.

Police and investigators combed over a property in the town of Bolingbrook.

""There's a lot of property in the area. We've got a lot of people on the property. We've got a lot of eyes",23.4%,-0.535
m-nom,0.3,"BOLINGBROOK, Illinois (CNN) -- The disappearance of a suburban Chicago police sergeant's wife is now being treated as a potential homicide, and her husband is a suspect, authorities said Friday. Stacy Peterson, 23, has been missing from her suburban Chicago home since October 28. In another development, a"," police official said Friday. Stacy Peterson, 23, has been missing from her suburban Chicago home since October 28, police said. Peterson and her husband's mother have been missing from their suburban Chicago home for about 10 days, according to a police official who spoke on condition of anonymity. The missing mother and her son’s father, who also have not been seen. On Friday, a police official identified Stacy Peterson as the woman who is suspected of killing her husband’s mother, but she did not provide a motive. Stacy Peterson was last seen Sunday in a Chicago-area shopping mall with her son, the official said. Peterson's mother was last heard from Oct. 28, when she called from her home in the Chicago suburb of Joliet. ""She was on speaker and they had a conversation and then she left,"" said the Joliet police chief, Tim McMullen. Police said they believe she's still in the area. She was reported missing by her mother on Thursday.",47.2%,7.2,"official said Oct. 28,. Stacy Peterson "" Peter but has St Oct was last seen 28, Peter missing she disappeared from was her home heard suburban Chicago home Stacy Peter Oct. 28, 28, Oct. 28 said. suburban Chicago called "" Oct her home and her husband's her home in have been missing from their suburban Chicago home from police said. Oct. 28, her She 10 days, according to a police police said Oct said. Oct. 28 spoke on condition Peterson and anonymity. and is St and . police mother and her son’s Stacy Oct. police said. who also have not been seen. On her police said Friday, 10 days,a police Peter Her identified St her husband' her home phoneson as the woman who "" She suspected of killing her husband’s mother, Peterson and she did police The home provide a motive. Stacy police said. suburban Chicago home statedson was last seen is called and said. in  police said. her home in- Oct. 28 home, shopping mall with her son, the Peterson’ said. Peterson Oct. 28, whens mother was Oct. 28 heard from Oct. 28, her home "" Her was called and she called from her suburban home her home in the Chicago police said. of Joliet She called from "" was Oct. 28, seen was on speaker and they had a conversation and then about 10 days left Oct. 28 said the Joliet police chief, Tim McMullen. Police said they believe she's still in the area. She was reported missing by her mother on Thursday.",25.1%,0.0325,". Stacy Peter is not her Chicago Chicagoson her suburban Chicago, 23, has been s Chicago or missing from her suburban Chicago her suburban Chicago home since suburb She St Chicago suburb she October St. 28, police Chicago suburb suburban St her where Stacy said. Peter area. She still Stson and and her of Chicago on her husband she the suburb of October 28's mother have after police Chicago Chicago from the been missing from St. Chicago their suburban Chicago, Chicago missing where Chicago home . she for about 10 from her days, according to a her Chicago suburb police official who spoke on condition of anonymity. The missing mother and the her. her suburban Chicago her son’s suburb St father, who also have , last from missing seen not been to suburb seen. On Friday, a police official identified Stacy Peterson as the woman who is suspected of killing her husband and she her’ Chicago Sts mother, but she did not provide Chicago St a motive or Chicago suburb. Chicago suburban police last heard from Stacy Peterson was last seen Sunday have been missing . on Thursday Her in a Chicago-area shopping mall with her son St missing, from her home Chicago the her the her suburban the official Chicago suburban missing said. Peterson's Chicago St her She suburb St mother was last heard from Oct. 28, when she St in called to Chicago near her her from her home in the her she Chicago her suburban suburb of Jolie St Chicagot. Chicago her St, police ""She was on speaker and they had a conversation and then she left,"" said the Joliet police chief, suburb St St of Chicago Tim McMullen. Police said they believe she's still in the area. She was reported home Chicago suburban missing by she Chicago suburban her mother Chicago missing, her Peter on Thursday she is her suburban Chicago still.",30.4%,2.37,"  police official said Friday . Stacy Peterson , 23 , has been missing from her Chicago home since October 28 , police said . Peterson her husband mother have been missing from their Chicago home for 10 days , according to police official who spoke on condition of anonymity . mother her son father , who have been seen . On Friday , police official identified Stacy Peterson as woman who is suspected of killing her husband mother , she did provide motive . Stacy Peterson was seen Sunday in Chicago - area shopping mall with her son , official said . Peterson mother was heard from Oct. 28 , when she called from her home in Chicago suburb of Joliet . "" She was on speaker they had conversation she left , "" said Joliet police chief , Tim McMullen . Police said they believe she 's in area . She was reported missing by her mother on Thursday .",25.5%,0.135," search of a property in the town of Bolingbrook yielded no evidence of foul play.

Stacy Peterson, 23, has been missing from her suburban Chicago home since October 28.

""I'm not going to confirm if the property is the property that she was last seen on,"" said Will County State's Attorney James Koutalas.

The search for Stacy Peterson, who has a child, began on Wednesday, and lasted for several days.

Authorities said this week that they are considering Stacy Peterson's suspected death as a possible homicide.

""They're looking for the possibility that there was foul play and there were people there that knew what happened to her and were involved,"" said Will County Sheriff Richard Schmidt.

Police and investigators combed over a property in the town of Bolingbrook.

""There's a lot of property in the area. We've got a lot of people on the property. We've got a lot of eyes",23.4%,-0.535
m-nom,0.5,"BOLINGBROOK, Illinois (CNN) -- The disappearance of a suburban Chicago police sergeant's wife is now being treated as a potential homicide, and her husband is a suspect, authorities said Friday. Stacy Peterson, 23, has been missing from her suburban Chicago home since October 28. In another development, a"," police official said Friday. Stacy Peterson, 23, has been missing from her suburban Chicago home since October 28, police said. Peterson and her husband's mother have been missing from their suburban Chicago home for about 10 days, according to a police official who spoke on condition of anonymity. The missing mother and her son’s father, who also have not been seen. On Friday, a police official identified Stacy Peterson as the woman who is suspected of killing her husband’s mother, but she did not provide a motive. Stacy Peterson was last seen Sunday in a Chicago-area shopping mall with her son, the official said. Peterson's mother was last heard from Oct. 28, when she called from her home in the Chicago suburb of Joliet. ""She was on speaker and they had a conversation and then she left,"" said the Joliet police chief, Tim McMullen. Police said they believe she's still in the area. She was reported missing by her mother on Thursday.",47.2%,7.2,"she's said Friday her home. Stacy Peter her a and was reported her home Peterson' has been missing from her and her husband Chicago home Peter’s was or maybe. seen her. October 28, police Peter Peter was last seen police believe Peter but believe they Peter is Peterson’' Peterson' Peter on Oct. husband Peterson' . Peterson's mother have . Her brotherson missing from Peterson andson and Peter’ police believe Peter seen Chicago home for about 10 she was when she was, according police believe Peter a Peterson and official Police believe spoke on police says was last  is she says she seen her parents said her mother she is of anonymity. Peter's. They believe missing is Peter Peter Peterson' Stacy Peter the family Peter last seen her son her Peter Police family believes Chicago Peter Peterson her mother,, who also s husband not been last seen her father and police believe was On Friday, Peter Peterson'' was reported missing her Chicago on Her mother was she was, official identified Stacy Peterson and Police said Friday Peter Peter Her family believe is, when police believe Peter' woman Peterson Peterson and she but believes s she was Peterson’ killing her husband’ Stacy Peter mother her last heard her, her she did missing. Peterson provide a motive and her husband Stacy Peter s Peter was last seen Sunday in a Chicago-area shopping last heard her with her son, . Peter last seen at said. Peterson's mother was last heard from Oct. 28, when Peterson’ called from and last seen 10 days home in the Chicago suburb of Joliet. ""She was on speaker and they is Peter a conversation and then . her left,"" family Peter the Joliet police last seen her, Tim is last seenMullen. Police said they believe she's still in the home when she. She was reported missing by her mother on Thursday.",28.7%,1.65,". Stacy Jo. Peterson, home since October 23, has been who is missing Chicago home since from her suburban Chicago home since October 28, police from her suburban said 's who. Peterson and her husband's mother hasn Chicago Jo’ have been missing from Jo's Chicagos their suburban Chicago home Chicago who for about home since October 10 days, according to Chicago Chicago a police her suburban Chicago official Illinois. who who's spoke last Chicago called the she’ who Chicago on condition of anonymity. Illinois Jo The missing mother her suburban Chicago suburban Chicago suburban Chicago Chicago and her son’s suburban Chicago home father, who also Chicago Jo' who' have Jo' not been seen . who who was last. On Friday, a last seen Oct 's Jo home since October's what police '' who in Jo 's 's official ’s her suburban Chicago identified Stacy Peterson as the Jo' woman who is had called by suspected of 's killing her suburban Chicago who is missing who husband’s mother, Jo who Chicago Chicago but has been her '. she Chicago's , she' did not s Jo' ''s her suburban Chicago provide a motive. Stacy Peterson was last seen who ' Peter's Sunday in but 's have nota Chicago-area shopping mall with her son, has not from the official said. Peterson' ' whos mother was suburban she Jo last heard from Oct. 28, . who when she called from her has been last home in the Chicago suburb of was home after Jo her suburban Chicago Chicago ' suburb Chicago in Chicago who who's 's who has been '' ' who last 'ss who'slie n what't. home since October and her suburban ""She was ' has been on Chicago St speaker and was ' they Chicago who has had a conversation and then she who the's left,"" Jo as said Jo Jo''lie 's Chicagot's Chicago Jo the her suburban . Jolie Chicago Jolie s Chicagot police who Chicago chief ' ' Chicago in Jo, Tim McMullen her suburban Chicago her .. Police said they believe Chicago who' she's still in the who Chicago who who area. a her She was reported 's missing by her mother on Chicagot area Thursday suburbs she Chicago her suburban what'.",29.3%,2.11,"  police official said Friday . Stacy Peterson , 23 , has been missing from her Chicago home since October 28 , police said . Peterson her husband mother have been missing from their Chicago home for 10 days , according to police official who spoke on condition of anonymity . mother her son father , who have been seen . On Friday , police official identified Stacy Peterson as woman who is suspected of killing her husband mother , she did provide motive . Stacy Peterson was seen Sunday in Chicago - area shopping mall with her son , official said . Peterson mother was heard from Oct. 28 , when she called from her home in Chicago suburb of Joliet . "" She was on speaker they had conversation she left , "" said Joliet police chief , Tim McMullen . Police said they believe she 's in area . She was reported missing by her mother on Thursday .",25.5%,0.135," search of a property in the town of Bolingbrook yielded no evidence of foul play.

Stacy Peterson, 23, has been missing from her suburban Chicago home since October 28.

""I'm not going to confirm if the property is the property that she was last seen on,"" said Will County State's Attorney James Koutalas.

The search for Stacy Peterson, who has a child, began on Wednesday, and lasted for several days.

Authorities said this week that they are considering Stacy Peterson's suspected death as a possible homicide.

""They're looking for the possibility that there was foul play and there were people there that knew what happened to her and were involved,"" said Will County Sheriff Richard Schmidt.

Police and investigators combed over a property in the town of Bolingbrook.

""There's a lot of property in the area. We've got a lot of people on the property. We've got a lot of eyes",23.4%,-0.535
m-nom,0.1,"QUEBEC, Canada -- Third seed Julia Vakulenko will face comeback queen Lindsay Davenport in her first WTA Tour final at the Bell Challenge on Sunday. Julia Vakulenko will seek her first victory on the WTA Tour at the Bell Challenge in Quebec. The Ukrainian battled through with", some serious heart to overcome with the help of the support of fans. The fans helped the team overcome with the help of the support of fans. The fans helped the team overcome with the help of the support of fans. The fans helped the team overcome with the help of the support of fans. The fans helped the team overcome with the help of the support of fans. The fans helped the team overcome with the help of the support of fans. The fans helped the team overcome with the help of the support of fans. The fans helped the team overcome with the help of the support of fans. The fans helped the team overcome with the help of the support of fans. The fans helped the team overcome with the help of the support of fans. The fans helped the team overcome with the help of the support of fans. The fans helped the team overcome with the help of the support of fans. The fans helped the team overcome with the help of the support of fans. The fans helped the team overcome,59.9%,11.3,serious the support of fans with the help to overcome with the with the with of the support of fans. The fans helped the team overcome with the help of the support of fans the the support The fans helped the team overcome with with the help help of with the help support of fans. with the help fans helped the with the help overcome with the help of the support of fans. The fans helped the team overcome with the help with the help the support of fans. The fans helped the with the help overcome with the help of the support of fans. The fans helped the team overcome with the help of the support with the with the help fans. The fans helped the team overcome with the with the support with the help the support of fans. The fans helped the team overcome with the help of the support with the with fans. The fans helped the team overcome with the help of the support of fans. The fans helped the team overcome with the with help of the support of with with the. with the help fans helped the team overcome with the help of the support of fans. The fans helped the team overcome with the help of the support of fans. The fans helped the team overcome,45.5%,7.22,. The fans helped the team overcome with the help of the support of fans. The fans helped the team overcome with with the team the help of the support of help with fans. The fans helped the with the the team overcome help team overcome with the help of the support of fans. The fans the team overcome helped the team overcome with the the with help of the support of fans. The fans helped the team overcome with the help of the support of fans. The fans helped the team overcome with the help of the support of with the success fans. The fans helped the team overcome with the help of the support of fans. The fans helped the team overcome with the team with the help with the help of the support of with the help the with the with the help fans. The fans helped the team overcome with the help of the support of fans. The fans helped the team overcome with the help with the help of the support of with the team but support of fans. The fans helped the team overcome with the help of the the with support of fans. The fans helped the with the with team overcome with the help of the support of fans. The fans helped the team overcome,47.0%,7.73,  heart overcome with help of the support of fans . The fans helped team overcome with the help of the support of fans . The fans helped the team overcome with the help of the support of fans . The fans helped team overcome with the help of the support of fans . The fans helped the team overcome with the help of support of fans . The fans helped the team overcome with the help of the support of fans . The fans helped team overcome with help of support of fans . The fans helped the team overcome with the help of the support of fans . The fans helped the team overcome with the help of support of fans . The fans helped team overcome with the help of support of fans . The fans helped the team overcome with help of the support of fans . The fans helped team overcome with help of support of fans . The fans helped the team overcome with help of support of fans . fans helped the team overcome,36.0%,3.38," some serious pain to advance to the final. She has won four of her last five matches, including a quarterfinal triumph over qualifier and two-time WTA Tour finalist Raina Perez. Vakulenko will meet Davenport, the first American to win a Queen's Club title since 2002.“It’s been tough so far,” said Vakulenko in an interview with the Associated Press. “I had a situation not too long ago where I was in a tough match and I was injured. I was in a very bad situation. I had to fight back and I had a lot of pain. I had a lot of blood. I was in a lot of pain but I had to keep fighting.”Vakulenko, who is a two-time WTA Tour semifinalist, is coming off a hard-fought quarterfinal win over Perez. Perez, a two-time WTA Tour semifinalist, won",23.9%,-0.37
m-nom,0.3,"QUEBEC, Canada -- Third seed Julia Vakulenko will face comeback queen Lindsay Davenport in her first WTA Tour final at the Bell Challenge on Sunday. Julia Vakulenko will seek her first victory on the WTA Tour at the Bell Challenge in Quebec. The Ukrainian battled through with", some serious heart to overcome with the help of the support of fans. The fans helped the team overcome with the help of the support of fans. The fans helped the team overcome with the help of the support of fans. The fans helped the team overcome with the help of the support of fans. The fans helped the team overcome with the help of the support of fans. The fans helped the team overcome with the help of the support of fans. The fans helped the team overcome with the help of the support of fans. The fans helped the team overcome with the help of the support of fans. The fans helped the team overcome with the help of the support of fans. The fans helped the team overcome with the help of the support of fans. The fans helped the team overcome with the help of the support of fans. The fans helped the team overcome with the help of the support of fans. The fans helped the team overcome with the help of the support of fans. The fans helped the team overcome,59.9%,11.3,with the help heart to overcome with the help the with the the with heart to of fans. The of heart with with the help the team the support with the help of the help of support of fans. with the help the help fans helped the team overcome with the help the help of the with the help the with the heart the help the the support of with the help with the help the with the fans helped with the help with the help team overcome with the help the with the to the help heart with of with the the with. the help heart fans helped the team overcome with the help the with the heart with support with the with help the heart with help fans. with the help fans with the help the the with the with the help help with the support overcome with the with the help of the of heart to of fans. The the with the help with helped the team overcome with the help the with help with the help with the help support of the the support. The fans helped the team overcome with the help of the support of the the team. The fans helped the team the team the team help the with the help of the support of the heart the. The fans helped the team overcome with the help of the the team with of fans. The fans helped the team with the help with the help of the support of fans. The fans with the help the team overcome with the help of the support of fans. The fans helped the team overcome with the help of the support of fans. The fans helped the team overcome,32.1%,2.86,. The the the support fans helped the team overcome with the the with help of the support of with the help fans. The fans helped the team overcome with the with the the with the the the the support help the with of the support of fans. The fans helped the team overcome with the with the the help of the support of fans. The fans with the the helped with with the with the the the with the team overcome with the help of the support with the with with the with the the help of fans. The fans the supporting the helped the team with the the the with the the with of overcome with with the with the help of the support of fans the the. The fans helped the the help with team with the with the with overcome with the the with with help of the support of fans. The the with the fans helped the team with the overcome with the help of the support of fans. the the with The fans helped the with with with the with team overcome with the help of the with the the the the support of fans. with the with with fans with The fans helped the team overcome with the with the the with help the the the help the with the of the support of with the the with the with fans. The fans helped the team overcome with the and the the the with with with the help of the support of fans. The the the the fans helped the the the the team overcome with the with the the the with the help the with of with the with the with the the support of fans. The fans helped the team overcome with with the help the with with the with with the with the the with help with the with help of the support of the with fans. the the the the the the The fans helped the team overcome,34.2%,3.96,  heart overcome with help of support of fans . fans helped team overcome with help of support of fans . fans helped team overcome with help of support of fans . fans helped team overcome with help of support of fans . fans helped team overcome with help of support of fans . fans helped team overcome with help of support of fans . fans helped team overcome with help of support of fans . fans helped team overcome with help of support of fans . fans helped team overcome with help of support of fans . fans helped team overcome with help of support of fans . fans helped team overcome with help of support of fans . fans helped team overcome with help of support of fans . fans helped team overcome with help of support of fans . fans helped team overcome,26.6%,0.435," some serious pain to advance to the final. She has won four of her last five matches, including a quarterfinal triumph over qualifier and two-time WTA Tour finalist Raina Perez. Vakulenko will meet Davenport, the first American to win a Queen's Club title since 2002.“It’s been tough so far,” said Vakulenko in an interview with the Associated Press. “I had a situation not too long ago where I was in a tough match and I was injured. I was in a very bad situation. I had to fight back and I had a lot of pain. I had a lot of blood. I was in a lot of pain but I had to keep fighting.”Vakulenko, who is a two-time WTA Tour semifinalist, is coming off a hard-fought quarterfinal win over Perez. Perez, a two-time WTA Tour semifinalist, won",23.9%,-0.37
m-nom,0.5,"QUEBEC, Canada -- Third seed Julia Vakulenko will face comeback queen Lindsay Davenport in her first WTA Tour final at the Bell Challenge on Sunday. Julia Vakulenko will seek her first victory on the WTA Tour at the Bell Challenge in Quebec. The Ukrainian battled through with", some serious heart to overcome with the help of the support of fans. The fans helped the team overcome with the help of the support of fans. The fans helped the team overcome with the help of the support of fans. The fans helped the team overcome with the help of the support of fans. The fans helped the team overcome with the help of the support of fans. The fans helped the team overcome with the help of the support of fans. The fans helped the team overcome with the help of the support of fans. The fans helped the team overcome with the help of the support of fans. The fans helped the team overcome with the help of the support of fans. The fans helped the team overcome with the help of the support of fans. The fans helped the team overcome with the help of the support of fans. The fans helped the team overcome with the help of the support of fans. The fans helped the team overcome with the help of the support of fans. The fans helped the team overcome,59.9%,11.3,serious overcome with the overcome with with the has overcome overcome with with the the the with the fans overcome help of the support the fans overcome . with the overcome with the overcome with the overcome the overcome with the fans overcome with the with the fans has serious serious overcome with the help with the overcome with the the support with the with the the fans with the the with the overcome fans with the the the . with the have fans with with the with overcome with the with the fans the help overcome with the with with the support has serious with the has fans. The fans with with the the with the overcome overcome overcome with the have the the help of with the The the overcome of with the have. The with the with overcome with the help the team overcome with with the the overcome the help with the fans the support of fans. The with the fans helped the the fans with the have overcome with the help of with the fans overcome with the of with with the fans help. with the overcome with overcome with with the has fans the team overcome the overcome . helped the with the team overcome with have with the with the overcome with the fans overcome with the  overcome with the The fans overcome with overcome overcome. The fans helped the team overcome overcome overcome with the of the help of the support of fans. The overcome overcome with the helped the team overcome with overcome with the overcome help of the support of overcome with the. with the the overcome with the overcome . overcome overcome overcome the team overcome with the help of the overcome with the of overcome with the. The fans helped the team overcome overcome with the help overcome with the the overcome overcome overcome with the the of overcome with the. The overcome with the helped the team . The with the overcome with of the to overcome with overcome with the fans. The fans helped the team overcome with the help of the support of fans. The fans helped the team overcome,25.1%,0.0597,". The fans helped the team overcome with the the with , the with with the help the the the help of the the with support of fans. The fans of with the the with with the support helped the team overcome the help the with the the the the the the the the with from the will the help of the support the with , fans the from the with the the the the with of fans. the with The fans helped the team the the support overcome with the help of the help with the the the the support of fans. The fans helped the fans. The team overcome with the the with the help of the support of fans with with with with the fans. The with the the with the with the the with the . the the fans the the support helped the team overcome with the help of the support of fans. The fans the the the thea helped the team overcome with the help of the t the with support of with the the the support of the the the fans. The fans helped the team overcome with the help the . of the support of fans of with the with the the. the the with The fans overcome the with with the , the help helped the team with the with the with overcome with the help the the fans with with the the team with the with with the the with the the help by the the the the the of the support of fans. The fans helped the team fans. The overcome with the the the help the the of the the with of the support of fans. of fans. The fans helped the overcome with the the support of team overcome with the with with the help of with the with the the the the the fans the support the with the of fans. The fans helped the the the , fans with the the the with the the the with the team , fans with overcome the team overcome with the help of the support the with of . The fans fans. The the the The fans the help the helped with with the with the the the the fans with the the the The fans helped . The team team overcome the with with the help of the support the the with with . The with the help of fans. with overcome the with the help the team overcome with with the with with the The fans helped the team overcome",31.8%,3.3,  heart overcome with help of support of fans . fans helped team overcome with help of support of fans . fans helped team overcome with help of support of fans . fans helped team overcome with help of support of fans . fans helped team overcome with help of support of fans . fans helped team overcome with help of support of fans . fans helped team overcome with help of support of fans . fans helped team overcome with help of support of fans . fans helped team overcome with help of support of fans . fans helped team overcome with help of support of fans . fans helped team overcome with help of support of fans . fans helped team overcome with help of support of fans . fans helped team overcome with help of support of fans . fans helped team overcome,26.6%,0.435," some serious pain to advance to the final. She has won four of her last five matches, including a quarterfinal triumph over qualifier and two-time WTA Tour finalist Raina Perez. Vakulenko will meet Davenport, the first American to win a Queen's Club title since 2002.“It’s been tough so far,” said Vakulenko in an interview with the Associated Press. “I had a situation not too long ago where I was in a tough match and I was injured. I was in a very bad situation. I had to fight back and I had a lot of pain. I had a lot of blood. I was in a lot of pain but I had to keep fighting.”Vakulenko, who is a two-time WTA Tour semifinalist, is coming off a hard-fought quarterfinal win over Perez. Perez, a two-time WTA Tour semifinalist, won",23.9%,-0.37
m-nom,0.1,"ISLAMABAD, Pakistan (CNN) -- Hours after declaring a state of emergency Saturday, Pakistani President Pervez Musharraf ordered troops to take a television station's equipment and put a popular opposition leader under house arrest. President Pervez Musharraf explains his actions in a televised address Saturday. Mushar","raf says he ordered his troops to take control of the country's television station, and his troops are now ""running the country. We are taking the country."" -- (CNN) -- In a presidential address, Pervez Musharraf, the Pakistani President, says that his country has been under a state of ""emergency"" since December. -- (CNN) -- In a presidential address, Pervez Musharraf, the Pakistani President, says that his country has been under a state of ""emergency"" since December. -- (CNN) -- In a presidential address, Pervez Musharraf, the Pakistani President, says that his country has been under a state of ""emergency"" since December. -- (CNN) -- In a presidential address, Pervez Musharraf, the Pakistani President, says that his country has been under a state of ""emergency"" since December. -- (CNN) -- In a presidential address, Pervez Musharraf, the Pakistani President,",67.5%,13.8,"raf r, he ordered his -- Mush to take control of the country' has been under television station, and his troops are now ""running the country. We are taking the country."" -- (CNN has been under i President In a presidential address, Pervez Mush has ' that his country prime underf . has been underWe in, Pakistani President, says that his has been has been under has been under a state of ""emer 'sency"" since December. -- (CNN) -- In  has been under presidential address, Pervez Musharraf, the Pakistani President, says that that his country country has been under  has a state that his . Mush ""e arraf andgency"" since December. -- has been underCNN) -- In a presidential address, Pervez Musharraf, the Pakistani President a state of says that his country has been under a state of ""emergency"" since December. -- (CNN) -- In a presidential address, Pervez Musharraf, his troops are Pakistani President, says that his country has been under a state of ""emergency"" since December. -- (CNN) -- In a presidential address, Pervez Musharraf, the Pakistani President,",49.0%,8.59,"ra his countryf says he ordered his troops to take control of the country's television station, that his country that his his and ...in in his troops are now ""running the country. We are taking the he r country."" -- (CNN f ra his that that) -- says that his In a has been under presidential address, Pervez Musharraf, the Pakistani President, says that his country that his has been under d his countrya state of ""emergency"" since December. -- (CNN) -- In a presidential address his country President, Pervez says that his Musharraf, the Pakistani President, says that his country has been under a state of ""emergency"" since December. -- (CNN) -- In a presidential address, Pervez Musharraf, the Pakistani President, that his country says that his country has been under a state of ""emergency"" since is under December. -- (CNN) -- In his,a presidential address, Pervez Mus that that his hissharraf, the Pakistani President, says that his country has been under a that his country state of ""emergency"" since December. -- (CNN) -- In says that his a presidential address, Pervez Musharraf, the Pakistani that says that his his country President,",46.3%,7.89,"raf says he ordered his troops to take control of the country television station , and his troops are "" running the country . We are taking country . "" -- ( CNN ) -- In a address , Pervez Musharraf , the President , says that his country has been under state of "" emergency "" since December . -- ( CNN ) -- In address , Pervez Musharraf , President , says that his country has been under state of "" emergency "" since December . -- ( CNN ) -- In a address , Pervez Musharraf , President , says that his country has been under state of "" emergency "" since December . -- ( CNN ) -- In a address , Pervez Musharraf , the Pakistani President , says that his country has been under a state of "" emergency "" since December . -- ( CNN ) -- In a address , Pervez Musharraf , Pakistani President ,",35.2%,3.13,"raf says he would be detaining former Prime Minister Yousuf Raza Gilani under a new law, but the law has not been enacted yet. Gilani's chief minister says the law won't be enforced until after the elections. But the military has threatened to overthrow the civilian government if it does not obey the new law. This is the third time the army has taken action against supporters of Gilani since the former premier was declared a fugitive. The army has not acted against other opposition leaders. Raza Gilani, the country's most popular opposition leader, was convicted of treason last year. Meanwhile, the U.S. Senate approved a $535 million aid package for Pakistan. The Senate vote was 63-33, with 19 Republicans voting against it. The package includes a $100 million loan from the United States for anti-terror operations and a $163 million loan from the United States for counter-narcotics. It also includes $100 million in cash and equipment to help",21.8%,-1.03
m-nom,0.3,"ISLAMABAD, Pakistan (CNN) -- Hours after declaring a state of emergency Saturday, Pakistani President Pervez Musharraf ordered troops to take a television station's equipment and put a popular opposition leader under house arrest. President Pervez Musharraf explains his actions in a televised address Saturday. Mushar","raf says he ordered his troops to take control of the country's television station, and his troops are now ""running the country. We are taking the country."" -- (CNN) -- In a presidential address, Pervez Musharraf, the Pakistani President, says that his country has been under a state of ""emergency"" since December. -- (CNN) -- In a presidential address, Pervez Musharraf, the Pakistani President, says that his country has been under a state of ""emergency"" since December. -- (CNN) -- In a presidential address, Pervez Musharraf, the Pakistani President, says that his country has been under a state of ""emergency"" since December. -- (CNN) -- In a presidential address, Pervez Musharraf, the Pakistani President, says that his country has been under a state of ""emergency"" since December. -- (CNN) -- In a presidential address, Pervez Musharraf, the Pakistani President,",67.5%,13.8,"his country has his says has has been says he ordered his troops to take his country has of the country's has been under has,, and his country an, troops are ""emer ""running a state country. We are ""emer the a state."" has has been under under (CNN) -- a a state of is under presidential address, Pervez state his country has ""emerharraf, the Pakistan has a President state of "" says his country has his country a state of been a says under state ofs country  under a  has been under state under state he "" a that his country of a stateg a ""his a state has"" since December a that his countryemer -- a stateCNN) has a state his country In a ""emer a state, Pervez Mus has has been a statef ""emer the Pakistani President, says "" has a state  ""emer state of country has been under a state of "" his country has has been under country hasa state ofgency"" since December. -- his country hasCNN) -- In a presidential a state of, Pervez Musharraf, the Pakistani President, says that his country has been that his country a state  ""e state of ""emer  a state state a a state of of"" since December. -- (CNN a state of -- In a presidential address, Pervez Musharraf, the Pakistani President, says that his country has been under a state of ""emer has been underency"" since December. -- (CNN) -- In a presidential address says that his Pervez Musharraf, the Pakistani President,",30.5%,2.29,"raf says he ordered his troops under has, state says a to take control of the country's television station .), and his troops are now ""running that his country the country that his ., country is. that. We are taking the his state, country his estate that country."" -- (CNN) -- In a presidential address, Pervez Musharraf, the Pakistani that Mus, tr President , the country, says says the country that his country has been under a ( says state of ""emergency"" since his r December. -- (CNN) s, that says -- In a that, has presidential address, Pervez a state of Musharraf, the Pakistani President, says country says that his country has been under a state r state of ""emergency"" since December a a says that his a .,: (Cs e says,. -- (CNN) -- In a presidential address, he Pakistan Per Mus saysvez Mush that,arra said.f . says has that country ""e Mus, , state, the Pakistani President, says that his country has been under a state of ""emer (C stategency Mus, state"" since says has. December says has.. has . ""that his -- (CNN) -- In that his country his country has the country under says,a presidential address, Per a,vez Mus a state ) says Pakistanh has Mush a statearraf has been his country under, the Pakistani President, says has. that his country has been under a -- has (C ( , saysC state of ""e says has.mer the country:.,gency"" since December. (), state -- (CNN country states Per state has,vez Mus says has.) -- In --, a the country says presidential address, Pervez Musharraf, the Pakistani President,",37.3%,5.4,"raf says he ordered his troops take control of country television station , his troops are "" running country . We are taking country . "" -- ( CNN ) -- In address , Pervez Musharraf , President , says that his country has been under state of "" emergency "" since December . -- ( CNN ) -- In address , Pervez Musharraf , President , says that his country has been under state of "" emergency "" since December . -- ( CNN ) -- In address , Pervez Musharraf , President , says that his country has been under state of "" emergency "" since December . -- ( CNN ) -- In address , Pervez Musharraf , President , says that his country has been under state of "" emergency "" since December . -- ( CNN ) -- In address , Pervez Musharraf , President ,",33.7%,2.58,"raf says he would be detaining former Prime Minister Yousuf Raza Gilani under a new law, but the law has not been enacted yet. Gilani's chief minister says the law won't be enforced until after the elections. But the military has threatened to overthrow the civilian government if it does not obey the new law. This is the third time the army has taken action against supporters of Gilani since the former premier was declared a fugitive. The army has not acted against other opposition leaders. Raza Gilani, the country's most popular opposition leader, was convicted of treason last year. Meanwhile, the U.S. Senate approved a $535 million aid package for Pakistan. The Senate vote was 63-33, with 19 Republicans voting against it. The package includes a $100 million loan from the United States for anti-terror operations and a $163 million loan from the United States for counter-narcotics. It also includes $100 million in cash and equipment to help",21.8%,-1.03
m-nom,0.5,"ISLAMABAD, Pakistan (CNN) -- Hours after declaring a state of emergency Saturday, Pakistani President Pervez Musharraf ordered troops to take a television station's equipment and put a popular opposition leader under house arrest. President Pervez Musharraf explains his actions in a televised address Saturday. Mushar","raf says he ordered his troops to take control of the country's television station, and his troops are now ""running the country. We are taking the country."" -- (CNN) -- In a presidential address, Pervez Musharraf, the Pakistani President, says that his country has been under a state of ""emergency"" since December. -- (CNN) -- In a presidential address, Pervez Musharraf, the Pakistani President, says that his country has been under a state of ""emergency"" since December. -- (CNN) -- In a presidential address, Pervez Musharraf, the Pakistani President, says that his country has been under a state of ""emergency"" since December. -- (CNN) -- In a presidential address, Pervez Musharraf, the Pakistani President, says that his country has been under a state of ""emergency"" since December. -- (CNN) -- In a presidential address, Pervez Musharraf, the Pakistani President,",67.5%,13.8,", says that , ,, says  says , says his  says, says, , says that that says says , says his country , says that  says that his says says that hishe ordered his says that has to   -- -- says, -- says that says that has been under says says the country' says that , says that television station said his country says that has a state says says that his his troops has been President now says that hasrunning says, under , says. ,, says taking the country."" --  says -- states says , thatC , says says his says that says says that his -- --,,,  says that says his a presidential address , says ,, says ,, says that his says says that hisharraf , says, says that his his the , -- has been President, says says that his says that his country has been under a state of says that has that has,,, ,,, , says  says that his, saysmer  , says that says says thatency"" since  says says , says says that his. -- , says thatCNN) -- In ,, says that ,, says presidential address, , says  says that -- -- thatvez Musharraf says that , says says that his Pakistani President, says that his country has says he under says that his been says says that his his that his , , says says says, state , ,,,, "" -- has been ,, --,,mergency"" since December. -- (CNN) -- In a has said address, Pervez Musharraf, the , says , says that has been President , says says that his country has been under a ,, ,, of ""emergency a has been under since December. -- (CNN) -- In a presidential a, since, Pervez Mush --,f, the Pakistani President ,, says that his country has been under a state of ""emergency"" since December. -- (CNN) -- In a presidential address, Pervez Musharraf, the Pakistani President,",33.6%,4.02,"raf says -- (C he ordered his thati troops under a saysa under that says Army that said has Pakistan as has aa has been a says under to take control of the and Pervez country's television Says that station, and his troops are now ""running the country. We r Congress, a. say a that says a has that to get more hisa are taking the country."" -- (C a has his a hasNN) -- In hisa a presidential address, Per that thevez Mus his hisharraf, 't the Pakistan that that hist ri President, that says says that his country has been has says under a state of ""emergency a has the r said and Pakistan, has"" the that and his since December is a now that him under that. His says a that aa "". -- (CNN) -- In a has been under presidential that that address, Pervez i Mus that hisharraf, the Pakistani President, says that his country says Pakistan theya says that his has in Per been Pakistan orders under under the a a that state military forces of ""emer -perivez that the armyg that his is saysency"" has been that his that under since December o in. -- he says (CNN) -- In a presidential address, under'd Per says -Pervez that hisvez Musharraf, the Pakistani President 's . says TV, says that says that his his country Pakistan As has (P) been under says military forcesa that his -- (C a that state of ""emergency s that"" since December. -- ( has thatCNN) -- , Pervez In a that 's the has has i the power of to presidential that his country address, Per Army has thatvez Musharra under thatf, the says r Pakistani President, says .) -- that r says his his say country has his a and says a been that has under a state of ""e Pervez hasmer his army hasgency"" since December. a to take -- ( under aC has been has been underNN e Pervez) -- In that has been on s hisa o and presidential is a that that address, to take over the country. Pervez Mush a ordersa saysarraf has been under, the Pakistan a says that military a the say forces underi his i President a command,",31.7%,3.39,"raf says he ordered his troops take control of country television station , his troops are "" running country . We are taking country . "" -- ( CNN ) -- In address , Pervez Musharraf , President , says that his country has been under state of "" emergency "" since December . -- ( CNN ) -- In address , Pervez Musharraf , President , says that his country has been under state of "" emergency "" since December . -- ( CNN ) -- In address , Pervez Musharraf , President , says that his country has been under state of "" emergency "" since December . -- ( CNN ) -- In address , Pervez Musharraf , President , says that his country has been under state of "" emergency "" since December . -- ( CNN ) -- In address , Pervez Musharraf , President ,",33.7%,2.58,"raf says he would be detaining former Prime Minister Yousuf Raza Gilani under a new law, but the law has not been enacted yet. Gilani's chief minister says the law won't be enforced until after the elections. But the military has threatened to overthrow the civilian government if it does not obey the new law. This is the third time the army has taken action against supporters of Gilani since the former premier was declared a fugitive. The army has not acted against other opposition leaders. Raza Gilani, the country's most popular opposition leader, was convicted of treason last year. Meanwhile, the U.S. Senate approved a $535 million aid package for Pakistan. The Senate vote was 63-33, with 19 Republicans voting against it. The package includes a $100 million loan from the United States for anti-terror operations and a $163 million loan from the United States for counter-narcotics. It also includes $100 million in cash and equipment to help",21.8%,-1.03
m-nom,0.1,"(CNN) -- The chief operating officer of the National Children's Museum was arrested Tuesday and is charged with distributing child pornography over the Internet, authorities said. Robert A. Singer is accused of sending images depicting child pornography to people he believed to be a 12-year-old girl and her 33-year-old"," mother. Singer, who is the chief operating officer of the National Children's Museum of Boston, was arrested Tuesday and is charged with distributing child pornography over the Internet, authorities said. Singer, who is the chief operating officer of the National Children's Museum of Boston, was accused of sending images depicting child pornography to people he believed to be a 12-year-old girl and her 33-year-old mother. Singer, who is the chief operating officer of the National Children's Museum of Boston, was accused of sending images depicting child pornography to people he believed to be a 12-year-old girl and her 23-year-old mother. Singer, who is the chief operating officer of the National Children's Museum of Boston, was accused of sending images depicting child pornography to people he believed to be a 12-year-old girl and her 23-year-old mother. Singer, who is the chief operating officer of the National Children's Museum of Boston, was accused of sending images depicting",33.0%,2.59,". Singer, who National Children' the chief operating officer of to girl and her National Children's Museum of Boston to people was arrested Tuesday to people is charged with distributing child pornography over the Internet, and her said. Singer, who is the chief operating officer of the National Children's Museum of Boston, was accused of to to be images to girl anding her child people people pornography to people he believed to be a 12-year-old girl and her 33-year-old mother. Singer, who is the and her operating officer of the National Children's Museum of Boston to people 12- was accused of sending images depicting child pornography to people he believed to her daughter be  to people 12-year-old girl and her 23-year-old mother. Singer, who is to her chief operating officer of the National Children and hers Museum of to be, was and her 33 of sending images depicting child pornography to people he believed to be a 12-year-old girl and her 23- girl and her-old mother. Singer, who is to to people to chief operating officer of the National Children' to people Museum of Boston, was accused of sending images depicting",27.2%,0.758,". Singer, who is the chief operating to people to family and officer of the to people National 12-person and Children's Museum of Boston, was arrested Tuesday to people to and is family and officer charged with and childdistributing child pornography over the child the Internet, and child authorities said. Singer, who is the chief operating to people officer of the National Children's Museum to people of Boston, was accused of sending images depicting child pornography to people he believed to be a 12-year-old girl and her 33-year-old mother. Singer, who is the chief operating officer of to to and the National Children's Museum of Boston, was accused of sending images depicting child pornography to people he believed to be a 12-year-old girl and her 23-year-old mother. Singer, who is the chief operating officer of the National a 12- Children's to peoples Museum of Boston the National 12-, her and was accused of sending images depicting child pornography the a to people he believed to to people to be a 12-year- people and herold girl to people to and her 23-year-old mother. Singer, who is the chief operating officer to people of National 12-person the National Children's Museum of Boston, was accused of sending images depicting",29.0%,1.48,"  mother . Singer , who is chief operating officer of National Children Museum of Boston , was arrested Tuesday and is charged with distributing child pornography over Internet , authorities said . Singer , who is operating officer of the National Children Museum of Boston , was accused of sending images depicting child pornography to people he believed to be a 12 - year - old girl her 33 - year - mother . Singer , who is operating officer of National Children 's Museum of Boston , was accused of sending images depicting child pornography to people he believed to be 12 - year - girl and her 23 - year - old mother . Singer , who is the chief operating officer of National Children Museum of Boston , was accused of sending images depicting child pornography to people he believed be 12 - year - old girl and her 23 - year - mother . Singer , who is the chief operating officer of National Children 's Museum of Boston , was accused of sending images depicting",21.7%,-1.03," mother. Singer, who is a former teacher and principal, was arrested outside his home in Rancho Palos Verdes, California, at about 4 p.m. ET, Los Angeles police said. He is being held on $15 million bail. Singer's arrest comes a day after the mother of the 12-year-old girl contacted police to report that her daughter had been victimized by Singer in an attempt to extort money from her. Los Angeles detectives said Tuesday that they believe the mother's claims are true. ""We believe the victim was victimized by Mr. Singer, and we believe she is the victim of a child predator. We believe the mother was victimized by Mr. Singer,"" Los Angeles Police Chief Charlie Beck said. ""We believe this is a conspiracy to commit a crime."" The investigation began Monday when the mother reported that her daughter had been offered money to perform sex acts on Singer. ""She stated that her daughter was a victim of the same person who had offered her money",30.5%,1.77
m-nom,0.3,"(CNN) -- The chief operating officer of the National Children's Museum was arrested Tuesday and is charged with distributing child pornography over the Internet, authorities said. Robert A. Singer is accused of sending images depicting child pornography to people he believed to be a 12-year-old girl and her 33-year-old"," mother. Singer, who is the chief operating officer of the National Children's Museum of Boston, was arrested Tuesday and is charged with distributing child pornography over the Internet, authorities said. Singer, who is the chief operating officer of the National Children's Museum of Boston, was accused of sending images depicting child pornography to people he believed to be a 12-year-old girl and her 33-year-old mother. Singer, who is the chief operating officer of the National Children's Museum of Boston, was accused of sending images depicting child pornography to people he believed to be a 12-year-old girl and her 23-year-old mother. Singer, who is the chief operating officer of the National Children's Museum of Boston, was accused of sending images depicting child pornography to people he believed to be a 12-year-old girl and her 23-year-old mother. Singer, who is the chief operating officer of the National Children's Museum of Boston, was accused of sending images depicting",33.0%,2.59,"to peoples Singer, who s child her 33 the por por operating officer of child por Museum of Boston National Children to peoples Museum of Boston, was arrested Tuesday and to peoples charged National s Museum' distributing to peoples porn por distributing over the Internet s child authorities the National Children. Singer National Children' who is the chief operating officer of Museum of Children's Children s Children' to to people her Museum of Boston, was and National children Museums Museum s por of sending images to peoplesing s child Museum of hernography to people he believed to be a 12- to por- tos- Museum of Boston girl and her 33- to people Children' Children'- museum child National to peoples mother. Singer, who is the chief Museum of Museum of Boston s child s  ' Museums Museum National Children' children Museum ofs the National Children' to Museum of  Museum por of National Children to ' por people Museum of Boston, was accused of sending images depicting child her Museum of peoplesn s Museum to people  to peoples to be to be Museum of Bostona 12-year-old girl and and the National Children 23-year-old mother. Singer, who s child the chief operating officer of s Museum of s child Children's Museum of Boston, was accused of her child images depicting child pornography to people her childhe believed to be a 12-year-old girl and her 23-year-old mother. Singer, who is the chief operating officer of the National Children's Museum of Boston, was accused of sending images depicting",25.1%,0.033,". to people Singer, who is the chief operating officer of "" National Children Museum ' childto go National Children Museum the National Children's Museum of the National Children Boston, was arrested Tuesday and is charged with distributing to be child pornography Museum child over the Internet, authorities said. National National be child Singer, who child porn is the girl and her and her be chief operating officer of the National Children's girl to be girl and her National child Museum of Boston, was being National accused of sending images depicting child pornography to people he believed child porn of the National National National children to be a 12-year- be childold girl and her Museum to be child porn 33- to people museum the Nationalyear-old mother to people. Children Museum National Singer to National children child National child and, National child who is the the National Kids chief operating girl and her child por to National Childrenn officer of the National to National National Children's children child and her Museum of Boston, was accused and her of sending images depicting child pornography to people to National Nationalhe believed to be child Museum child to be to porna 12- National National childrenyear-old girl and pornography her 23-year-old mother. Singer, who is the chief operating National child officer of the National Children's National Childrens Museum of National Children' Boston, was accused of to to National child is the child Museum National people go National people children of the National child sending images depicting child pornography to people he believed to be a 12-year- girl and her to people to be child sending National children personold girl and National the people National, museum National child her 23 National children-year-old mother. Singer, who the National National is the chief operating officer of the National National National go child National Children's Museum of Boston, was accused of sending images depicting",25.9%,0.394,"  mother . Singer , who is operating officer of National Children Museum of Boston , was arrested Tuesday is charged with distributing child pornography over Internet , authorities said . Singer , who is operating officer of National Children Museum of Boston , was accused of sending images depicting child pornography to people he believed be 12 - year - girl her 33 - year - mother . Singer , who is operating officer of National Children Museum of Boston , was accused of sending images depicting child pornography to people he believed be 12 - year - girl her 23 - year - mother . Singer , who is operating officer of National Children Museum of Boston , was accused of sending images depicting child pornography to people he believed be 12 - year - girl her 23 - year - mother . Singer , who is operating officer of National Children Museum of Boston , was accused of sending images depicting",22.4%,-0.774," mother. Singer, who is a former teacher and principal, was arrested outside his home in Rancho Palos Verdes, California, at about 4 p.m. ET, Los Angeles police said. He is being held on $15 million bail. Singer's arrest comes a day after the mother of the 12-year-old girl contacted police to report that her daughter had been victimized by Singer in an attempt to extort money from her. Los Angeles detectives said Tuesday that they believe the mother's claims are true. ""We believe the victim was victimized by Mr. Singer, and we believe she is the victim of a child predator. We believe the mother was victimized by Mr. Singer,"" Los Angeles Police Chief Charlie Beck said. ""We believe this is a conspiracy to commit a crime."" The investigation began Monday when the mother reported that her daughter had been offered money to perform sex acts on Singer. ""She stated that her daughter was a victim of the same person who had offered her money",30.5%,1.77
m-nom,0.5,"(CNN) -- The chief operating officer of the National Children's Museum was arrested Tuesday and is charged with distributing child pornography over the Internet, authorities said. Robert A. Singer is accused of sending images depicting child pornography to people he believed to be a 12-year-old girl and her 33-year-old"," mother. Singer, who is the chief operating officer of the National Children's Museum of Boston, was arrested Tuesday and is charged with distributing child pornography over the Internet, authorities said. Singer, who is the chief operating officer of the National Children's Museum of Boston, was accused of sending images depicting child pornography to people he believed to be a 12-year-old girl and her 33-year-old mother. Singer, who is the chief operating officer of the National Children's Museum of Boston, was accused of sending images depicting child pornography to people he believed to be a 12-year-old girl and her 23-year-old mother. Singer, who is the chief operating officer of the National Children's Museum of Boston, was accused of sending images depicting child pornography to people he believed to be a 12-year-old girl and her 23-year-old mother. Singer, who is the chief operating officer of the National Children's Museum of Boston, was accused of sending images depicting",33.0%,2.59,"pornography Singer, who her child child the her child operating pornography of child her child por to pornography porn pornography her por pornography childs her her 33 of 33 her her her por pornography was arrested Tuesday her her people por her child her to is charged child por to people  por 33 por the childography child porn children her  pornography por pornography the Internet, her children the her the child child por to s child to people Singer, who person a pornography pornography operating officer of pornography National Children' pornography Museum of 33 porn, was children pornographyn of sending pornography por her her herographynographying child pornography to peopleography por her 33 pornography pornography pornographynography her her her pornography her her her believed to por people her a 12- child children porn-old girl people children children pornography he child her pornography to her pornography por her child child- por por pornography poryear-old pornography por children por 33 child por her children her child her, pornography is the to porn child her 33nography por pornography people por her children her her her her the her people por Children' pornography Museum of Boston, was people child por to people her sending images depict child por to child pornography to children the he believed to be a 12- child her child-old the children her her her 33 people her 23-year the her childold child child the. Singer, who is the chief operating officer of the National Children's Museum of Boston her pornography people was accused of sending images depicting people her 33 pornography to people he believed to be a 12-year-old girl to people her 23-year-old mother. Singer, who is the chief operating officer of the National Children people childs Museum of Boston, was accused of sending images depicting",25.8%,0.34,". Singer who person child, who the child person is of the by her child person is person a daughter to people child person people and to person to person is the chief operating officer of the National Children's 's to Museum of Boston to people, person is woman child the to child was and her and arrested Tuesday and is charged with girl to peopledistributing child person to person por and to t the peoplenography to people and over the Internet, authorities and person child said her persons and. Singer person person is the child, who is the person person chief operating officer of the National Children the child's and to people Museum of Boston and her, was accused of sending images depict is a is the person the to childing and child child por is person her the to a childnography to people person andhe believed to and person be to people the child person child toa 12-year-old to people her and her to to be to girl and people are Person woman the a to is of the Children her girl and her her and person person is her 33-year- Child' s childsold mother. Singer, who is the chief to her person the child person to girl to operating people is the officer of the National Children's Museum of Boston person child, was accused the child' of sending images depicting child people an person child operational person and person to people por person an Child' person, whos who person is the person child is the the person person child theography to people the child'sperson to the person child the person child person and child girl. he believed to to think to be a and child 12-year-old girl and her 23-year-old mother. Singer, who to thes people is the chief operating and and person officer of s child the National Children' girl person iss Museum a child is Child's the of Boston, was accused of sending images depicting child pornography is the and to is child people he believed to to people to people to to people to to be a daughter persona 12- the people theyear-old girl and her 23-year is girl person is of person- and childold mother. Singer, to people to child to who is child person is the chief operating officer to person to person child person the of the National child person person person child Children' to child with hers Museum of Boston, was accused persons child of sending images depicting",25.2%,0.105,"  mother . Singer , who is operating officer of National Children Museum of Boston , was arrested Tuesday is charged with distributing child pornography over Internet , authorities said . Singer , who is operating officer of National Children Museum of Boston , was accused of sending images depicting child pornography to people he believed be 12 - year - girl her 33 - year - mother . Singer , who is operating officer of National Children Museum of Boston , was accused of sending images depicting child pornography to people he believed be 12 - year - girl her 23 - year - mother . Singer , who is operating officer of National Children Museum of Boston , was accused of sending images depicting child pornography to people he believed be 12 - year - girl her 23 - year - mother . Singer , who is operating officer of National Children Museum of Boston , was accused of sending images depicting",22.4%,-0.774," mother. Singer, who is a former teacher and principal, was arrested outside his home in Rancho Palos Verdes, California, at about 4 p.m. ET, Los Angeles police said. He is being held on $15 million bail. Singer's arrest comes a day after the mother of the 12-year-old girl contacted police to report that her daughter had been victimized by Singer in an attempt to extort money from her. Los Angeles detectives said Tuesday that they believe the mother's claims are true. ""We believe the victim was victimized by Mr. Singer, and we believe she is the victim of a child predator. We believe the mother was victimized by Mr. Singer,"" Los Angeles Police Chief Charlie Beck said. ""We believe this is a conspiracy to commit a crime."" The investigation began Monday when the mother reported that her daughter had been offered money to perform sex acts on Singer. ""She stated that her daughter was a victim of the same person who had offered her money",30.5%,1.77
m-nom,0.1,"(CNN)  -- With his hands and feet shackled and his face obscured by his long hair, Chester Arthur Stiles made his initial court appearance in Las Vegas, Nevada, on Wednesday morning on charges stemming from the videotaped rape of a 2-year-old girl. Chester Stiles appears Wednesday in a"," court room in Las Vegas, Nevada, on Wednesday morning. On Wednesday, Chester Stiles, 34, appeared in court in the courtroom where his wife, Nicole St. James, 27, is being charged in the case. Stiles made his initial court appearance in a courtroom where his wife, Nicole St. James, 27, is being charged in the case. The couple were married in 2003 and have been together since, and have been together since, and are married since, and are married since, and are married since, and are married since, and are married since, and are married since, and are married since, and are married since, and are married since, and are married since, and are married since, and are married since, and are married since, and are married since, and are married since, and are married since, and are married since, and are married since, and are married since, and are married since, and are married since, and are married since",55.3%,9.83,"room in , and Vegas, Nevada, , and Wednesday morning . In , and Las, , and are Wednesday, Chester Stile , and are , and are 34, appeared in court in the courtroom where his wife, Nicole St. James, 27, is being , and are in , and are case. Stiles made his initial court appearance in a courtroom where his wife, Nicole , and are. James, , and are is being charged in the case , and are The couple and are in married in 2003 and have been together since, and have been together , and are, and are married since , and are and are married since, and are married since, and , and and married since, and are married since, and are married since, and are married , and and, and are married since, and are married since, and are married since, and are , , since, and are married since, and are married since, and are married , and are, and are married since, and are married since, and are married since, and are married since, and are married since, and are married since, and are married since, and are married since",44.0%,6.67,", Nevada, on Wednesday morning. On Wednesday, Chester since, and Stiles, 34, appeared and are married in court in the courtroom where his , and are wife, Nicole St. , and are James , and are, 27, is being charged in the case. , and are Stiles made his initial court appearance in a courtroom where his wife, Nicole St. James, 27, is being charged is, and in the case. The couple , and are were married in 2003 since, and and have been together since, and have been together since, and , and are, and are are married since, and , and are are married since, and are married since, and are married since, and , and are are married since, and are married since, and are married since, and are married since , and are, and are married since, and are , and are married since, and are married since, , and are and are married since, and are married since, and are married since, and are married since, , and are and are married since, and are married since, and are married , and are since, and are married since, and since, and are married since, and are married since, and are married , and are since",38.9%,5.09,"  court room in Las Vegas , Nevada , on Wednesday morning . On Wednesday , Chester Stiles , 34 , appeared in court in the courtroom where his wife , Nicole St. James , 27 , is being charged in the case . Stiles made his initial court appearance in a courtroom where his wife , Nicole St. James , 27 , is being charged in case . couple were married in 2003 and have been together , have been since , and are married since , and are married since , are married since , are married since , are married since , are married since , and are married since , are married since , are married since , and are married since , and are married since , are married since , are married since , are married since , are married since , are married since , are married since , and are married since , and are married since , are married since , are married since , and are married since",23.5%,-0.475," Las Vegas courtroom on charges stemming from the videotaped rape of a 2-year-old girl. (John Locher/AP)

LAS VEGAS, Nevada — The man accused of videotaping himself raping a toddler made his initial court appearance Wednesday, accused of kidnapping, kidnapping a minor child, child abuse and sexual battery.

Chester Arthur Stiles, 36, sat in a wheelchair, his face obscured by a long, black beard, and his hands and feet shackled and his face partially obscured by his long hair.

The man accused of videotaping himself raping a toddler appeared in court Wednesday, accused of kidnapping, kidnapping a minor child, child abuse and sexual battery.

Chester Arthur Stiles appeared in court Wednesday and is scheduled for a preliminary hearing Thursday. The man accused of videotaping himself raping a toddler appeared in court Wednesday and is scheduled for a preliminary hearing Thursday.

Chester Arthur Stiles, 36, appeared in court Wednesday",17.3%,-2.51
m-nom,0.3,"(CNN)  -- With his hands and feet shackled and his face obscured by his long hair, Chester Arthur Stiles made his initial court appearance in Las Vegas, Nevada, on Wednesday morning on charges stemming from the videotaped rape of a 2-year-old girl. Chester Stiles appears Wednesday in a"," court room in Las Vegas, Nevada, on Wednesday morning. On Wednesday, Chester Stiles, 34, appeared in court in the courtroom where his wife, Nicole St. James, 27, is being charged in the case. Stiles made his initial court appearance in a courtroom where his wife, Nicole St. James, 27, is being charged in the case. The couple were married in 2003 and have been together since, and have been together since, and are married since, and are married since, and are married since, and are married since, and are married since, and are married since, and are married since, and are married since, and are married since, and are married since, and are married since, and are married since, and are married since, and are married since, and are married since, and are married since, and are married since, and are married since, and are married since, and are married since, and are married since, and are married since",55.3%,9.83,"room where his wife , and , and are Vegas, , , and are are, on Wednesday morning. On Wednesday, , and are are married Stiles, 34, appeared in , and are in the courtroom where  , and are and are wife, Nicole St. James, are married since is being charged in the case. Stile , and ares , and are Stil , and are his initial court , and , , and are are in a court , , and are , and are and are are where his , and are , and are Nicole St. James  , and are and are 27, is , and are, and are charged in the case. , and are couple were , and are in  , and are and are and , and are been together since, and have been together , and , and are . Stile, , and are , and are , and , and are , and are and are, and are are married since, , and are are married since, and are married since, , and , and are are married since , and are and are married since, and , and are married since , and are and are married since, , and , and are, and are are married , , and are are, and are married . Stile, and a court , and are married since, and are married since, and , and are , and are since, and are married since, and are married since, and are married since, and are married since, and are married since, and are married since, and are married since, and are married since, and are married since, and are married since",33.8%,3.7,", Nevada , and have, on Wednesday morning. On Wednesday, Chester Stil , and arees, 34, appeared in court , ,, , and are in the courtroom where his , and are wife, Nicole St. James, 27, is being charged in the case. Stiles made , and are his ,, initial court appearance in a court , and areroom where his wife, Nicole St. James, 27, is being charged in the case. ,, The , married since , couple , and , in are were married , , , since are and are and are ,, in 2003 and have , and are , and are been , , and are together since, and have been together since, and are , and are married since, and , since are married and are , and are married since ,,, and are married since, and are married and , and are are married since, and , and are and are in are , and married since, and are married since and are married, , and are Nevada, on and are married since, and are married since, and are married since, , and are and are married since, and are married since, and are married since , and are, and are married since, and are a and are married since, and are married and are married since, and are married since, and , , and are and are , are, are , and are , and ,, and married and are married , or are since, and are married since, and are married since, , and made , since September and are married since , and are, and , and are , and are , since they are married since , , and are, and ing their eight are o and are and are, and a, and are married , and are since",38.0%,5.68,"  court room in Las Vegas , Nevada , on Wednesday morning . On Wednesday , Chester Stiles , 34 , appeared in court in courtroom where his wife , Nicole St. James , 27 , is being charged in case . Stiles made his court appearance in courtroom where his wife , Nicole St. James , 27 , is being charged in case . couple were married in 2003 have been , have been , are married since , are married since , are married since , are married since , are married since , are married since , are married since , are married since , are married since , are married since , are married since , are married since , are married since , are married since , are married since , are married since , are married since , are married since , are married since , are married since , are married since , are married since",17.7%,-2.16," Las Vegas courtroom on charges stemming from the videotaped rape of a 2-year-old girl. (John Locher/AP)

LAS VEGAS, Nevada — The man accused of videotaping himself raping a toddler made his initial court appearance Wednesday, accused of kidnapping, kidnapping a minor child, child abuse and sexual battery.

Chester Arthur Stiles, 36, sat in a wheelchair, his face obscured by a long, black beard, and his hands and feet shackled and his face partially obscured by his long hair.

The man accused of videotaping himself raping a toddler appeared in court Wednesday, accused of kidnapping, kidnapping a minor child, child abuse and sexual battery.

Chester Arthur Stiles appeared in court Wednesday and is scheduled for a preliminary hearing Thursday. The man accused of videotaping himself raping a toddler appeared in court Wednesday and is scheduled for a preliminary hearing Thursday.

Chester Arthur Stiles, 36, appeared in court Wednesday",17.3%,-2.51
m-nom,0.5,"(CNN)  -- With his hands and feet shackled and his face obscured by his long hair, Chester Arthur Stiles made his initial court appearance in Las Vegas, Nevada, on Wednesday morning on charges stemming from the videotaped rape of a 2-year-old girl. Chester Stiles appears Wednesday in a"," court room in Las Vegas, Nevada, on Wednesday morning. On Wednesday, Chester Stiles, 34, appeared in court in the courtroom where his wife, Nicole St. James, 27, is being charged in the case. Stiles made his initial court appearance in a courtroom where his wife, Nicole St. James, 27, is being charged in the case. The couple were married in 2003 and have been together since, and have been together since, and are married since, and are married since, and are married since, and are married since, and are married since, and are married since, and are married since, and are married since, and are married since, and are married since, and are married since, and are married since, and are married since, and are married since, and are married since, and are married since, and are married since, and are married since, and are married since, and are married since, and are married since, and are married since",55.3%,9.83,", , and are are   , , , , and are are are , and are and are and are Las Vegas, Nevada, on Wednesday morning. On Wednesday, Chester Stil , and are, and are , and are , and are, , and , and are are ares, , and , and are, and are, appeared in  , and are, and , and are and are , and are the courtroom where , , and are are, and  , and are, and are , and are and are  , , and are are and are , and are, and , and are , and are , and are are wife, Nicole  , and , and are and are. James, , are , and are, , and are are, and  , and are , and , and are are is , and are charged , , and are are , and , and are, and , , and are are case. Stil , are , and are since , and ares made are , and are since , and are court appearance in , and are, and area court , and are where his wife, Nicole , and are. James, 27, is being charged in the case. , and are couple , and are , and are , , and are are 2003 and have been together , and are , and , and are , and are have , and are together since , and are and are , and are since, and are married since, , , and are are, and are made a married , and are since court, and are married since, and are married since  , and are and are and are married since , and are and are married are married since , and are, and are , and are are married since, and are married since, and are , and are since, and are married since, and are married since, and , and are married since, and are married since, and , and are married since, and are married since, and are married since, and are married since, and are married since, and are married since, and are married since, and are married since",31.1%,2.88,", Nevada, , and are on Wednesday , and are , and are morning. On Wednesday, Chester Stil , ,, , and are and are , and are , and are , and , and, and are are, , ,, and and before , and and , and are an , and , , arees, 34, appeared , and are in court in the courtroom where his wife, Nicole St , and are. James, 27, is being , and , , and and are , and are ,,, and and are , and have charged in the case. Stiles made started since, his initial court appearance in , and they, are married Nevada. in a courtroom where his wife, Nicole St. James, 27, is being , and are, and charged in the , and are case. The couple , and , and are were married in 2003 and , and are have been together are married since since are married since , and are, , and are, before, and have , and are, and are , and been together , and are since , and are ., , and are , ,,, and , and are are and, and are married since, and , and are are , and, and are married since, and are , Nevada, married , has made , ,, and have since, and are married since, and , and are , and are are married since, and , , and are since on, and are married since, and are married since, and are , and are married , and are since , and are, and are , , and are Nevada , and can, married since, , and are, , and , and are are , and and. were married married since, and are married since, and are , and are married since , and are, , and and are married since, and , and are are married , and since, and are ,, married since , , , , and are and are and are and are, and are married since, and are married since, and are married since, , and are , and since , and and and are married since, and , ,, and are , and , and , and are, , and are and and are are married since , and arehe made started, , , , and are , and are and are married since, and are married since",30.9%,2.98,"  court room in Las Vegas , Nevada , on Wednesday morning . On Wednesday , Chester Stiles , 34 , appeared in court in courtroom where his wife , Nicole St. James , 27 , is being charged in case . Stiles made his court appearance in courtroom where his wife , Nicole St. James , 27 , is being charged in case . couple were married in 2003 have been , have been , are married since , are married since , are married since , are married since , are married since , are married since , are married since , are married since , are married since , are married since , are married since , are married since , are married since , are married since , are married since , are married since , are married since , are married since , are married since , are married since , are married since , are married since",17.7%,-2.16," Las Vegas courtroom on charges stemming from the videotaped rape of a 2-year-old girl. (John Locher/AP)

LAS VEGAS, Nevada — The man accused of videotaping himself raping a toddler made his initial court appearance Wednesday, accused of kidnapping, kidnapping a minor child, child abuse and sexual battery.

Chester Arthur Stiles, 36, sat in a wheelchair, his face obscured by a long, black beard, and his hands and feet shackled and his face partially obscured by his long hair.

The man accused of videotaping himself raping a toddler appeared in court Wednesday, accused of kidnapping, kidnapping a minor child, child abuse and sexual battery.

Chester Arthur Stiles appeared in court Wednesday and is scheduled for a preliminary hearing Thursday. The man accused of videotaping himself raping a toddler appeared in court Wednesday and is scheduled for a preliminary hearing Thursday.

Chester Arthur Stiles, 36, appeared in court Wednesday",17.3%,-2.51
m-nom,0.1,"JOHANNESBURG, South Africa -- South African fast bowler Dale Steyn took a career-best five for 34 as the Proteas took a tight grip on the first test against New Zealand in Johannesburg. Steyn's career-best 5-34 was his fourth five-wicket haul"," in Test matches in South Africa. 4-3 on the 2nd Test in Charlotte. 10-7 on the 4th Test in Blox to take the Protesas into the 5th Test. 2-5 in the 6th Test in New Delhi. 7-10 on the 7th and 8th Test in Dubai. This is 5-10 in the 9th, 10-13 in the 10th, 12-14 in the 11th, 14-13, 15-16. 5-10 in the 13th. 5-10 in the 14-16 in the 15th and 16th. This is 5-10 in the 17th. This is 5-10 in the 17th. 4-3 on the 2nd Test in North Carolina. 7-10 on the 3rd Test in New York. 5-10 in the 4th Test in Canada. 10-13 on the 5th Test in Dubai. 3-3 on the 6th and 7",55.3%,9.83,"Test matches in South Africa. 2nd Test-3 on the 2nd Test in Test in Test in.. 10-7 on the 4th Test in Blox Test in Blo take the Protesas into the 5th Test. 2-5 in the 6th Test in New Delhi. 7-10 on in New Delhi 7 th Test in and 8th Test in Dubai. This is 5-10 in the Tests inth, 10-13 in the Test in Bloth, 12-14 in the 11th, 14-13, 15-16. 5-10 in the 13th. 5-10 in the 14 9th and in the 15th and 16th. This is 5 in the 5th Delhi in the 17th. This is 5-10 in Blox in North Carolina Test in Newth. 4-3 on the 2nd in Blox in North Carolina. 7-10 on the 3rd Test in New York. 5-10 in Test and in 4th Test in and 8thth Test. 10-13 on the 5th Test in Dubai. 3-3 on the 6th and 7",38.9%,4.85,". 4-3 on the 2nd Test in Charlotte. 10-7 on the Test in New 4th Test in Blox to take the Protesas into the 5 4th Testth Test th Test in. 2-5 in the Test in Mumbai 6th Test in New Delhi. Test Test in 7-10 on the 7th and 8th Test in Dubai. in in Dubai. Dubai. This is Pakistan. 2 5-10 in the 9th, 10 in North Carolina-13 in the 10th, 12-14 in the in India and 11th, 14-13, 15-16. 5-10 in the 13th. 5-10 in the 14-16 in the 15th and 16 in Dubai.th. This is Test in Montreal 5-10 in Dubai 6 in the 17th. This is 5-10 in the 17th. 4-3 on the 2nd Test in North Carolina. 7-10 on the 3rd Test th Test in Dubai Test in in New York. 5-10 in Dubai. 2 the 4th Test in Canada. in. in 10-13 on the 5th Test in Test in Dubai Dubai. 3-3 on the 6th and 7",42.9%,6.45,"  in Test matches in South Africa . 4 - 3 on Test in Charlotte . 10 - 7 on the 4th Test in Blox to take the Protesas into the 5th Test . 2 - 5 in Test in New Delhi . 7 - 10 on the 7th and Test in Dubai . This is 5 - 10 in 9th , 10 - 13 in , 12 - 14 in 11th , 14 - 13 , 15 - 16 . 5 - 10 in the 13th . 5 - 10 in 14 - 16 in 15th 16th . This is 5 - 10 in the 17th . This is 5 - 10 in the 17th . 4 - 3 on the 2nd Test in North Carolina . 7 - 10 on Test in New York . 5 - 10 in 4th Test in Canada . 10 - 13 on the Test in Dubai . 3 - 3 on the 6th 7",27.4%,0.742," in test matches, with his previous best coming in the first innings of the second test against Australia in Port Elizabeth in November.
Steyn, who has taken five five-fors in his last seven tests, bowled at a good pace, sending down nine overs of good swing, and his tight line was enough to see the tourists wallow to a 321-run defeat.
South Africa resumed on the second morning on 62-3 and were skittled out for 202, with Dave Warner (75) and Tom Latham (25) adding an important stand of 75 for the third wicket.
Warner was out first ball after lunch, caught by a diving Quinton de Kock in the slips off fast bowler Dale Steyn, before Latham was out shortly after tea, caught by captain Faf du Plessis off Steyn.
On a pitch that bowled with good pace, Steyn took a catch diving to his right to dismiss Latham.",25.4%,0.123
m-nom,0.3,"JOHANNESBURG, South Africa -- South African fast bowler Dale Steyn took a career-best five for 34 as the Proteas took a tight grip on the first test against New Zealand in Johannesburg. Steyn's career-best 5-34 was his fourth five-wicket haul"," in Test matches in South Africa. 4-3 on the 2nd Test in Charlotte. 10-7 on the 4th Test in Blox to take the Protesas into the 5th Test. 2-5 in the 6th Test in New Delhi. 7-10 on the 7th and 8th Test in Dubai. This is 5-10 in the 9th, 10-13 in the 10th, 12-14 in the 11th, 14-13, 15-16. 5-10 in the 13th. 5-10 in the 14-16 in the 15th and 16th. This is 5-10 in the 17th. This is 5-10 in the 17th. 4-3 on the 2nd Test in North Carolina. 7-10 on the 3rd Test in New York. 5-10 in the 4th Test in Canada. 10-13 on the 5th Test in Dubai. 3-3 on the 6th and 7",55.3%,9.83,"Test matches in South the  Blo Test Test in South theth. 4 Blotest in on the 2nd in test in Australiax in Charlotte. 10 Test in New on the 4th Test  Blo Test in the Blo in Adelaide. Blo-10th Testx in Bloth take the Pro in Blo Testas into the 5th Test. 2-5 in the 6 th Test Blo Test in New Delhi th Blo in 7 Test Test in the Blo Blo test. the 7th and Blo Test Blo Test 3th Blo on the in Dubai Blo-12 This is 5 test in Australia the th the 9th, 10 the 4th in the 10th 7th Test 12-14 in the 11 Blo Test 4th th Test 14-13 Blo Testth 15-16. 5-10 in the 13th. 7th.-10 in the 14-16  Blo Test Test Blo Test Blo the th Test inth and 16th. Blo the 2nd is 5 Test in India Test and in the ththth theth Blo xth. This Blo Testthx. 5-10 in Blo Test 4th th Test inth. 4-3 on the 2 Testth Test in North Carolina. 7-10 on the 3rd Test in New York. 5-10 in the 4th Test in Canada. 3rd-13 on the 5th Test in Dubai. 3-3 on the in Bloxth and 7",33.4%,3.44,". 4 Test South Africa - 4 Test- - in Auckland in in in in. in - 4 Test - in Melbourne Test in in Boston in Manchester on 10 London-3 on the Test, in Atlanta Test in 2nd Test in in in London Charlotte Test- Test in Sydney the. 10-7 on in 3 on the In London the 4th Test in Blox to take the Protesas in London 10 in in London into in in London the 5th Test. 2-5 in the 6 in Cape Townth Test in New - in London Delhi. 7-10 on the 7th and 8th Test in - in Dubai. This is 5-10 in the 9th, 10-13 in the 10 in in inth, in Toronto- . and the 12-14 in the 11th, 14-13 4th, . Test in 15-16. 5-10 in in Delhi the 13 in Atlanta Testth. 5-10 in the Test in Montreal 14-16 in from in in Sydney Test the 15th of Test in in in In Perth Dubai. and 16th 7-10 Test. This is 5-10 in the 17th. This is 5-10 in the in Melbourne in 17th. 4-3 on the Test in Toronto in in Melbourne London in London 2nd Test in North Carolina in London in. in , in Tests Test in North 7-10 Test in London on the 3r in in Australiad Test in New in London on York. 5-10 in the 4th Test th Test in in India the Mumbai the in in Canada. 10-13 on the 5th Test in Test in Sydney Dubai in Auckland. 3-3 on the 6th and 7",33.1%,3.5,"  in Test matches in South Africa . 4 - 3 on Test in Charlotte . 10 - 7 on Test in Blox take Protesas into Test . 2 - 5 in Test in New Delhi . 7 - 10 on Test in Dubai . This is 5 - 10 in 9th , 10 - 13 in , 12 - 14 in , 14 - 13 , 15 - 16 . 5 - 10 in 13th . 5 - 10 in 14 - 16 in 15th 16th . This is 5 - 10 in 17th . This is 5 - 10 in 17th . 4 - 3 on Test in North Carolina . 7 - 10 on Test in New York . 5 - 10 in Test in Canada . 10 - 13 on Test in Dubai . 3 - 3 on 6th 7",19.2%,-1.64," in test matches, with his previous best coming in the first innings of the second test against Australia in Port Elizabeth in November.
Steyn, who has taken five five-fors in his last seven tests, bowled at a good pace, sending down nine overs of good swing, and his tight line was enough to see the tourists wallow to a 321-run defeat.
South Africa resumed on the second morning on 62-3 and were skittled out for 202, with Dave Warner (75) and Tom Latham (25) adding an important stand of 75 for the third wicket.
Warner was out first ball after lunch, caught by a diving Quinton de Kock in the slips off fast bowler Dale Steyn, before Latham was out shortly after tea, caught by captain Faf du Plessis off Steyn.
On a pitch that bowled with good pace, Steyn took a catch diving to his right to dismiss Latham.",25.4%,0.123
m-nom,0.5,"JOHANNESBURG, South Africa -- South African fast bowler Dale Steyn took a career-best five for 34 as the Proteas took a tight grip on the first test against New Zealand in Johannesburg. Steyn's career-best 5-34 was his fourth five-wicket haul"," in Test matches in South Africa. 4-3 on the 2nd Test in Charlotte. 10-7 on the 4th Test in Blox to take the Protesas into the 5th Test. 2-5 in the 6th Test in New Delhi. 7-10 on the 7th and 8th Test in Dubai. This is 5-10 in the 9th, 10-13 in the 10th, 12-14 in the 11th, 14-13, 15-16. 5-10 in the 13th. 5-10 in the 14-16 in the 15th and 16th. This is 5-10 in the 17th. This is 5-10 in the 17th. 4-3 on the 2nd Test in North Carolina. 7-10 on the 3rd Test in New York. 5-10 in the 4th Test in Canada. 10-13 on the 5th Test in Dubai. 3-3 on the 6th and 7",55.3%,9.83,"Test in India Test Test in South in South Africa. Tests Zimbabwe in Test in Test Test on the Test Test in Africa on the 2nd Test on Test Zimbabwe in the Charlotte South Africa on Test inth Zimbabwe Test in Canada Test Test the 3r Zimbabwe South Test on the South Africa 2 the 4 3 Test in Test in Tests Africa in South Africax to take the in Zimbabwe andtes in South Africa the 3 in Souths into the 5 Test in South Test and 5 in South Africa 2-5 in the in Test in India South the in South Africa Test in Test Test in South the 3 Test Test in New Delhi. 7 Test in in in Test in India Test Test Zimbabwe Test in Australia Africa. andth in New Test in India The Test in the-10 Test 10 Test 8 on the 7 in Zimbabwe Test in the 3 Test test in South on in. This is in in Tests South Africa in Test-10 in the 9th, Test on 1-13 in the and in Indiath, 12-14 in the 11th, 14-13, 15-16. 5-10 in Tests in 13 South Africa and. in Zimbabwe and in New York in South Africa Zimbabwe. the 14-16 South Africa in in Test 5 Test in India 1s in Zimbabwe. Test South Africa th Test in 16th. the 3 Test on in England. 1 5-10 the 3 Test the 17 in Australia.. This the 2nd 5-10 in the 17th. 4-3 on the 2nd Test in in Zimbabwe and Carolina. 7-10 on the 3rd Test in New York. 5-10 in the 4th Test in Canada. 10 Test in Blo on the 5th Test in Dubai. 3-3 on the 6th and 7",33.4%,3.67,". 4-3 Test North Test on the 2nd Test North Test Test North Test North in Charlotte Test Test Test Test Test Test Test Test Test North South Test Test in North. North Test 10-7 on Test Test Test the 4th Test in Blox to take the Pro Test Test Testtesas Test in Test Test Test North into Test Test North North Test Test North test Test Test Test India Test Test North the 5 5 Test Test Testth North Test Test Test Test North Test North Test Test in Test Testth Test. 2 Test in North-5 in Test North Test the Test North Test Test North Test Test Test 6th Test in Test Test North North North Test New Delhi. Test Test Test 7-10 on the 7 Test India Testth Test in New Test Test from Test Test Test and 8th Test in Dubai. This is 5-10 in the 9th, South Africa. 10 Test in Chennai Test North North Test Test Test Test South Test in Test Test Test Test Test North Test Test-13 in the 10th, 12 North Test North Test Test and-14 North Test Test Test the 5 in Test Test in the 11th, Test in North 14-13, 15-16. 5-10 in the Test Test Test Testth Test Test Test 13th Test Test. 5 Test Test Test North Test in-10 in the Test Test 14-16 in the 15 Test in Northth and 16th. This Test Test North is Test North Test 5 Test Test USA-10 in the 17th Test Test Test Test in Toronto. This is 5th Test North Test Test 5 in Testth-10 in the Test Test Test 17th. 4-3 on the Test Test North Test Test Test 2 North North Testnd Test Test Test Test Test Test Test North into Test in India the Testth in North Test Test Test Test in Test Test Test Indiath North Carolina. 7-10 on the 3rd Test in New York. 5-10 Test South Test in the 4 Test Test Test Test Test South Test Test Test Test Test Testth Test in Test Test Test Canada. 10-13 on Test in Bomb the Test Test Test 5 North andth Test in Dubai. 3-3 on the 6 Test in India Test Test Testth Test Test Test and 7",29.1%,2.03,"  in Test matches in South Africa . 4 - 3 on Test in Charlotte . 10 - 7 on Test in Blox take Protesas into Test . 2 - 5 in Test in New Delhi . 7 - 10 on Test in Dubai . This is 5 - 10 in 9th , 10 - 13 in , 12 - 14 in , 14 - 13 , 15 - 16 . 5 - 10 in 13th . 5 - 10 in 14 - 16 in 15th 16th . This is 5 - 10 in 17th . This is 5 - 10 in 17th . 4 - 3 on Test in North Carolina . 7 - 10 on Test in New York . 5 - 10 in Test in Canada . 10 - 13 on Test in Dubai . 3 - 3 on 6th 7",19.2%,-1.64," in test matches, with his previous best coming in the first innings of the second test against Australia in Port Elizabeth in November.
Steyn, who has taken five five-fors in his last seven tests, bowled at a good pace, sending down nine overs of good swing, and his tight line was enough to see the tourists wallow to a 321-run defeat.
South Africa resumed on the second morning on 62-3 and were skittled out for 202, with Dave Warner (75) and Tom Latham (25) adding an important stand of 75 for the third wicket.
Warner was out first ball after lunch, caught by a diving Quinton de Kock in the slips off fast bowler Dale Steyn, before Latham was out shortly after tea, caught by captain Faf du Plessis off Steyn.
On a pitch that bowled with good pace, Steyn took a catch diving to his right to dismiss Latham.",25.4%,0.123
m-nom,0.1,(Real Simple) -- Here are five great ways to enjoy your summer. Lazing in a hammock is one of the best ways to spend a summer evening. Best way to cut jeans into shorts  -- What better way to declare the start of summer? The key to cutting off jeans is not to go too," crazy. It is a great thing to do. You can easily cut off a lot of denim by sticking to five rules. Laying out a sheet of paper with your work on it, then placing it in front of the sun. If you are working on your work, then put it in front of the sun. Then, you can easily cut your jeans into shorts. Best way to cut jeans into shorts    -- The first rule to cut off jeans    -- The first rule to cut off jeans    -- The first rule to cut a lot of jeans    -- The first rule to cut a lot of jeans    -- The first rule to cut a lot of jeans    -- The first rule to cut a lot of jeans    -- The first rule to cut a lot of jeans    -- The first rule to cut a lot of jeans    -- The first rule to cut a lot of jeans    -- The",57.4%,10.5,". It is a great thing The first rule do. You can easily a lot off a lot the first rule denim by sticking to five The first rule. The aing out a sheet of paper with your work on it, then placing it in front of the The first rulea lot. If you are working on your work, then put it in front of the sun. Then, you can easily cut your off jeans -- into of jeans --s. Best way to cut jeans into shorts -- The first rule to cut off jeans -- The first rule The The cut off jeans -- The first The first rulea lot to cut The first rulea lot of The first rule -- The first rule to cut a lot of jeans -- The first rule to cut a lot of jeans -- The a lot rule to cut The first rulea lot of jeans -- The first The first to cut a a lot of jeans -- The first rule to cut a lot of jeans -- The first rule to cut a lot of jeans -- The",36.2%,3.64,". It is a great thing to do. You can easily cut off a lot of denim by sticking to five rules. Laying out a sheet of paper with a lot your work on it, then placing it in front of the sun. If a lot you are working on your work, a lot then put it in front of the sun a lot a. Then, you a lot can easily cut your jeans off a into a lot shorts. Best way to cut jeans into shorts -- The first rule to cut off jeans -- off a The first rule to cut off jeans -- The first rule to cut a lota lot of jeans -- The first off jeans -- rule to cut a lota lot of a lot jeans -- The first a lot rule to cut a lot of jeans -- The first rule to cut a lot of a lot jeans -- The first rule to cut a lot of a lot jeans -- The first rule off jeans -- to cut a lot of jeans -- The first rule to cut a off a lot of jeans -- The",42.4%,5.71,"  crazy . It is great thing do . You can easily cut off a lot of denim by sticking to five rules . Laying out a sheet of paper with your work on it , then placing it in front of the sun . If you are working on your work , put it in front of the sun . , you can easily cut your jeans into shorts . Best way to cut jeans into shorts     -- The first rule to cut off jeans     -- The rule cut off jeans     -- The rule to cut lot of jeans     -- rule cut a lot of jeans     -- rule cut lot of jeans     -- The rule to cut a lot of jeans     -- The first rule to cut lot of jeans     -- The first rule cut a lot of jeans     -- The first rule to cut a lot of jeans     -- The",40.0%,4.77," long without wearing them. If you wear them too long, they'll get stretched out.

(The New York Times) -- The best way to prepare for summer is to get out and about. Whether it's going on a picnic, a hiking trip or a bike ride, get out there and start to enjoy life.

(The New York Times) -- On June 16, Palm Beach County became the latest in a series of Florida counties to join a lawsuit against the U.S. Environmental Protection Agency over its Clean Power Plan. The lawsuit, filed in District Judge John C. Bates' court in Miami, seeks to prevent the EPA from allowing the federal government to regulate greenhouse gas emissions from power plants as part of its effort to combat climate change.

(The New York Times) -- The best way to prepare for summer is to get out and about. Whether it's going on a picnic, a hiking trip or a bike ride, get out there and start to enjoy",25.4%,0.123
m-nom,0.3,(Real Simple) -- Here are five great ways to enjoy your summer. Lazing in a hammock is one of the best ways to spend a summer evening. Best way to cut jeans into shorts  -- What better way to declare the start of summer? The key to cutting off jeans is not to go too," crazy. It is a great thing to do. You can easily cut off a lot of denim by sticking to five rules. Laying out a sheet of paper with your work on it, then placing it in front of the sun. If you are working on your work, then put it in front of the sun. Then, you can easily cut your jeans into shorts. Best way to cut jeans into shorts    -- The first rule to cut off jeans    -- The first rule to cut off jeans    -- The first rule to cut a lot of jeans    -- The first rule to cut a lot of jeans    -- The first rule to cut a lot of jeans    -- The first rule to cut a lot of jeans    -- The first rule to cut a lot of jeans    -- The first rule to cut a lot of jeans    -- The first rule to cut a lot of jeans    -- The",57.4%,10.5,"a lot It is a great thing to do. You cut a easily -- The firsta lot off a a lot of of jeans --im a lot a lot -- The first five rules. Laying out a a of first a lota of paper with your work on it a lot a lot of lota lot then placing it of jeans a lot of front of the sun. If you are working on your a lot ofa lot, of jeans -- jeans -- put cut jeans a lot of in front of the a a lot. Then, you jeans -- a lot cut your jeans into shorts Of jeans -- Best way to cut jeans into shorts --  The first cut the a a lot of lot first rule to off -- --a -- off of -- The first -- -- The of jeans -- rule to cut a lot of jeans -- The first cut a of The first rule to cut of jeans --a lot of jeans -- -- The first first rule to cut a lot of jeans -- The first rule to cut of aa lot of jeans -- of jeans -- first a lota lot a lot cut a lot of jeans -- The first rule to cut of jeans --a lot of jeans of jeans -- The first rule to cut a lot of jeans -- The first rule to cut a lot of jeans -- The",29.5%,1.65,". It a lot a a lot lot is off aa great a lot a lot thing to do. You can easily cut off lot ofa off a lot of of of of denim of of jeans by  of firsta lot sticking to five of A rules. Lay a loting out a sheet of paper with your work on a a lot lot it lot first, then placing it in front of the A lot sun. If you are working on your jeans -- cuts work, then put it in front of a lot the sun of a lot off a. The of of ofn, you can easily cut your jeans into short off jeans --s. Best way to cut jeans into shorts -- off a lot of of a lot The first rule to cut off jeans -- The first rule to cut off jeans -- The first . The rule a to cut a lot of a lot jeans -- The first a lot rule to cut a a firsta lot lot of of first jeans -- The A lot of first a lot rule to cut a lot jeans --t of a of jeans of of one -- The first rule of of of to cut of a lot jeans -- a lot of jeans -- The first rule a lot to cut of --s a a lot of jeans a lot -- -- a The of jeans -- first rule of, to cut a lot of of jeans -- jeans -- The first first a a a lot lot rule to cut a lot of of of of jeans -- The",30.9%,2.34,"  . It is thing do . You can cut off lot of denim by sticking to five rules . Laying out sheet of paper with your work on it , placing it in front of sun . If you are working on your work , put it in front of sun . , you can cut your jeans into shorts . way cut jeans into shorts     -- rule cut off jeans     -- rule cut off jeans     -- rule cut lot of jeans     -- rule cut lot of jeans     -- rule cut lot of jeans     -- rule cut lot of jeans     -- rule cut lot of jeans     -- rule cut lot of jeans     -- rule cut lot of jeans     -- The",28.3%,0.962," long without wearing them. If you wear them too long, they'll get stretched out.

(The New York Times) -- The best way to prepare for summer is to get out and about. Whether it's going on a picnic, a hiking trip or a bike ride, get out there and start to enjoy life.

(The New York Times) -- On June 16, Palm Beach County became the latest in a series of Florida counties to join a lawsuit against the U.S. Environmental Protection Agency over its Clean Power Plan. The lawsuit, filed in District Judge John C. Bates' court in Miami, seeks to prevent the EPA from allowing the federal government to regulate greenhouse gas emissions from power plants as part of its effort to combat climate change.

(The New York Times) -- The best way to prepare for summer is to get out and about. Whether it's going on a picnic, a hiking trip or a bike ride, get out there and start to enjoy",25.4%,0.123
m-nom,0.5,(Real Simple) -- Here are five great ways to enjoy your summer. Lazing in a hammock is one of the best ways to spend a summer evening. Best way to cut jeans into shorts  -- What better way to declare the start of summer? The key to cutting off jeans is not to go too," crazy. It is a great thing to do. You can easily cut off a lot of denim by sticking to five rules. Laying out a sheet of paper with your work on it, then placing it in front of the sun. If you are working on your work, then put it in front of the sun. Then, you can easily cut your jeans into shorts. Best way to cut jeans into shorts    -- The first rule to cut off jeans    -- The first rule to cut off jeans    -- The first rule to cut a lot of jeans    -- The first rule to cut a lot of jeans    -- The first rule to cut a lot of jeans    -- The first rule to cut a lot of jeans    -- The first rule to cut a lot of jeans    -- The first rule to cut a lot of jeans    -- The first rule to cut a lot of jeans    -- The",57.4%,10.5,". It The first rule The first rule The first rule great thing to do. You can The The first rule rule The first rule rule cut off  of jeans The The first rule rule The first rulea lot of The first ruleim The first rule sticking to five The first rule A lota lot The first The The first rule ruleing out a lota sheet The first The first rule of jeans The first rule with The first The The first rule The first rule work on it, then placing The first rule in front of jeans -- the sun. The first The first rule first rule The first rule are The The first rule rule first rule The first rule your work, The first rule first rule The The first rule The first rule The first rule in The The first rule rule of the sun. The first rule The first rule The first rule you The first rule first rule easily The first rule The first rule jeans into  The first rule cut jeans -- The first rule The first The first rule lot. Best The first rule The The to The first rule off The The first rule rule The first rule rule cut  The first rule lota lot a The first rule shorts The first rule The first rule to cut of of jeans jeans The first The first rule The The The first rule rule first rule rule to cut off jeans -- The a lot The first rule cut jeans -- jeans -- The first rule a lot a lot jeans -- The first rule to cut a a lot of jeans -- The first a lot to cut a lot of jeans -- The first rule to cut  The first rule lot of jeans -- The first rule to cut a lot of jeans -- The first rule to cut a lot of jeans -- The first rule to cut a lot of jeans -- The",23.6%,-0.589,". It is a lota from a a a great thing a lot to do. l A You a lot a lota alot lot can easily cut off a lot a a a lot a lot lot in a a lot lot aa a lota lot lot of denim by sticking to a lota lot five rules. Lay a a lot loting out a sheet of paper with your work a lot on it, then placing it in front of the sun. If you are working on your a lot bit work, off The then put a a lot lot it in front a a lot away The lot of the sun a lot lot. a lot off Then aa, you can a lot easily cut get aa lot off your jeans into shorts. Best way a a lot lot a lot to cut a away a lot jeans into a lot shorts -- The first rule to cut a lot a lot or off a lot a lot jeans -- a lot The first a lot rule to a away cut off jeans a lot -- a lot The a lot first rule to a a lot lot lot cut a a lot lot a lot a lota of jeans -- a lot The aa aa lot first rule a lot away to cut a lot geta cut up jeans lot of jeans -- The first rule off jeans -- to cut a lot of away a jeans a lot -- The first rule to cut a off a lot of jeans -- The first rule a lota a lot lot to a lot cut a a lot lot of a lot off jeans -- a The first rule to cut off a a lot a of a lot a lot of a lot a lot aa a lot jeans -- a The a lot first rule aa a lot lot to cut a a lot lot a lot get rid of of a lot jeans -- The",25.9%,0.396,"  . It is thing do . You can cut off lot of denim by sticking to five rules . Laying out sheet of paper with your work on it , placing it in front of sun . If you are working on your work , put it in front of sun . , you can cut your jeans into shorts . way cut jeans into shorts     -- rule cut off jeans     -- rule cut off jeans     -- rule cut lot of jeans     -- rule cut lot of jeans     -- rule cut lot of jeans     -- rule cut lot of jeans     -- rule cut lot of jeans     -- rule cut lot of jeans     -- rule cut lot of jeans     -- The",28.3%,0.962," long without wearing them. If you wear them too long, they'll get stretched out.

(The New York Times) -- The best way to prepare for summer is to get out and about. Whether it's going on a picnic, a hiking trip or a bike ride, get out there and start to enjoy life.

(The New York Times) -- On June 16, Palm Beach County became the latest in a series of Florida counties to join a lawsuit against the U.S. Environmental Protection Agency over its Clean Power Plan. The lawsuit, filed in District Judge John C. Bates' court in Miami, seeks to prevent the EPA from allowing the federal government to regulate greenhouse gas emissions from power plants as part of its effort to combat climate change.

(The New York Times) -- The best way to prepare for summer is to get out and about. Whether it's going on a picnic, a hiking trip or a bike ride, get out there and start to enjoy",25.4%,0.123
